[{"model": "admin.logentry", "pk": 1, "fields": {"action_time": "2021-06-18T15:06:49.371", "user": 1, "content_type": 11, "object_id": "1", "object_repr": "TPP", "action_flag": 1, "change_message": "[{\"added\": {}}]"}}, {"model": "admin.logentry", "pk": 2, "fields": {"action_time": "2021-06-18T15:15:20.086", "user": 1, "content_type": 11, "object_id": "1", "object_repr": "TPP", "action_flag": 2, "change_message": "[{\"changed\": {\"fields\": [\"Tand c\", \"Privacy policy\"]}}]"}}, {"model": "admin.logentry", "pk": 3, "fields": {"action_time": "2021-06-21T10:02:58.615", "user": 2, "content_type": 13, "object_id": "1", "object_repr": "SOUP", "action_flag": 1, "change_message": "[{\"added\": {}}]"}}, {"model": "admin.logentry", "pk": 4, "fields": {"action_time": "2021-06-21T10:03:36.737", "user": 2, "content_type": 13, "object_id": "2", "object_repr": "TANDOOR", "action_flag": 1, "change_message": "[{\"added\": {}}]"}}, {"model": "admin.logentry", "pk": 5, "fields": {"action_time": "2021-06-21T10:03:48.476", "user": 2, "content_type": 13, "object_id": "3", "object_repr": "CHINESE", "action_flag": 1, "change_message": "[{\"added\": {}}]"}}, {"model": "admin.logentry", "pk": 6, "fields": {"action_time": "2021-06-21T10:04:14.761", "user": 2, "content_type": 13, "object_id": "4", "object_repr": "ACCOMPANIMTS", "action_flag": 1, "change_message": "[{\"added\": {}}]"}}, {"model": "admin.logentry", "pk": 7, "fields": {"action_time": "2021-06-21T10:04:37.817", "user": 2, "content_type": 13, "object_id": "5", "object_repr": "INDIAN CURRY", "action_flag": 1, "change_message": "[{\"added\": {}}]"}}, {"model": "admin.logentry", "pk": 8, "fields": {"action_time": "2021-06-21T10:04:50.283", "user": 2, "content_type": 13, "object_id": "6", "object_repr": "ROTI", "action_flag": 1, "change_message": "[{\"added\": {}}]"}}, {"model": "admin.logentry", "pk": 9, "fields": {"action_time": "2021-06-21T10:04:55.771", "user": 2, "content_type": 13, "object_id": "7", "object_repr": "RICE", "action_flag": 1, "change_message": "[{\"added\": {}}]"}}, {"model": "admin.logentry", "pk": 10, "fields": {"action_time": "2021-06-21T10:05:02.614", "user": 2, "content_type": 13, "object_id": "8", "object_repr": "BREAD", "action_flag": 1, "change_message": "[{\"added\": {}}]"}}, {"model": "admin.logentry", "pk": 11, "fields": {"action_time": "2021-06-21T10:05:08.495", "user": 2, "content_type": 13, "object_id": "9", "object_repr": "PASTA", "action_flag": 1, "change_message": "[{\"added\": {}}]"}}, {"model": "admin.logentry", "pk": 12, "fields": {"action_time": "2021-06-21T10:05:33.554", "user": 2, "content_type": 13, "object_id": "9", "object_repr": "PASTA AND PIZZA", "action_flag": 2, "change_message": "[{\"changed\": {\"fields\": [\"Title\"]}}]"}}, {"model": "admin.logentry", "pk": 13, "fields": {"action_time": "2021-06-21T10:05:51.002", "user": 2, "content_type": 13, "object_id": "10", "object_repr": "SIZZLER", "action_flag": 1, "change_message": "[{\"added\": {}}]"}}, {"model": "admin.logentry", "pk": 14, "fields": {"action_time": "2021-06-21T10:05:59.818", "user": 2, "content_type": 13, "object_id": "11", "object_repr": "MEXICAN", "action_flag": 1, "change_message": "[{\"added\": {}}]"}}, {"model": "admin.logentry", "pk": 15, "fields": {"action_time": "2021-06-21T10:40:42.009", "user": 2, "content_type": 13, "object_id": "9", "object_repr": "PASTA AND PIZZA", "action_flag": 2, "change_message": "[]"}}, {"model": "admin.logentry", "pk": 16, "fields": {"action_time": "2021-06-21T10:53:46.854", "user": 2, "content_type": 14, "object_id": "1", "object_repr": "LEMON CORIANDER SOUP", "action_flag": 1, "change_message": "[{\"added\": {}}]"}}, {"model": "admin.logentry", "pk": 17, "fields": {"action_time": "2021-06-21T10:55:16.712", "user": 2, "content_type": 14, "object_id": "2", "object_repr": "STREET SIDE MANCHOW SOUP", "action_flag": 1, "change_message": "[{\"added\": {}}]"}}, {"model": "admin.logentry", "pk": 18, "fields": {"action_time": "2021-06-21T10:56:23.702", "user": 2, "content_type": 14, "object_id": "3", "object_repr": "DUM VEG SHORBA", "action_flag": 1, "change_message": "[{\"added\": {}}]"}}, {"model": "admin.logentry", "pk": 19, "fields": {"action_time": "2021-06-21T10:57:18.820", "user": 2, "content_type": 14, "object_id": "4", "object_repr": "DOUBLE BUBBLE SWEET CORN SOUP", "action_flag": 1, "change_message": "[{\"added\": {}}]"}}, {"model": "admin.logentry", "pk": 20, "fields": {"action_time": "2021-06-21T10:57:55.669", "user": 2, "content_type": 14, "object_id": "5", "object_repr": "CREAM OF TOMAMTO SOUP", "action_flag": 1, "change_message": "[{\"added\": {}}]"}}, {"model": "admin.logentry", "pk": 21, "fields": {"action_time": "2021-06-21T10:58:27.189", "user": 2, "content_type": 14, "object_id": "6", "object_repr": "HOT N SOUR SOUP", "action_flag": 1, "change_message": "[{\"added\": {}}]"}}, {"model": "admin.logentry", "pk": 22, "fields": {"action_time": "2021-06-21T10:59:28.869", "user": 2, "content_type": 14, "object_id": "7", "object_repr": "VEG CLEAR SOUP", "action_flag": 1, "change_message": "[{\"added\": {}}]"}}, {"model": "admin.logentry", "pk": 23, "fields": {"action_time": "2021-06-21T10:59:58.567", "user": 2, "content_type": 14, "object_id": "8", "object_repr": "BROCCOLI ALMOND SOUP", "action_flag": 1, "change_message": "[{\"added\": {}}]"}}, {"model": "admin.logentry", "pk": 24, "fields": {"action_time": "2021-06-21T11:01:08.775", "user": 2, "content_type": 14, "object_id": "9", "object_repr": "CHICKEN MANCHOW SOUP", "action_flag": 1, "change_message": "[{\"added\": {}}]"}}, {"model": "admin.logentry", "pk": 25, "fields": {"action_time": "2021-06-21T11:02:17.656", "user": 2, "content_type": 14, "object_id": "10", "object_repr": "CHICKEN SWEET CORN SOUP", "action_flag": 1, "change_message": "[{\"added\": {}}]"}}, {"model": "admin.logentry", "pk": 26, "fields": {"action_time": "2021-06-21T11:03:01.789", "user": 2, "content_type": 14, "object_id": "11", "object_repr": "CHICKEN HOT & SOUR SOUP", "action_flag": 1, "change_message": "[{\"added\": {}}]"}}, {"model": "admin.logentry", "pk": 27, "fields": {"action_time": "2021-06-21T11:03:37.593", "user": 2, "content_type": 14, "object_id": "12", "object_repr": "SEA FOOD SOUP", "action_flag": 1, "change_message": "[{\"added\": {}}]"}}, {"model": "admin.logentry", "pk": 28, "fields": {"action_time": "2021-06-21T11:04:48.844", "user": 2, "content_type": 14, "object_id": "13", "object_repr": "CHICKEN MALANG SHORBA", "action_flag": 1, "change_message": "[{\"added\": {}}]"}}, {"model": "admin.logentry", "pk": 29, "fields": {"action_time": "2021-06-21T11:05:48.222", "user": 2, "content_type": 14, "object_id": "14", "object_repr": "CHICKEN CLEAR SOUP", "action_flag": 1, "change_message": "[{\"added\": {}}]"}}, {"model": "admin.logentry", "pk": 30, "fields": {"action_time": "2021-06-21T11:06:46.626", "user": 2, "content_type": 14, "object_id": "15", "object_repr": "CHICKEN KUNG-FU SOUP", "action_flag": 1, "change_message": "[{\"added\": {}}]"}}, {"model": "admin.logentry", "pk": 31, "fields": {"action_time": "2021-06-21T11:07:20.020", "user": 2, "content_type": 14, "object_id": "16", "object_repr": "CHICKEN TOM YOM SOUP", "action_flag": 1, "change_message": "[{\"added\": {}}]"}}, {"model": "admin.logentry", "pk": 32, "fields": {"action_time": "2021-06-21T11:07:57.940", "user": 2, "content_type": 14, "object_id": "17", "object_repr": "CHICKEN TOM-KHA SOUP", "action_flag": 1, "change_message": "[{\"added\": {}}]"}}, {"model": "admin.logentry", "pk": 33, "fields": {"action_time": "2021-06-21T11:09:48.829", "user": 2, "content_type": 14, "object_id": "18", "object_repr": "SMOKED TANDOORI SOYA CHAAP", "action_flag": 1, "change_message": "[{\"added\": {}}]"}}, {"model": "admin.logentry", "pk": 34, "fields": {"action_time": "2021-06-21T11:10:43.989", "user": 2, "content_type": 14, "object_id": "19", "object_repr": "TANDOORI GRILLED MOMOS", "action_flag": 1, "change_message": "[{\"added\": {}}]"}}, {"model": "admin.logentry", "pk": 35, "fields": {"action_time": "2021-06-21T11:11:45.210", "user": 2, "content_type": 14, "object_id": "20", "object_repr": "TANDOOR ROASTED FRUIT CHAAT", "action_flag": 1, "change_message": "[{\"added\": {}}]"}}, {"model": "admin.logentry", "pk": 36, "fields": {"action_time": "2021-06-21T11:12:16.334", "user": 2, "content_type": 14, "object_id": "21", "object_repr": "OLD STYLE PANEER TIKKA", "action_flag": 1, "change_message": "[{\"added\": {}}]"}}, {"model": "admin.logentry", "pk": 37, "fields": {"action_time": "2021-06-21T11:13:37.223", "user": 2, "content_type": 14, "object_id": "22", "object_repr": "THE PERFECT VEG SEEKH KEBAB", "action_flag": 1, "change_message": "[{\"added\": {}}]"}}, {"model": "admin.logentry", "pk": 38, "fields": {"action_time": "2021-06-21T11:14:09.498", "user": 2, "content_type": 14, "object_id": "23", "object_repr": "PATTE ME LIPTA PANEER", "action_flag": 1, "change_message": "[{\"added\": {}}]"}}, {"model": "admin.logentry", "pk": 39, "fields": {"action_time": "2021-06-21T11:14:38.070", "user": 2, "content_type": 14, "object_id": "24", "object_repr": "FIERY BABY CORN CIGAR", "action_flag": 1, "change_message": "[{\"added\": {}}]"}}, {"model": "admin.logentry", "pk": 40, "fields": {"action_time": "2021-06-21T11:15:51.103", "user": 2, "content_type": 14, "object_id": "25", "object_repr": "MALAI MASALA BROCCOLI", "action_flag": 1, "change_message": "[{\"added\": {}}]"}}, {"model": "admin.logentry", "pk": 41, "fields": {"action_time": "2021-06-21T11:16:35.611", "user": 2, "content_type": 14, "object_id": "26", "object_repr": "METHI MALAI SEEKH KEBAB", "action_flag": 1, "change_message": "[{\"added\": {}}]"}}, {"model": "admin.logentry", "pk": 42, "fields": {"action_time": "2021-06-21T11:17:06.208", "user": 2, "content_type": 14, "object_id": "27", "object_repr": "PANEER SHIKARI", "action_flag": 1, "change_message": "[{\"added\": {}}]"}}, {"model": "admin.logentry", "pk": 43, "fields": {"action_time": "2021-06-21T11:17:34.164", "user": 2, "content_type": 14, "object_id": "28", "object_repr": "PERI PERI PANEER TIKKA", "action_flag": 1, "change_message": "[{\"added\": {}}]"}}, {"model": "admin.logentry", "pk": 44, "fields": {"action_time": "2021-06-21T11:18:14.602", "user": 2, "content_type": 14, "object_id": "29", "object_repr": "PANEER MALAI TIKKA", "action_flag": 1, "change_message": "[{\"added\": {}}]"}}, {"model": "admin.logentry", "pk": 45, "fields": {"action_time": "2021-06-21T11:21:12.503", "user": 2, "content_type": 14, "object_id": "30", "object_repr": "MURGH TOOFANI TIKKA", "action_flag": 1, "change_message": "[{\"added\": {}}]"}}, {"model": "admin.logentry", "pk": 46, "fields": {"action_time": "2021-06-21T11:21:49.083", "user": 2, "content_type": 14, "object_id": "31", "object_repr": "CHICKEN TIKKA KEBAB", "action_flag": 1, "change_message": "[{\"added\": {}}]"}}, {"model": "admin.logentry", "pk": 47, "fields": {"action_time": "2021-06-21T11:22:31.603", "user": 2, "content_type": 14, "object_id": "32", "object_repr": "CHICKEN KALMI KEBAB", "action_flag": 1, "change_message": "[{\"added\": {}}]"}}, {"model": "admin.logentry", "pk": 48, "fields": {"action_time": "2021-06-21T11:23:33.703", "user": 2, "content_type": 14, "object_id": "33", "object_repr": "CHICKEN GARLIC KEBAB", "action_flag": 1, "change_message": "[{\"added\": {}}]"}}, {"model": "admin.logentry", "pk": 49, "fields": {"action_time": "2021-06-21T11:24:11.163", "user": 2, "content_type": 14, "object_id": "34", "object_repr": "CHICKEN SEEKH KEBAB", "action_flag": 1, "change_message": "[{\"added\": {}}]"}}, {"model": "admin.logentry", "pk": 50, "fields": {"action_time": "2021-06-21T11:24:38.275", "user": 2, "content_type": 14, "object_id": "35", "object_repr": "CHICKEN RESHMI KEBAB", "action_flag": 1, "change_message": "[{\"added\": {}}]"}}, {"model": "admin.logentry", "pk": 51, "fields": {"action_time": "2021-06-21T11:25:03.423", "user": 2, "content_type": 14, "object_id": "36", "object_repr": "TANDOORI CHICKEN", "action_flag": 1, "change_message": "[{\"added\": {}}]"}}, {"model": "admin.logentry", "pk": 52, "fields": {"action_time": "2021-06-21T11:25:35.251", "user": 2, "content_type": 14, "object_id": "37", "object_repr": "MUTTON SEEKH KEBAB", "action_flag": 1, "change_message": "[{\"added\": {}}]"}}, {"model": "admin.logentry", "pk": 53, "fields": {"action_time": "2021-06-21T11:26:47.759", "user": 2, "content_type": 14, "object_id": "38", "object_repr": "FISH TIKKA KEBAB", "action_flag": 1, "change_message": "[{\"added\": {}}]"}}, {"model": "admin.logentry", "pk": 54, "fields": {"action_time": "2021-06-21T11:27:47.588", "user": 2, "content_type": 14, "object_id": "39", "object_repr": "DARIYA KE RATAN", "action_flag": 1, "change_message": "[{\"added\": {}}]"}}, {"model": "admin.logentry", "pk": 55, "fields": {"action_time": "2021-06-21T11:28:17.709", "user": 2, "content_type": 14, "object_id": "40", "object_repr": "CHICKEN PLATTER", "action_flag": 1, "change_message": "[{\"added\": {}}]"}}, {"model": "admin.logentry", "pk": 56, "fields": {"action_time": "2021-06-21T11:28:50.284", "user": 2, "content_type": 14, "object_id": "41", "object_repr": "PERI PERI CHICKEN TIKKA", "action_flag": 1, "change_message": "[{\"added\": {}}]"}}, {"model": "admin.logentry", "pk": 57, "fields": {"action_time": "2021-06-21T11:29:42.948", "user": 2, "content_type": 14, "object_id": "42", "object_repr": "CHICKEN MALAI TIKKA", "action_flag": 1, "change_message": "[{\"added\": {}}]"}}, {"model": "admin.logentry", "pk": 58, "fields": {"action_time": "2021-06-21T11:30:09.110", "user": 2, "content_type": 14, "object_id": "43", "object_repr": "LAT PATA MUTTON", "action_flag": 1, "change_message": "[{\"added\": {}}]"}}, {"model": "admin.logentry", "pk": 59, "fields": {"action_time": "2021-06-21T11:30:34.425", "user": 2, "content_type": 14, "object_id": "44", "object_repr": "SHAMI KEBAB", "action_flag": 1, "change_message": "[{\"added\": {}}]"}}, {"model": "admin.logentry", "pk": 60, "fields": {"action_time": "2021-06-21T11:31:06.307", "user": 2, "content_type": 14, "object_id": "45", "object_repr": "DUM KI CHAAP", "action_flag": 1, "change_message": "[{\"added\": {}}]"}}, {"model": "admin.logentry", "pk": 61, "fields": {"action_time": "2021-06-21T11:36:23.513", "user": 2, "content_type": 14, "object_id": "46", "object_repr": "PATRANI PANEER", "action_flag": 1, "change_message": "[{\"added\": {}}]"}}, {"model": "admin.logentry", "pk": 62, "fields": {"action_time": "2021-06-21T11:36:50.283", "user": 2, "content_type": 14, "object_id": "47", "object_repr": "WOK TOSSED MOMOS", "action_flag": 1, "change_message": "[{\"added\": {}}]"}}, {"model": "admin.logentry", "pk": 63, "fields": {"action_time": "2021-06-21T11:37:12.879", "user": 2, "content_type": 14, "object_id": "48", "object_repr": "PITA POCKET FALAFEL BITE", "action_flag": 1, "change_message": "[{\"added\": {}}]"}}, {"model": "admin.logentry", "pk": 64, "fields": {"action_time": "2021-06-21T11:37:43.315", "user": 2, "content_type": 14, "object_id": "49", "object_repr": "PAV BHAJI FONDUE", "action_flag": 1, "change_message": "[{\"added\": {}}]"}}, {"model": "admin.logentry", "pk": 65, "fields": {"action_time": "2021-06-21T11:39:21.783", "user": 2, "content_type": 14, "object_id": "50", "object_repr": "CRISPY CHINESE BHEL", "action_flag": 1, "change_message": "[{\"added\": {}}]"}}, {"model": "admin.logentry", "pk": 66, "fields": {"action_time": "2021-06-21T11:39:49.274", "user": 2, "content_type": 14, "object_id": "51", "object_repr": "PANEER PAPDI ROLL WITH CHUTNEY FOAM", "action_flag": 1, "change_message": "[{\"added\": {}}]"}}, {"model": "admin.logentry", "pk": 67, "fields": {"action_time": "2021-06-21T11:42:11.510", "user": 2, "content_type": 14, "object_id": "52", "object_repr": "CHEESE CORN BALL AND POTATO WEDGES", "action_flag": 1, "change_message": "[{\"added\": {}}]"}}, {"model": "admin.logentry", "pk": 68, "fields": {"action_time": "2021-06-21T11:42:43.090", "user": 2, "content_type": 14, "object_id": "53", "object_repr": "CRISPY HONEY CHILLI POTATO", "action_flag": 1, "change_message": "[{\"added\": {}}]"}}, {"model": "admin.logentry", "pk": 69, "fields": {"action_time": "2021-06-21T11:43:10.348", "user": 2, "content_type": 14, "object_id": "54", "object_repr": "SICHUAN THREAD PANEER", "action_flag": 1, "change_message": "[{\"added\": {}}]"}}, {"model": "admin.logentry", "pk": 70, "fields": {"action_time": "2021-06-21T11:43:43.055", "user": 2, "content_type": 14, "object_id": "55", "object_repr": "SPRING ROLL INDIAN MADE", "action_flag": 1, "change_message": "[{\"added\": {}}]"}}, {"model": "admin.logentry", "pk": 71, "fields": {"action_time": "2021-06-21T11:44:40.662", "user": 2, "content_type": 14, "object_id": "56", "object_repr": "I LIKE PANEER CHILLY DRY", "action_flag": 1, "change_message": "[{\"added\": {}}]"}}, {"model": "admin.logentry", "pk": 72, "fields": {"action_time": "2021-06-21T11:45:19.160", "user": 2, "content_type": 14, "object_id": "57", "object_repr": "INDIANIZED VERSION VEG MANCHURIAN BALL", "action_flag": 1, "change_message": "[{\"added\": {}}]"}}, {"model": "admin.logentry", "pk": 73, "fields": {"action_time": "2021-06-21T14:22:09.008", "user": 2, "content_type": 14, "object_id": "58", "object_repr": "CHICKEN SPRING ROLL", "action_flag": 1, "change_message": "[{\"added\": {}}]"}}, {"model": "admin.logentry", "pk": 74, "fields": {"action_time": "2021-06-21T14:25:09.267", "user": 2, "content_type": 14, "object_id": "59", "object_repr": "CHICKEN 65", "action_flag": 1, "change_message": "[{\"added\": {}}]"}}, {"model": "admin.logentry", "pk": 75, "fields": {"action_time": "2021-06-21T14:26:40.163", "user": 2, "content_type": 14, "object_id": "60", "object_repr": "CHILLI CHICKEN", "action_flag": 1, "change_message": "[{\"added\": {}}]"}}, {"model": "admin.logentry", "pk": 76, "fields": {"action_time": "2021-06-21T14:27:23.895", "user": 2, "content_type": 14, "object_id": "61", "object_repr": "CHICKEN DRUM STICK", "action_flag": 1, "change_message": "[{\"added\": {}}]"}}, {"model": "admin.logentry", "pk": 77, "fields": {"action_time": "2021-06-21T14:31:36.730", "user": 2, "content_type": 14, "object_id": "62", "object_repr": "CHICKEN MANCHURIAN", "action_flag": 1, "change_message": "[{\"added\": {}}]"}}, {"model": "admin.logentry", "pk": 78, "fields": {"action_time": "2021-06-21T14:32:08.968", "user": 2, "content_type": 14, "object_id": "63", "object_repr": "PEPPER CHICKEN", "action_flag": 1, "change_message": "[{\"added\": {}}]"}}, {"model": "admin.logentry", "pk": 79, "fields": {"action_time": "2021-06-21T14:32:52.063", "user": 2, "content_type": 14, "object_id": "64", "object_repr": "APOLLO FISH", "action_flag": 1, "change_message": "[{\"added\": {}}]"}}, {"model": "admin.logentry", "pk": 80, "fields": {"action_time": "2021-06-21T14:34:49.045", "user": 2, "content_type": 14, "object_id": "65", "object_repr": "CHILLI FISH", "action_flag": 1, "change_message": "[{\"added\": {}}]"}}, {"model": "admin.logentry", "pk": 81, "fields": {"action_time": "2021-06-21T14:35:22.609", "user": 2, "content_type": 14, "object_id": "66", "object_repr": "GOLDEN FRIED PRAWNS", "action_flag": 1, "change_message": "[{\"added\": {}}]"}}, {"model": "admin.logentry", "pk": 82, "fields": {"action_time": "2021-06-21T14:35:50.052", "user": 2, "content_type": 14, "object_id": "67", "object_repr": "CHILLI PRAWNS", "action_flag": 1, "change_message": "[{\"added\": {}}]"}}, {"model": "admin.logentry", "pk": 83, "fields": {"action_time": "2021-06-21T14:36:14.033", "user": 2, "content_type": 14, "object_id": "67", "object_repr": "CHILLI PRAWNS", "action_flag": 2, "change_message": "[{\"changed\": {\"fields\": [\"Veg\"]}}]"}}, {"model": "admin.logentry", "pk": 84, "fields": {"action_time": "2021-06-21T14:36:38.775", "user": 2, "content_type": 14, "object_id": "68", "object_repr": "LOOSE PRAWNS", "action_flag": 1, "change_message": "[{\"added\": {}}]"}}, {"model": "admin.logentry", "pk": 85, "fields": {"action_time": "2021-06-21T14:37:44.514", "user": 2, "content_type": 14, "object_id": "69", "object_repr": "EGG SOFT NOODLES", "action_flag": 1, "change_message": "[{\"added\": {}}]"}}, {"model": "admin.logentry", "pk": 86, "fields": {"action_time": "2021-06-21T14:38:33.611", "user": 2, "content_type": 14, "object_id": "70", "object_repr": "CHICKEN HAKKA NOODLES", "action_flag": 1, "change_message": "[{\"added\": {}}]"}}, {"model": "admin.logentry", "pk": 87, "fields": {"action_time": "2021-06-21T14:39:07.762", "user": 2, "content_type": 14, "object_id": "71", "object_repr": "EGG FRIED RICE", "action_flag": 1, "change_message": "[{\"added\": {}}]"}}, {"model": "admin.logentry", "pk": 88, "fields": {"action_time": "2021-06-21T14:39:36.521", "user": 2, "content_type": 14, "object_id": "72", "object_repr": "CHICKEN FRIED RICE", "action_flag": 1, "change_message": "[{\"added\": {}}]"}}, {"model": "admin.logentry", "pk": 89, "fields": {"action_time": "2021-06-21T14:42:06.961", "user": 2, "content_type": 13, "object_id": "12", "object_repr": "RAITA", "action_flag": 1, "change_message": "[{\"added\": {}}]"}}, {"model": "admin.logentry", "pk": 90, "fields": {"action_time": "2021-06-21T14:42:20.323", "user": 2, "content_type": 13, "object_id": "13", "object_repr": "PAPAD", "action_flag": 1, "change_message": "[{\"added\": {}}]"}}, {"model": "admin.logentry", "pk": 91, "fields": {"action_time": "2021-06-21T14:42:25.683", "user": 2, "content_type": 13, "object_id": "14", "object_repr": "SALAD", "action_flag": 1, "change_message": "[{\"added\": {}}]"}}, {"model": "admin.logentry", "pk": 92, "fields": {"action_time": "2021-06-21T14:42:59.712", "user": 2, "content_type": 14, "object_id": "73", "object_repr": "MIXED RAITA", "action_flag": 1, "change_message": "[{\"added\": {}}]"}}, {"model": "admin.logentry", "pk": 93, "fields": {"action_time": "2021-06-21T14:43:23.473", "user": 2, "content_type": 14, "object_id": "74", "object_repr": "PINEAPPLE RAITA", "action_flag": 1, "change_message": "[{\"added\": {}}]"}}, {"model": "admin.logentry", "pk": 94, "fields": {"action_time": "2021-06-21T14:43:42.750", "user": 2, "content_type": 14, "object_id": "75", "object_repr": "CUCUMBER RAITA", "action_flag": 1, "change_message": "[{\"added\": {}}]"}}, {"model": "admin.logentry", "pk": 95, "fields": {"action_time": "2021-06-21T14:45:37.641", "user": 2, "content_type": 14, "object_id": "76", "object_repr": "PLAIN CURD", "action_flag": 1, "change_message": "[{\"added\": {}}]"}}, {"model": "admin.logentry", "pk": 96, "fields": {"action_time": "2021-06-21T14:46:10.312", "user": 2, "content_type": 14, "object_id": "77", "object_repr": "BURANI RAITA", "action_flag": 1, "change_message": "[{\"added\": {}}]"}}, {"model": "admin.logentry", "pk": 97, "fields": {"action_time": "2021-06-21T14:46:44.383", "user": 2, "content_type": 14, "object_id": "78", "object_repr": "ALOO PUDINA RAITA", "action_flag": 1, "change_message": "[{\"added\": {}}]"}}, {"model": "admin.logentry", "pk": 98, "fields": {"action_time": "2021-06-21T14:46:59.051", "user": 2, "content_type": 14, "object_id": "79", "object_repr": "MIX FRUIT RAITA", "action_flag": 1, "change_message": "[{\"added\": {}}]"}}, {"model": "admin.logentry", "pk": 99, "fields": {"action_time": "2021-06-21T14:47:43.761", "user": 2, "content_type": 14, "object_id": "80", "object_repr": "ROASTED", "action_flag": 1, "change_message": "[{\"added\": {}}]"}}, {"model": "admin.logentry", "pk": 100, "fields": {"action_time": "2021-06-21T14:48:39.225", "user": 2, "content_type": 14, "object_id": "81", "object_repr": "MASALA", "action_flag": 1, "change_message": "[{\"added\": {}}]"}}, {"model": "admin.logentry", "pk": 101, "fields": {"action_time": "2021-06-21T14:48:57.061", "user": 2, "content_type": 14, "object_id": "82", "object_repr": "FRIED", "action_flag": 1, "change_message": "[{\"added\": {}}]"}}, {"model": "admin.logentry", "pk": 102, "fields": {"action_time": "2021-06-21T14:49:25.478", "user": 2, "content_type": 14, "object_id": "83", "object_repr": "KHAKRA (PERI PERI/CHEESE/BUTTER PEANUT", "action_flag": 1, "change_message": "[{\"added\": {}}]"}}, {"model": "admin.logentry", "pk": 103, "fields": {"action_time": "2021-06-21T14:49:40.687", "user": 2, "content_type": 14, "object_id": "84", "object_repr": "NAGLI MASALA PAPAD", "action_flag": 1, "change_message": "[{\"added\": {}}]"}}, {"model": "admin.logentry", "pk": 104, "fields": {"action_time": "2021-06-21T14:49:58.275", "user": 2, "content_type": 14, "object_id": "85", "object_repr": "SINDHI PAPAD", "action_flag": 1, "change_message": "[{\"added\": {}}]"}}, {"model": "admin.logentry", "pk": 105, "fields": {"action_time": "2021-06-21T14:50:09.012", "user": 2, "content_type": 14, "object_id": "86", "object_repr": "ROLL PAPAD", "action_flag": 1, "change_message": "[{\"added\": {}}]"}}, {"model": "admin.logentry", "pk": 106, "fields": {"action_time": "2021-06-21T14:50:26.817", "user": 2, "content_type": 14, "object_id": "87", "object_repr": "GREEN SALAD", "action_flag": 1, "change_message": "[{\"added\": {}}]"}}, {"model": "admin.logentry", "pk": 107, "fields": {"action_time": "2021-06-21T14:50:46.092", "user": 2, "content_type": 14, "object_id": "88", "object_repr": "WORLDROF SALAD", "action_flag": 1, "change_message": "[{\"added\": {}}]"}}, {"model": "admin.logentry", "pk": 108, "fields": {"action_time": "2021-06-21T14:51:20.898", "user": 2, "content_type": 14, "object_id": "89", "object_repr": "KACHUMBER SALAD", "action_flag": 1, "change_message": "[{\"added\": {}}]"}}, {"model": "admin.logentry", "pk": 109, "fields": {"action_time": "2021-06-21T14:51:38.133", "user": 2, "content_type": 14, "object_id": "90", "object_repr": "KHIMCHI SALAD", "action_flag": 1, "change_message": "[{\"added\": {}}]"}}, {"model": "admin.logentry", "pk": 110, "fields": {"action_time": "2021-06-21T14:51:48.791", "user": 2, "content_type": 14, "object_id": "91", "object_repr": "RUSSIAN SALAD", "action_flag": 1, "change_message": "[{\"added\": {}}]"}}, {"model": "admin.logentry", "pk": 111, "fields": {"action_time": "2021-06-21T14:52:44.695", "user": 2, "content_type": 14, "object_id": "92", "object_repr": "GREEK SALAD", "action_flag": 1, "change_message": "[{\"added\": {}}]"}}, {"model": "admin.logentry", "pk": 112, "fields": {"action_time": "2021-06-21T14:53:07.377", "user": 2, "content_type": 14, "object_id": "93", "object_repr": "CEASER SALAD NON VEG", "action_flag": 1, "change_message": "[{\"added\": {}}]"}}, {"model": "admin.logentry", "pk": 113, "fields": {"action_time": "2021-06-21T16:23:44.181", "user": 2, "content_type": 14, "object_id": "94", "object_repr": "LASAGNA STYLE PANEER PALAK", "action_flag": 1, "change_message": "[{\"added\": {}}]"}}, {"model": "admin.logentry", "pk": 114, "fields": {"action_time": "2021-06-21T16:26:12.799", "user": 2, "content_type": 14, "object_id": "95", "object_repr": "SCRAMBLED PANEER BHURJI", "action_flag": 1, "change_message": "[{\"added\": {}}]"}}, {"model": "admin.logentry", "pk": 115, "fields": {"action_time": "2021-06-21T16:27:00.759", "user": 2, "content_type": 14, "object_id": "96", "object_repr": "DESI PINDI CHOLE KULCHA", "action_flag": 1, "change_message": "[{\"added\": {}}]"}}, {"model": "admin.logentry", "pk": 116, "fields": {"action_time": "2021-06-21T16:27:41.561", "user": 2, "content_type": 14, "object_id": "97", "object_repr": "BIRMINGHAM BALTI SABZI", "action_flag": 1, "change_message": "[{\"added\": {}}]"}}, {"model": "admin.logentry", "pk": 117, "fields": {"action_time": "2021-06-21T16:28:11.047", "user": 2, "content_type": 14, "object_id": "98", "object_repr": "BHARNI WALA DUM ALOO PUNJABI", "action_flag": 1, "change_message": "[{\"added\": {}}]"}}, {"model": "admin.logentry", "pk": 118, "fields": {"action_time": "2021-06-21T16:28:50.295", "user": 2, "content_type": 14, "object_id": "99", "object_repr": "MAKHMALI KOFTA CURRY", "action_flag": 1, "change_message": "[{\"added\": {}}]"}}, {"model": "admin.logentry", "pk": 119, "fields": {"action_time": "2021-06-21T16:29:28.809", "user": 2, "content_type": 14, "object_id": "100", "object_repr": "DELHI PLACE PANEER", "action_flag": 1, "change_message": "[{\"added\": {}}]"}}, {"model": "admin.logentry", "pk": 120, "fields": {"action_time": "2021-06-21T16:29:55.918", "user": 2, "content_type": 14, "object_id": "101", "object_repr": "FRESH VEGETABLE JALFREZI", "action_flag": 1, "change_message": "[{\"added\": {}}]"}}, {"model": "admin.logentry", "pk": 121, "fields": {"action_time": "2021-06-21T16:32:32.114", "user": 2, "content_type": 14, "object_id": "102", "object_repr": "PANEER MUTTER SAAG", "action_flag": 1, "change_message": "[{\"added\": {}}]"}}, {"model": "admin.logentry", "pk": 122, "fields": {"action_time": "2021-06-21T16:32:56.402", "user": 2, "content_type": 14, "object_id": "103", "object_repr": "DESI MALAI KOFTA", "action_flag": 1, "change_message": "[{\"added\": {}}]"}}, {"model": "admin.logentry", "pk": 123, "fields": {"action_time": "2021-06-21T16:35:26.853", "user": 2, "content_type": 14, "object_id": "104", "object_repr": "SMOKED PANEER MAKHAN WALA", "action_flag": 1, "change_message": "[{\"added\": {}}]"}}, {"model": "admin.logentry", "pk": 124, "fields": {"action_time": "2021-06-21T16:35:55.081", "user": 2, "content_type": 14, "object_id": "105", "object_repr": "RAJWADA STYLE VEG KADAI SABZI", "action_flag": 1, "change_message": "[{\"added\": {}}]"}}, {"model": "admin.logentry", "pk": 125, "fields": {"action_time": "2021-06-21T16:38:09.416", "user": 2, "content_type": 14, "object_id": "106", "object_repr": "SPINACH AND VEGETABLE MIX ROULADE", "action_flag": 1, "change_message": "[{\"added\": {}}]"}}, {"model": "admin.logentry", "pk": 126, "fields": {"action_time": "2021-06-21T16:38:49.086", "user": 2, "content_type": 14, "object_id": "107", "object_repr": "DUM PANEER KALIMIRCH KADAI", "action_flag": 1, "change_message": "[{\"added\": {}}]"}}, {"model": "admin.logentry", "pk": 127, "fields": {"action_time": "2021-06-21T16:39:17.049", "user": 2, "content_type": 14, "object_id": "108", "object_repr": "DON'T MESS WITH SABZI KOLHAPURI", "action_flag": 1, "change_message": "[{\"added\": {}}]"}}, {"model": "admin.logentry", "pk": 128, "fields": {"action_time": "2021-06-21T16:39:44.554", "user": 2, "content_type": 14, "object_id": "109", "object_repr": "PTM- KARO", "action_flag": 1, "change_message": "[{\"added\": {}}]"}}, {"model": "admin.logentry", "pk": 129, "fields": {"action_time": "2021-06-21T16:42:26.687", "user": 2, "content_type": 14, "object_id": "110", "object_repr": "SPECIAL CHICKEN CURRY", "action_flag": 1, "change_message": "[{\"added\": {}}]"}}, {"model": "admin.logentry", "pk": 130, "fields": {"action_time": "2021-06-21T16:42:46.577", "user": 2, "content_type": 14, "object_id": "111", "object_repr": "CHICKEN TIKKA MASALA", "action_flag": 1, "change_message": "[{\"added\": {}}]"}}, {"model": "admin.logentry", "pk": 131, "fields": {"action_time": "2021-06-21T16:43:31.648", "user": 2, "content_type": 14, "object_id": "112", "object_repr": "KADAI CHICKEN", "action_flag": 1, "change_message": "[{\"added\": {}}]"}}, {"model": "admin.logentry", "pk": 132, "fields": {"action_time": "2021-06-21T16:44:14.840", "user": 2, "content_type": 14, "object_id": "112", "object_repr": "KADAI CHICKEN", "action_flag": 2, "change_message": "[{\"changed\": {\"fields\": [\"Veg\"]}}]"}}, {"model": "admin.logentry", "pk": 133, "fields": {"action_time": "2021-06-21T16:45:58.098", "user": 2, "content_type": 14, "object_id": "113", "object_repr": "CHICKEN NAWABI", "action_flag": 1, "change_message": "[{\"added\": {}}]"}}, {"model": "admin.logentry", "pk": 134, "fields": {"action_time": "2021-06-21T16:46:53.318", "user": 2, "content_type": 14, "object_id": "114", "object_repr": "CHICKEN KANDHARI", "action_flag": 1, "change_message": "[{\"added\": {}}]"}}, {"model": "admin.logentry", "pk": 135, "fields": {"action_time": "2021-06-21T16:48:20.113", "user": 2, "content_type": 14, "object_id": "115", "object_repr": "CHICKEN CURRY", "action_flag": 1, "change_message": "[{\"added\": {}}]"}}, {"model": "admin.logentry", "pk": 136, "fields": {"action_time": "2021-06-21T16:49:17.833", "user": 2, "content_type": 14, "object_id": "116", "object_repr": "CHICKEN CHILLI MASALA", "action_flag": 1, "change_message": "[{\"added\": {}}]"}}, {"model": "admin.logentry", "pk": 137, "fields": {"action_time": "2021-06-21T16:52:29.757", "user": 2, "content_type": 14, "object_id": "117", "object_repr": "CHICKEN MASALA", "action_flag": 1, "change_message": "[{\"added\": {}}]"}}, {"model": "admin.logentry", "pk": 138, "fields": {"action_time": "2021-06-21T16:53:17.403", "user": 2, "content_type": 14, "object_id": "118", "object_repr": "TANDOORI CHICKEN MASALA", "action_flag": 1, "change_message": "[{\"added\": {}}]"}}, {"model": "admin.logentry", "pk": 139, "fields": {"action_time": "2021-06-21T16:56:36.784", "user": 2, "content_type": 14, "object_id": "119", "object_repr": "BUTTER CHICKEN BONELESS", "action_flag": 1, "change_message": "[{\"added\": {}}]"}}, {"model": "admin.logentry", "pk": 140, "fields": {"action_time": "2021-06-21T16:57:24.407", "user": 2, "content_type": 14, "object_id": "120", "object_repr": "MUTTON ROGAN JOSH", "action_flag": 1, "change_message": "[{\"added\": {}}]"}}, {"model": "admin.logentry", "pk": 141, "fields": {"action_time": "2021-06-21T16:58:11.434", "user": 2, "content_type": 14, "object_id": "121", "object_repr": "KADAI GOSHT", "action_flag": 1, "change_message": "[{\"added\": {}}]"}}, {"model": "admin.logentry", "pk": 142, "fields": {"action_time": "2021-06-21T16:58:44.257", "user": 2, "content_type": 14, "object_id": "122", "object_repr": "MUTTON TIKKA MASALA", "action_flag": 1, "change_message": "[{\"added\": {}}]"}}, {"model": "admin.logentry", "pk": 143, "fields": {"action_time": "2021-06-21T16:59:26.164", "user": 2, "content_type": 14, "object_id": "123", "object_repr": "MUTTON MASALA", "action_flag": 1, "change_message": "[{\"added\": {}}]"}}, {"model": "admin.logentry", "pk": 144, "fields": {"action_time": "2021-06-21T16:59:56.999", "user": 2, "content_type": 14, "object_id": "124", "object_repr": "KHEEMA MASALA", "action_flag": 1, "change_message": "[{\"added\": {}}]"}}, {"model": "admin.logentry", "pk": 145, "fields": {"action_time": "2021-06-21T17:02:20.263", "user": 2, "content_type": 14, "object_id": "125", "object_repr": "FISH MASALA", "action_flag": 1, "change_message": "[{\"added\": {}}]"}}, {"model": "admin.logentry", "pk": 146, "fields": {"action_time": "2021-06-21T17:02:47.855", "user": 2, "content_type": 14, "object_id": "126", "object_repr": "PRAWNS MASALA", "action_flag": 1, "change_message": "[{\"added\": {}}]"}}, {"model": "admin.logentry", "pk": 147, "fields": {"action_time": "2021-06-21T17:03:06.746", "user": 2, "content_type": 14, "object_id": "126", "object_repr": "PRAWNS MASALA", "action_flag": 2, "change_message": "[{\"changed\": {\"fields\": [\"Veg\"]}}]"}}, {"model": "admin.logentry", "pk": 148, "fields": {"action_time": "2021-06-21T17:03:36.945", "user": 2, "content_type": 14, "object_id": "127", "object_repr": "EGG MASALA", "action_flag": 1, "change_message": "[{\"added\": {}}]"}}, {"model": "admin.logentry", "pk": 149, "fields": {"action_time": "2021-06-21T17:14:52.676", "user": 2, "content_type": 14, "object_id": "128", "object_repr": "WILD MUSHROOM KULCHA", "action_flag": 1, "change_message": "[{\"added\": {}}]"}}, {"model": "admin.logentry", "pk": 150, "fields": {"action_time": "2021-06-21T17:15:19.581", "user": 2, "content_type": 14, "object_id": "129", "object_repr": "DESI CHEESE GARLIC PARATHA", "action_flag": 1, "change_message": "[{\"added\": {}}]"}}, {"model": "admin.logentry", "pk": 151, "fields": {"action_time": "2021-06-21T17:15:47.110", "user": 2, "content_type": 14, "object_id": "130", "object_repr": "AMRITSARI PUNJABI KULCHA", "action_flag": 1, "change_message": "[{\"added\": {}}]"}}, {"model": "admin.logentry", "pk": 152, "fields": {"action_time": "2021-06-21T17:16:14.870", "user": 2, "content_type": 14, "object_id": "131", "object_repr": "STUFFED VEGETABLE PARATHA", "action_flag": 1, "change_message": "[{\"added\": {}}]"}}, {"model": "admin.logentry", "pk": 153, "fields": {"action_time": "2021-06-21T17:16:41.876", "user": 2, "content_type": 14, "object_id": "132", "object_repr": "PESTO PARATHA", "action_flag": 1, "change_message": "[{\"added\": {}}]"}}, {"model": "admin.logentry", "pk": 154, "fields": {"action_time": "2021-06-21T17:17:12.510", "user": 2, "content_type": 14, "object_id": "133", "object_repr": "ATTE KI ROTI", "action_flag": 1, "change_message": "[{\"added\": {}}]"}}, {"model": "admin.logentry", "pk": 155, "fields": {"action_time": "2021-06-21T17:27:19.530", "user": 2, "content_type": 14, "object_id": "134", "object_repr": "ATTE KI BUTTER ROTI", "action_flag": 1, "change_message": "[{\"added\": {}}]"}}, {"model": "admin.logentry", "pk": 156, "fields": {"action_time": "2021-06-21T17:28:20.200", "user": 2, "content_type": 14, "object_id": "135", "object_repr": "ENGLAND KA NAAN", "action_flag": 1, "change_message": "[{\"added\": {}}]"}}, {"model": "admin.logentry", "pk": 157, "fields": {"action_time": "2021-06-21T17:29:14.974", "user": 2, "content_type": 14, "object_id": "136", "object_repr": "DILLI KA ALOO PARATHA", "action_flag": 1, "change_message": "[{\"added\": {}}]"}}, {"model": "admin.logentry", "pk": 158, "fields": {"action_time": "2021-06-21T17:29:39.615", "user": 2, "content_type": 14, "object_id": "137", "object_repr": "LASUNI THECHA KA NAAN", "action_flag": 1, "change_message": "[{\"added\": {}}]"}}, {"model": "admin.logentry", "pk": 159, "fields": {"action_time": "2021-06-21T17:30:05.985", "user": 2, "content_type": 14, "object_id": "138", "object_repr": "BUTTER NAAN", "action_flag": 1, "change_message": "[{\"added\": {}}]"}}, {"model": "admin.logentry", "pk": 160, "fields": {"action_time": "2021-06-21T17:30:37.122", "user": 2, "content_type": 14, "object_id": "139", "object_repr": "LACHCHA PARATHA", "action_flag": 1, "change_message": "[{\"added\": {}}]"}}, {"model": "admin.logentry", "pk": 161, "fields": {"action_time": "2021-06-21T17:31:02.146", "user": 2, "content_type": 14, "object_id": "140", "object_repr": "LACHCHA GARLIC NAAN", "action_flag": 1, "change_message": "[{\"added\": {}}]"}}, {"model": "admin.logentry", "pk": 162, "fields": {"action_time": "2021-06-22T15:22:27.589", "user": 2, "content_type": 13, "object_id": "15", "object_repr": "DAAL", "action_flag": 1, "change_message": "[{\"added\": {}}]"}}, {"model": "admin.logentry", "pk": 163, "fields": {"action_time": "2021-06-22T15:26:57.071", "user": 2, "content_type": 14, "object_id": "141", "object_repr": "LAGAN KI DAL MAKHANI", "action_flag": 1, "change_message": "[{\"added\": {}}]"}}, {"model": "admin.logentry", "pk": 164, "fields": {"action_time": "2021-06-22T15:27:23.296", "user": 2, "content_type": 14, "object_id": "142", "object_repr": "DAL FRY", "action_flag": 1, "change_message": "[{\"added\": {}}]"}}, {"model": "admin.logentry", "pk": 165, "fields": {"action_time": "2021-06-22T15:27:50.150", "user": 2, "content_type": 14, "object_id": "143", "object_repr": "DAL DOUBLE TADKA", "action_flag": 1, "change_message": "[{\"added\": {}}]"}}, {"model": "admin.logentry", "pk": 166, "fields": {"action_time": "2021-06-22T15:28:24.640", "user": 2, "content_type": 14, "object_id": "144", "object_repr": "BAGICHE WALI BIRYANI", "action_flag": 1, "change_message": "[{\"added\": {}}]"}}, {"model": "admin.logentry", "pk": 167, "fields": {"action_time": "2021-06-22T15:28:48.785", "user": 2, "content_type": 14, "object_id": "145", "object_repr": "DUM BIRYANI", "action_flag": 1, "change_message": "[{\"added\": {}}]"}}, {"model": "admin.logentry", "pk": 168, "fields": {"action_time": "2021-06-22T15:30:31.671", "user": 2, "content_type": 14, "object_id": "146", "object_repr": "ZAFFRANI PULAO", "action_flag": 1, "change_message": "[{\"added\": {}}]"}}, {"model": "admin.logentry", "pk": 169, "fields": {"action_time": "2021-06-22T15:30:53.851", "user": 2, "content_type": 14, "object_id": "147", "object_repr": "SAFED CHAWAL", "action_flag": 1, "change_message": "[{\"added\": {}}]"}}, {"model": "admin.logentry", "pk": 170, "fields": {"action_time": "2021-06-22T15:31:19.554", "user": 2, "content_type": 14, "object_id": "148", "object_repr": "JEERA RICE", "action_flag": 1, "change_message": "[{\"added\": {}}]"}}, {"model": "admin.logentry", "pk": 171, "fields": {"action_time": "2021-06-22T15:32:04.595", "user": 2, "content_type": 14, "object_id": "149", "object_repr": "CHICKEN BIRYANI", "action_flag": 1, "change_message": "[{\"added\": {}}]"}}, {"model": "admin.logentry", "pk": 172, "fields": {"action_time": "2021-06-22T15:32:48.102", "user": 2, "content_type": 14, "object_id": "150", "object_repr": "MUTTON BIRYANI", "action_flag": 1, "change_message": "[{\"added\": {}}]"}}, {"model": "admin.logentry", "pk": 173, "fields": {"action_time": "2021-06-22T15:33:17.829", "user": 2, "content_type": 14, "object_id": "151", "object_repr": "EGG BIRYANI", "action_flag": 1, "change_message": "[{\"added\": {}}]"}}, {"model": "admin.logentry", "pk": 174, "fields": {"action_time": "2021-06-22T15:33:48.749", "user": 2, "content_type": 14, "object_id": "152", "object_repr": "CHICKEN TIKKA BIRYANI", "action_flag": 1, "change_message": "[{\"added\": {}}]"}}, {"model": "admin.logentry", "pk": 175, "fields": {"action_time": "2021-06-22T19:48:27.885", "user": 2, "content_type": 14, "object_id": "153", "object_repr": "FRENCH FRIES", "action_flag": 1, "change_message": "[{\"added\": {}}]"}}, {"model": "admin.logentry", "pk": 176, "fields": {"action_time": "2021-06-22T19:49:02.481", "user": 2, "content_type": 14, "object_id": "154", "object_repr": "PERI PERI FRENCH FRIES", "action_flag": 1, "change_message": "[{\"added\": {}}]"}}, {"model": "admin.logentry", "pk": 177, "fields": {"action_time": "2021-06-22T19:50:11.296", "user": 2, "content_type": 14, "object_id": "155", "object_repr": "VEGGIE BURGER", "action_flag": 1, "change_message": "[{\"added\": {}}]"}}, {"model": "admin.logentry", "pk": 178, "fields": {"action_time": "2021-06-22T19:50:35.285", "user": 2, "content_type": 14, "object_id": "156", "object_repr": "CHEESE BURGER", "action_flag": 1, "change_message": "[{\"added\": {}}]"}}, {"model": "admin.logentry", "pk": 179, "fields": {"action_time": "2021-06-22T19:50:57.472", "user": 2, "content_type": 14, "object_id": "157", "object_repr": "GARLIC BREAD", "action_flag": 1, "change_message": "[{\"added\": {}}]"}}, {"model": "admin.logentry", "pk": 180, "fields": {"action_time": "2021-06-22T19:51:20.601", "user": 2, "content_type": 14, "object_id": "158", "object_repr": "CHEESE GARLIC BREAD", "action_flag": 1, "change_message": "[{\"added\": {}}]"}}, {"model": "admin.logentry", "pk": 181, "fields": {"action_time": "2021-06-22T19:52:04.149", "user": 2, "content_type": 14, "object_id": "159", "object_repr": "SUPREM GARLIC BREAD", "action_flag": 1, "change_message": "[{\"added\": {}}]"}}, {"model": "admin.logentry", "pk": 182, "fields": {"action_time": "2021-06-22T19:53:14.981", "user": 2, "content_type": 14, "object_id": "160", "object_repr": "VEG GRILLED SANDWICH", "action_flag": 1, "change_message": "[{\"added\": {}}]"}}, {"model": "admin.logentry", "pk": 183, "fields": {"action_time": "2021-06-22T19:53:51.537", "user": 2, "content_type": 14, "object_id": "161", "object_repr": "VEG CHEESE GRILLED SANDWICH", "action_flag": 1, "change_message": "[{\"added\": {}}]"}}, {"model": "admin.logentry", "pk": 184, "fields": {"action_time": "2021-06-22T19:54:17.767", "user": 2, "content_type": 14, "object_id": "162", "object_repr": "PANEER TIKKA SANDWICH", "action_flag": 1, "change_message": "[{\"added\": {}}]"}}, {"model": "admin.logentry", "pk": 185, "fields": {"action_time": "2021-06-22T19:55:24.109", "user": 2, "content_type": 14, "object_id": "163", "object_repr": "ITALIANO X-TRA CHEESE PASTA", "action_flag": 1, "change_message": "[{\"added\": {}}]"}}, {"model": "admin.logentry", "pk": 186, "fields": {"action_time": "2021-06-22T19:55:49.127", "user": 2, "content_type": 14, "object_id": "164", "object_repr": "MAMMA MIA! PASTA AL- FUNGI", "action_flag": 1, "change_message": "[{\"added\": {}}]"}}, {"model": "admin.logentry", "pk": 187, "fields": {"action_time": "2021-06-22T19:56:15.334", "user": 2, "content_type": 14, "object_id": "165", "object_repr": "BRITISH CAFÉ SPAGHETTI ALPOMODORO", "action_flag": 1, "change_message": "[{\"added\": {}}]"}}, {"model": "admin.logentry", "pk": 188, "fields": {"action_time": "2021-06-22T19:56:39.032", "user": 2, "content_type": 14, "object_id": "166", "object_repr": "OUR HOUSE HIP-HOP PENNE ARRABIATA", "action_flag": 1, "change_message": "[{\"added\": {}}]"}}, {"model": "admin.logentry", "pk": 189, "fields": {"action_time": "2021-06-22T19:57:08.216", "user": 2, "content_type": 14, "object_id": "167", "object_repr": "MAC N CHEESE", "action_flag": 1, "change_message": "[{\"added\": {}}]"}}, {"model": "admin.logentry", "pk": 190, "fields": {"action_time": "2021-06-22T19:59:04.558", "user": 2, "content_type": 14, "object_id": "168", "object_repr": "SPAGHETTI BOLOGNESE", "action_flag": 1, "change_message": "[{\"added\": {}}]"}}, {"model": "admin.logentry", "pk": 191, "fields": {"action_time": "2021-06-22T19:59:30.814", "user": 2, "content_type": 14, "object_id": "169", "object_repr": "CHICKEN CARBONARA", "action_flag": 1, "change_message": "[{\"added\": {}}]"}}, {"model": "admin.logentry", "pk": 192, "fields": {"action_time": "2021-06-22T20:00:24.984", "user": 2, "content_type": 14, "object_id": "168", "object_repr": "SPAGHETTI BOLOGNESE", "action_flag": 2, "change_message": "[{\"changed\": {\"fields\": [\"Veg\"]}}]"}}, {"model": "admin.logentry", "pk": 193, "fields": {"action_time": "2021-06-22T20:00:50.861", "user": 2, "content_type": 14, "object_id": "169", "object_repr": "CHICKEN CARBONARA", "action_flag": 2, "change_message": "[]"}}, {"model": "admin.logentry", "pk": 194, "fields": {"action_time": "2021-06-22T20:01:19.748", "user": 2, "content_type": 14, "object_id": "170", "object_repr": "CHICKEN LASAGNE", "action_flag": 1, "change_message": "[{\"added\": {}}]"}}, {"model": "admin.logentry", "pk": 195, "fields": {"action_time": "2021-06-22T20:02:13.331", "user": 2, "content_type": 14, "object_id": "171", "object_repr": "PESTO CHICKEN PASTA", "action_flag": 1, "change_message": "[{\"added\": {}}]"}}, {"model": "admin.logentry", "pk": 196, "fields": {"action_time": "2021-06-22T20:02:26.676", "user": 2, "content_type": 14, "object_id": "171", "object_repr": "PESTO CHICKEN PASTA", "action_flag": 2, "change_message": "[{\"changed\": {\"fields\": [\"Veg\"]}}]"}}, {"model": "admin.logentry", "pk": 197, "fields": {"action_time": "2021-06-23T09:27:25.898", "user": 2, "content_type": 14, "object_id": "172", "object_repr": "CHICKEN ALA'KING", "action_flag": 1, "change_message": "[{\"added\": {}}]"}}, {"model": "admin.logentry", "pk": 198, "fields": {"action_time": "2021-06-23T09:28:05.948", "user": 2, "content_type": 14, "object_id": "173", "object_repr": "FISH CUTLET", "action_flag": 1, "change_message": "[{\"added\": {}}]"}}, {"model": "admin.logentry", "pk": 199, "fields": {"action_time": "2021-06-23T09:28:41.551", "user": 2, "content_type": 14, "object_id": "174", "object_repr": "FISH FINGER", "action_flag": 1, "change_message": "[{\"added\": {}}]"}}, {"model": "admin.logentry", "pk": 200, "fields": {"action_time": "2021-06-23T10:47:04.081", "user": 2, "content_type": 14, "object_id": "175", "object_repr": "GRILLED FISH (2 FILLET)", "action_flag": 1, "change_message": "[{\"added\": {}}]"}}, {"model": "admin.logentry", "pk": 201, "fields": {"action_time": "2021-06-23T10:47:47.540", "user": 2, "content_type": 14, "object_id": "176", "object_repr": "CHICKEN CUTLET", "action_flag": 1, "change_message": "[{\"added\": {}}]"}}, {"model": "admin.logentry", "pk": 202, "fields": {"action_time": "2021-06-23T10:48:16.109", "user": 2, "content_type": 14, "object_id": "177", "object_repr": "EAST MEETS WEST", "action_flag": 1, "change_message": "[{\"added\": {}}]"}}, {"model": "admin.logentry", "pk": 203, "fields": {"action_time": "2021-06-23T10:48:39.204", "user": 2, "content_type": 14, "object_id": "178", "object_repr": "HALF TICKET TO ITALY", "action_flag": 1, "change_message": "[{\"added\": {}}]"}}, {"model": "admin.logentry", "pk": 204, "fields": {"action_time": "2021-06-23T10:49:05.473", "user": 2, "content_type": 14, "object_id": "179", "object_repr": "BRAZILIANO", "action_flag": 1, "change_message": "[{\"added\": {}}]"}}, {"model": "admin.logentry", "pk": 205, "fields": {"action_time": "2021-06-23T11:37:34.211", "user": 2, "content_type": 14, "object_id": "180", "object_repr": "COUNTRY SIDE CELEBRATION", "action_flag": 1, "change_message": "[{\"added\": {}}]"}}, {"model": "admin.logentry", "pk": 206, "fields": {"action_time": "2021-06-23T11:45:28.007", "user": 2, "content_type": 14, "object_id": "181", "object_repr": "CHILLI GARLIC PIZZA TOPPED WITH CILANTRO", "action_flag": 1, "change_message": "[{\"added\": {}}]"}}, {"model": "admin.logentry", "pk": 207, "fields": {"action_time": "2021-06-23T11:46:02.544", "user": 2, "content_type": 14, "object_id": "182", "object_repr": "CLASSIC MARGHERITA", "action_flag": 1, "change_message": "[{\"added\": {}}]"}}, {"model": "admin.logentry", "pk": 208, "fields": {"action_time": "2021-06-23T11:47:42.248", "user": 2, "content_type": 14, "object_id": "183", "object_repr": "CHEESE MASALA MACARONI PIZZA", "action_flag": 1, "change_message": "[{\"added\": {}}]"}}, {"model": "admin.logentry", "pk": 209, "fields": {"action_time": "2021-06-23T13:07:07.968", "user": 2, "content_type": 14, "object_id": "184", "object_repr": "CHICKEN TIKKA PIZZA", "action_flag": 1, "change_message": "[{\"added\": {}}]"}}, {"model": "admin.logentry", "pk": 210, "fields": {"action_time": "2021-06-23T13:07:48.181", "user": 2, "content_type": 14, "object_id": "185", "object_repr": "MEAT BALL PIZZA", "action_flag": 1, "change_message": "[{\"added\": {}}]"}}, {"model": "admin.logentry", "pk": 211, "fields": {"action_time": "2021-06-23T13:08:22.461", "user": 2, "content_type": 14, "object_id": "186", "object_repr": "LOADED CHICKEN PIZZA", "action_flag": 1, "change_message": "[{\"added\": {}}]"}}, {"model": "admin.logentry", "pk": 212, "fields": {"action_time": "2021-06-23T13:14:19.688", "user": 2, "content_type": 14, "object_id": "187", "object_repr": "TEX-MEX SPECIAL TRIPLE RICE SIZZLER", "action_flag": 1, "change_message": "[{\"added\": {}}]"}}, {"model": "admin.logentry", "pk": 213, "fields": {"action_time": "2021-06-23T13:21:31.223", "user": 2, "content_type": 14, "object_id": "188", "object_repr": "PATIALA HOUSE", "action_flag": 1, "change_message": "[{\"added\": {}}]"}}, {"model": "admin.logentry", "pk": 214, "fields": {"action_time": "2021-06-23T13:22:48.168", "user": 2, "content_type": 14, "object_id": "189", "object_repr": "MASTER SPOON SPECIAL", "action_flag": 1, "change_message": "[{\"added\": {}}]"}}, {"model": "admin.logentry", "pk": 215, "fields": {"action_time": "2021-06-23T13:25:35.794", "user": 2, "content_type": 14, "object_id": "190", "object_repr": "GARDEN FRESH SIZZLER", "action_flag": 1, "change_message": "[{\"added\": {}}]"}}, {"model": "admin.logentry", "pk": 216, "fields": {"action_time": "2021-06-23T13:26:27.627", "user": 2, "content_type": 14, "object_id": "191", "object_repr": "PEPPER MUSHROOM SIZZLER", "action_flag": 1, "change_message": "[{\"added\": {}}]"}}, {"model": "admin.logentry", "pk": 217, "fields": {"action_time": "2021-06-23T13:32:00.159", "user": 2, "content_type": 14, "object_id": "192", "object_repr": "MEXICAN SIZZLER", "action_flag": 1, "change_message": "[{\"added\": {}}]"}}, {"model": "admin.logentry", "pk": 218, "fields": {"action_time": "2021-06-23T13:32:27.345", "user": 2, "content_type": 14, "object_id": "193", "object_repr": "CHICKEN SHIKARI TIKKA SIZZLER", "action_flag": 1, "change_message": "[{\"added\": {}}]"}}, {"model": "admin.logentry", "pk": 219, "fields": {"action_time": "2021-06-23T13:32:55.597", "user": 2, "content_type": 14, "object_id": "194", "object_repr": "ASSORTED  KEBAB SIZZLER", "action_flag": 1, "change_message": "[{\"added\": {}}]"}}, {"model": "admin.logentry", "pk": 220, "fields": {"action_time": "2021-06-23T13:33:59.988", "user": 2, "content_type": 14, "object_id": "195", "object_repr": "CHILLI CHICKEN SIZZLER", "action_flag": 1, "change_message": "[{\"added\": {}}]"}}, {"model": "admin.logentry", "pk": 221, "fields": {"action_time": "2021-06-23T13:34:18.333", "user": 2, "content_type": 14, "object_id": "196", "object_repr": "SAMUNDARI SIZZLER", "action_flag": 1, "change_message": "[{\"added\": {}}]"}}, {"model": "admin.logentry", "pk": 222, "fields": {"action_time": "2021-06-23T13:35:48.228", "user": 2, "content_type": 14, "object_id": "197", "object_repr": "NACHOS", "action_flag": 1, "change_message": "[{\"added\": {}}]"}}, {"model": "admin.logentry", "pk": 223, "fields": {"action_time": "2021-06-23T13:38:02.942", "user": 2, "content_type": 14, "object_id": "198", "object_repr": "TACOS - VEG", "action_flag": 1, "change_message": "[{\"added\": {}}]"}}, {"model": "admin.logentry", "pk": 224, "fields": {"action_time": "2021-06-23T13:42:38.142", "user": 2, "content_type": 14, "object_id": "199", "object_repr": "TACOS - NON - VEG", "action_flag": 1, "change_message": "[{\"added\": {}}]"}}, {"model": "admin.logentry", "pk": 225, "fields": {"action_time": "2021-06-23T13:44:05.903", "user": 2, "content_type": 14, "object_id": "200", "object_repr": "BURRITOS", "action_flag": 1, "change_message": "[{\"added\": {}}]"}}, {"model": "admin.logentry", "pk": 226, "fields": {"action_time": "2021-06-23T13:44:28.294", "user": 2, "content_type": 14, "object_id": "201", "object_repr": "FALAFAL", "action_flag": 1, "change_message": "[{\"added\": {}}]"}}, {"model": "admin.logentry", "pk": 227, "fields": {"action_time": "2021-06-23T13:44:56.680", "user": 2, "content_type": 14, "object_id": "202", "object_repr": "FALLAFAL WRAP", "action_flag": 1, "change_message": "[{\"added\": {}}]"}}, {"model": "admin.logentry", "pk": 228, "fields": {"action_time": "2021-06-23T14:55:00.930", "user": 2, "content_type": 14, "object_id": "2", "object_repr": "STREET SIDE MANCHOW SOUP", "action_flag": 2, "change_message": "[{\"changed\": {\"fields\": [\"Price\"]}}]"}}, {"model": "admin.logentry", "pk": 229, "fields": {"action_time": "2021-06-23T14:55:48.840", "user": 2, "content_type": 14, "object_id": "1", "object_repr": "LEMON CORIANDER SOUP", "action_flag": 2, "change_message": "[{\"changed\": {\"fields\": [\"Price\"]}}]"}}, {"model": "admin.logentry", "pk": 230, "fields": {"action_time": "2021-06-23T15:01:55.532", "user": 2, "content_type": 14, "object_id": "30", "object_repr": "MURGH TOOFANI TIKKA", "action_flag": 2, "change_message": "[{\"changed\": {\"fields\": [\"Price\"]}}]"}}, {"model": "admin.logentry", "pk": 231, "fields": {"action_time": "2021-06-23T15:02:32.206", "user": 2, "content_type": 14, "object_id": "34", "object_repr": "CHICKEN SEEKH KEBAB", "action_flag": 2, "change_message": "[{\"changed\": {\"fields\": [\"Price\"]}}]"}}, {"model": "admin.logentry", "pk": 232, "fields": {"action_time": "2021-06-23T15:02:41.231", "user": 2, "content_type": 14, "object_id": "33", "object_repr": "CHICKEN GARLIC KEBAB", "action_flag": 2, "change_message": "[{\"changed\": {\"fields\": [\"Price\"]}}]"}}, {"model": "admin.logentry", "pk": 233, "fields": {"action_time": "2021-06-23T15:02:50.994", "user": 2, "content_type": 14, "object_id": "31", "object_repr": "CHICKEN TIKKA KEBAB", "action_flag": 2, "change_message": "[{\"changed\": {\"fields\": [\"Price\"]}}]"}}, {"model": "admin.logentry", "pk": 234, "fields": {"action_time": "2021-06-23T15:03:01.509", "user": 2, "content_type": 14, "object_id": "31", "object_repr": "CHICKEN TIKKA KEBAB", "action_flag": 2, "change_message": "[{\"changed\": {\"fields\": [\"Cost per\"]}}]"}}, {"model": "admin.logentry", "pk": 235, "fields": {"action_time": "2021-06-23T15:03:23.131", "user": 2, "content_type": 14, "object_id": "38", "object_repr": "FISH TIKKA KEBAB", "action_flag": 2, "change_message": "[{\"changed\": {\"fields\": [\"Price\"]}}]"}}, {"model": "admin.logentry", "pk": 236, "fields": {"action_time": "2021-06-23T15:04:29.595", "user": 2, "content_type": 14, "object_id": "203", "object_repr": "GOLDEN PLATTER", "action_flag": 1, "change_message": "[{\"added\": {}}]"}}, {"model": "admin.logentry", "pk": 237, "fields": {"action_time": "2021-06-23T15:51:34.861", "user": 2, "content_type": 14, "object_id": "204", "object_repr": "MASALA KHAKHRA, CHAKLI AUR PEANUT COMBO", "action_flag": 1, "change_message": "[{\"added\": {}}]"}}, {"model": "admin.logentry", "pk": 238, "fields": {"action_time": "2021-06-23T15:52:07.172", "user": 2, "content_type": 14, "object_id": "53", "object_repr": "CRISPY HONEY CHILLI POTATO", "action_flag": 2, "change_message": "[{\"changed\": {\"fields\": [\"Price\"]}}]"}}, {"model": "admin.logentry", "pk": 239, "fields": {"action_time": "2021-06-23T15:52:33.920", "user": 2, "content_type": 14, "object_id": "54", "object_repr": "SICHUAN THREAD PANEER", "action_flag": 2, "change_message": "[{\"changed\": {\"fields\": [\"Price\"]}}]"}}, {"model": "admin.logentry", "pk": 240, "fields": {"action_time": "2021-06-23T15:52:43.488", "user": 2, "content_type": 14, "object_id": "55", "object_repr": "SPRING ROLL INDIAN MADE", "action_flag": 2, "change_message": "[{\"changed\": {\"fields\": [\"Price\"]}}]"}}, {"model": "admin.logentry", "pk": 241, "fields": {"action_time": "2021-06-23T15:53:04.050", "user": 2, "content_type": 14, "object_id": "56", "object_repr": "I LIKE PANEER CHILLY DRY", "action_flag": 2, "change_message": "[{\"changed\": {\"fields\": [\"Price\"]}}]"}}, {"model": "admin.logentry", "pk": 242, "fields": {"action_time": "2021-06-23T15:53:29.472", "user": 2, "content_type": 14, "object_id": "57", "object_repr": "INDIANIZED VERSION VEG MANCHURIAN BALL", "action_flag": 2, "change_message": "[{\"changed\": {\"fields\": [\"Price\"]}}]"}}, {"model": "admin.logentry", "pk": 243, "fields": {"action_time": "2021-06-23T15:54:47.971", "user": 2, "content_type": 14, "object_id": "205", "object_repr": "CORN SPINACH & CHEESE SPRING ROLL", "action_flag": 1, "change_message": "[{\"added\": {}}]"}}, {"model": "admin.logentry", "pk": 244, "fields": {"action_time": "2021-06-23T15:55:12.634", "user": 2, "content_type": 14, "object_id": "70", "object_repr": "CHICKEN HAKKA NOODLES", "action_flag": 2, "change_message": "[{\"changed\": {\"fields\": [\"Price\"]}}]"}}, {"model": "admin.logentry", "pk": 245, "fields": {"action_time": "2021-06-23T15:55:22.153", "user": 2, "content_type": 14, "object_id": "69", "object_repr": "EGG SOFT NOODLES", "action_flag": 2, "change_message": "[{\"changed\": {\"fields\": [\"Price\"]}}]"}}, {"model": "admin.logentry", "pk": 246, "fields": {"action_time": "2021-06-23T15:55:37.531", "user": 2, "content_type": 14, "object_id": "72", "object_repr": "CHICKEN FRIED RICE", "action_flag": 2, "change_message": "[{\"changed\": {\"fields\": [\"Price\"]}}]"}}, {"model": "admin.logentry", "pk": 247, "fields": {"action_time": "2021-06-23T15:55:45.356", "user": 2, "content_type": 14, "object_id": "71", "object_repr": "EGG FRIED RICE", "action_flag": 2, "change_message": "[{\"changed\": {\"fields\": [\"Price\"]}}]"}}, {"model": "admin.logentry", "pk": 248, "fields": {"action_time": "2021-06-23T15:59:15.006", "user": 2, "content_type": 14, "object_id": "81", "object_repr": "MASALA", "action_flag": 2, "change_message": "[{\"changed\": {\"fields\": [\"Price\"]}}]"}}, {"model": "admin.logentry", "pk": 249, "fields": {"action_time": "2021-06-23T15:59:26.703", "user": 2, "content_type": 14, "object_id": "80", "object_repr": "ROASTED", "action_flag": 2, "change_message": "[{\"changed\": {\"fields\": [\"Price\"]}}]"}}, {"model": "admin.logentry", "pk": 250, "fields": {"action_time": "2021-06-23T15:59:54.668", "user": 2, "content_type": 14, "object_id": "82", "object_repr": "FRIED", "action_flag": 2, "change_message": "[{\"changed\": {\"fields\": [\"Price\"]}}]"}}, {"model": "admin.logentry", "pk": 251, "fields": {"action_time": "2021-06-23T16:01:17.204", "user": 2, "content_type": 14, "object_id": "83", "object_repr": "KHAKRA (PERI PERI/CHEESE/BUTTER PEANUT", "action_flag": 2, "change_message": "[{\"changed\": {\"fields\": [\"Cost per\", \"Price\"]}}]"}}, {"model": "admin.logentry", "pk": 252, "fields": {"action_time": "2021-06-23T16:01:42.198", "user": 2, "content_type": 14, "object_id": "84", "object_repr": "NAGLI MASALA PAPAD", "action_flag": 2, "change_message": "[{\"changed\": {\"fields\": [\"Price\"]}}]"}}, {"model": "admin.logentry", "pk": 253, "fields": {"action_time": "2021-06-23T16:02:00.472", "user": 2, "content_type": 14, "object_id": "86", "object_repr": "ROLL PAPAD", "action_flag": 2, "change_message": "[{\"changed\": {\"fields\": [\"Price\"]}}]"}}, {"model": "admin.logentry", "pk": 254, "fields": {"action_time": "2021-06-23T16:02:09.823", "user": 2, "content_type": 14, "object_id": "85", "object_repr": "SINDHI PAPAD", "action_flag": 2, "change_message": "[{\"changed\": {\"fields\": [\"Price\"]}}]"}}, {"model": "admin.logentry", "pk": 255, "fields": {"action_time": "2021-06-23T16:07:11.695", "user": 2, "content_type": 14, "object_id": "115", "object_repr": "CHICKEN HUNDI  HALF/FULL", "action_flag": 2, "change_message": "[{\"changed\": {\"fields\": [\"Title\", \"Cost per\", \"Price\"]}}]"}}, {"model": "admin.logentry", "pk": 256, "fields": {"action_time": "2021-06-23T16:11:30.501", "user": 2, "content_type": 14, "object_id": "119", "object_repr": "BUTTER CHICKEN BONELESS  HALF/FULL", "action_flag": 2, "change_message": "[{\"changed\": {\"fields\": [\"Title\", \"Cost per\", \"Price\"]}}]"}}, {"model": "admin.logentry", "pk": 257, "fields": {"action_time": "2021-06-23T16:44:48.841", "user": 2, "content_type": 14, "object_id": "206", "object_repr": "CHICKEN BURGER", "action_flag": 1, "change_message": "[{\"added\": {}}]"}}, {"model": "admin.logentry", "pk": 258, "fields": {"action_time": "2021-06-23T16:45:18.419", "user": 2, "content_type": 14, "object_id": "207", "object_repr": "CHICKEN CHEESE BURGER", "action_flag": 1, "change_message": "[{\"added\": {}}]"}}, {"model": "admin.logentry", "pk": 259, "fields": {"action_time": "2021-06-23T16:49:14.035", "user": 2, "content_type": 14, "object_id": "208", "object_repr": "INDIAN SPICED CHICKEN BURGER", "action_flag": 1, "change_message": "[{\"added\": {}}]"}}, {"model": "admin.logentry", "pk": 260, "fields": {"action_time": "2021-06-23T16:49:36.325", "user": 2, "content_type": 14, "object_id": "209", "object_repr": "CAJUN CHICKEN BURGER", "action_flag": 1, "change_message": "[{\"added\": {}}]"}}, {"model": "admin.logentry", "pk": 261, "fields": {"action_time": "2021-06-23T16:51:03.898", "user": 2, "content_type": 14, "object_id": "210", "object_repr": "KOREAN FRIED CHICKEN BURGER", "action_flag": 1, "change_message": "[{\"added\": {}}]"}}, {"model": "admin.logentry", "pk": 262, "fields": {"action_time": "2021-06-23T16:51:25.628", "user": 2, "content_type": 14, "object_id": "211", "object_repr": "CHICKEN GRILLED SANDWICH", "action_flag": 1, "change_message": "[{\"added\": {}}]"}}, {"model": "admin.logentry", "pk": 263, "fields": {"action_time": "2021-06-23T16:51:51.842", "user": 2, "content_type": 14, "object_id": "212", "object_repr": "CHICKEN CHEESE GRILLED SANDWICH", "action_flag": 1, "change_message": "[{\"added\": {}}]"}}, {"model": "admin.logentry", "pk": 264, "fields": {"action_time": "2021-06-23T16:52:45.943", "user": 2, "content_type": 14, "object_id": "213", "object_repr": "CHICKEN CLUB SANDWICH", "action_flag": 1, "change_message": "[{\"added\": {}}]"}}, {"model": "admin.logentry", "pk": 265, "fields": {"action_time": "2021-06-23T16:53:08.021", "user": 2, "content_type": 14, "object_id": "214", "object_repr": "CHICKEN TIKKA SANDWICH", "action_flag": 1, "change_message": "[{\"added\": {}}]"}}, {"model": "admin.logentry", "pk": 266, "fields": {"action_time": "2021-06-23T16:53:42.689", "user": 2, "content_type": 14, "object_id": "215", "object_repr": "ICE - BURG SANDWICH", "action_flag": 1, "change_message": "[{\"added\": {}}]"}}, {"model": "admin.logentry", "pk": 267, "fields": {"action_time": "2021-06-23T16:54:19.932", "user": 2, "content_type": 14, "object_id": "216", "object_repr": "EGG N CHEESE SANDWICH", "action_flag": 1, "change_message": "[{\"added\": {}}]"}}, {"model": "admin.logentry", "pk": 268, "fields": {"action_time": "2021-06-23T17:06:07.450", "user": 2, "content_type": 14, "object_id": "163", "object_repr": "ITALIANO X-TRA CHEESE PASTA", "action_flag": 2, "change_message": "[{\"changed\": {\"fields\": [\"Price\"]}}]"}}, {"model": "admin.logentry", "pk": 269, "fields": {"action_time": "2021-06-23T17:06:56.433", "user": 2, "content_type": 14, "object_id": "164", "object_repr": "MAMMA MIA! PASTA AL- FUNGI", "action_flag": 2, "change_message": "[{\"changed\": {\"fields\": [\"Price\"]}}]"}}, {"model": "admin.logentry", "pk": 270, "fields": {"action_time": "2021-06-23T17:07:29.958", "user": 2, "content_type": 14, "object_id": "165", "object_repr": "BRITISH CAFÉ SPAGHETTI ALPOMODORO", "action_flag": 2, "change_message": "[{\"changed\": {\"fields\": [\"Price\"]}}]"}}, {"model": "admin.logentry", "pk": 271, "fields": {"action_time": "2021-06-23T17:07:56.855", "user": 2, "content_type": 14, "object_id": "166", "object_repr": "OUR HOUSE HIP-HOP PENNE ARRABIATA", "action_flag": 2, "change_message": "[{\"changed\": {\"fields\": [\"Price\"]}}]"}}, {"model": "admin.logentry", "pk": 272, "fields": {"action_time": "2021-06-23T17:08:10.723", "user": 2, "content_type": 14, "object_id": "167", "object_repr": "MAC N CHEESE", "action_flag": 2, "change_message": "[{\"changed\": {\"fields\": [\"Price\"]}}]"}}, {"model": "admin.logentry", "pk": 273, "fields": {"action_time": "2021-06-23T17:14:19.487", "user": 2, "content_type": 14, "object_id": "197", "object_repr": "NACHOS", "action_flag": 2, "change_message": "[{\"changed\": {\"fields\": [\"Price\"]}}]"}}, {"model": "admin.logentry", "pk": 274, "fields": {"action_time": "2021-06-23T17:14:33", "user": 2, "content_type": 14, "object_id": "198", "object_repr": "TACOS - VEG", "action_flag": 2, "change_message": "[{\"changed\": {\"fields\": [\"Price\"]}}]"}}, {"model": "admin.logentry", "pk": 275, "fields": {"action_time": "2021-06-23T17:14:43.408", "user": 2, "content_type": 14, "object_id": "199", "object_repr": "TACOS - NON - VEG", "action_flag": 2, "change_message": "[{\"changed\": {\"fields\": [\"Price\"]}}]"}}, {"model": "admin.logentry", "pk": 276, "fields": {"action_time": "2021-06-24T18:35:13.929", "user": 2, "content_type": 14, "object_id": "115", "object_repr": "CHICKEN HUNDI  HALF/FULL", "action_flag": 2, "change_message": "[{\"changed\": {\"fields\": [\"Description\"]}}]"}}, {"model": "admin.logentry", "pk": 277, "fields": {"action_time": "2021-06-24T18:43:06.308", "user": 2, "content_type": 14, "object_id": "14", "object_repr": "CHICKEN CLEAR SOUP", "action_flag": 2, "change_message": "[{\"changed\": {\"fields\": [\"Description\"]}}]"}}, {"model": "admin.logentry", "pk": 278, "fields": {"action_time": "2021-06-24T18:46:50.821", "user": 2, "content_type": 14, "object_id": "14", "object_repr": "CHICKEN CLEAR SOUP", "action_flag": 2, "change_message": "[{\"changed\": {\"fields\": [\"Description\"]}}]"}}, {"model": "admin.logentry", "pk": 279, "fields": {"action_time": "2021-06-25T10:33:01.631", "user": 2, "content_type": 14, "object_id": "130", "object_repr": "AMRITSARI PUNJABI KULCHA", "action_flag": 2, "change_message": "[{\"changed\": {\"fields\": [\"Description\"]}}]"}}, {"model": "admin.logentry", "pk": 280, "fields": {"action_time": "2021-06-25T10:33:31.643", "user": 2, "content_type": 14, "object_id": "64", "object_repr": "APOLLO FISH", "action_flag": 2, "change_message": "[{\"changed\": {\"fields\": [\"Description\"]}}]"}}, {"model": "admin.logentry", "pk": 281, "fields": {"action_time": "2021-06-25T10:33:41.157", "user": 2, "content_type": 14, "object_id": "64", "object_repr": "APOLLO FISH", "action_flag": 2, "change_message": "[]"}}, {"model": "admin.logentry", "pk": 282, "fields": {"action_time": "2021-06-25T10:33:58.278", "user": 2, "content_type": 14, "object_id": "194", "object_repr": "ASSORTED  KEBAB SIZZLER", "action_flag": 2, "change_message": "[{\"changed\": {\"fields\": [\"Description\"]}}]"}}, {"model": "admin.logentry", "pk": 283, "fields": {"action_time": "2021-06-25T10:34:29.198", "user": 2, "content_type": 14, "object_id": "134", "object_repr": "ATTE KI BUTTER ROTI", "action_flag": 2, "change_message": "[{\"changed\": {\"fields\": [\"Description\"]}}]"}}, {"model": "admin.logentry", "pk": 284, "fields": {"action_time": "2021-06-25T10:34:43.103", "user": 2, "content_type": 14, "object_id": "133", "object_repr": "ATTE KI ROTI", "action_flag": 2, "change_message": "[{\"changed\": {\"fields\": [\"Description\"]}}]"}}, {"model": "admin.logentry", "pk": 285, "fields": {"action_time": "2021-06-25T10:36:10.263", "user": 2, "content_type": 14, "object_id": "144", "object_repr": "BAGICHE WALI BIRYANI", "action_flag": 2, "change_message": "[{\"changed\": {\"fields\": [\"Description\"]}}]"}}, {"model": "admin.logentry", "pk": 286, "fields": {"action_time": "2021-06-25T10:36:37.818", "user": 2, "content_type": 14, "object_id": "98", "object_repr": "BHARNI WALA DUM ALOO PUNJABI", "action_flag": 2, "change_message": "[{\"changed\": {\"fields\": [\"Description\"]}}]"}}, {"model": "admin.logentry", "pk": 287, "fields": {"action_time": "2021-06-25T10:38:44.903", "user": 2, "content_type": 14, "object_id": "98", "object_repr": "BHARNI WALA DUM ALOO PUNJABI", "action_flag": 2, "change_message": "[]"}}, {"model": "admin.logentry", "pk": 288, "fields": {"action_time": "2021-06-25T10:39:36.895", "user": 2, "content_type": 14, "object_id": "97", "object_repr": "BIRMINGHAM BALTI SABZI", "action_flag": 2, "change_message": "[{\"changed\": {\"fields\": [\"Description\"]}}]"}}, {"model": "admin.logentry", "pk": 289, "fields": {"action_time": "2021-06-25T10:40:14.950", "user": 2, "content_type": 14, "object_id": "179", "object_repr": "BRAZILIANO", "action_flag": 2, "change_message": "[{\"changed\": {\"fields\": [\"Description\"]}}]"}}, {"model": "admin.logentry", "pk": 290, "fields": {"action_time": "2021-06-25T10:41:13.615", "user": 2, "content_type": 14, "object_id": "165", "object_repr": "BRITISH CAFÉ SPAGHETTI ALPOMODORO", "action_flag": 2, "change_message": "[{\"changed\": {\"fields\": [\"Description\"]}}]"}}, {"model": "admin.logentry", "pk": 291, "fields": {"action_time": "2021-06-25T10:41:48.529", "user": 2, "content_type": 14, "object_id": "8", "object_repr": "BROCCOLI ALMOND SOUP", "action_flag": 2, "change_message": "[{\"changed\": {\"fields\": [\"Description\"]}}]"}}, {"model": "admin.logentry", "pk": 292, "fields": {"action_time": "2021-06-25T10:42:40.402", "user": 2, "content_type": 14, "object_id": "77", "object_repr": "BURANI RAITA", "action_flag": 2, "change_message": "[]"}}, {"model": "admin.logentry", "pk": 293, "fields": {"action_time": "2021-06-25T10:43:03.777", "user": 2, "content_type": 14, "object_id": "200", "object_repr": "BURRITOS", "action_flag": 2, "change_message": "[{\"changed\": {\"fields\": [\"Description\"]}}]"}}, {"model": "admin.logentry", "pk": 294, "fields": {"action_time": "2021-06-25T10:43:31.212", "user": 2, "content_type": 14, "object_id": "119", "object_repr": "BUTTER CHICKEN BONELESS  HALF/FULL", "action_flag": 2, "change_message": "[{\"changed\": {\"fields\": [\"Description\"]}}]"}}, {"model": "admin.logentry", "pk": 295, "fields": {"action_time": "2021-06-25T10:43:54.868", "user": 2, "content_type": 14, "object_id": "138", "object_repr": "BUTTER NAAN", "action_flag": 2, "change_message": "[{\"changed\": {\"fields\": [\"Description\"]}}]"}}, {"model": "admin.logentry", "pk": 296, "fields": {"action_time": "2021-06-25T10:44:23.200", "user": 2, "content_type": 14, "object_id": "209", "object_repr": "CAJUN CHICKEN BURGER", "action_flag": 2, "change_message": "[{\"changed\": {\"fields\": [\"Description\"]}}]"}}, {"model": "admin.logentry", "pk": 297, "fields": {"action_time": "2021-06-25T10:44:38.743", "user": 2, "content_type": 14, "object_id": "93", "object_repr": "CEASER SALAD NON VEG", "action_flag": 2, "change_message": "[]"}}, {"model": "admin.logentry", "pk": 298, "fields": {"action_time": "2021-06-25T10:45:07.374", "user": 2, "content_type": 14, "object_id": "156", "object_repr": "CHEESE BURGER", "action_flag": 2, "change_message": "[{\"changed\": {\"fields\": [\"Description\"]}}]"}}, {"model": "admin.logentry", "pk": 299, "fields": {"action_time": "2021-06-25T10:45:34.452", "user": 2, "content_type": 14, "object_id": "52", "object_repr": "CHEESE CORN BALL AND POTATO WEDGES", "action_flag": 2, "change_message": "[{\"changed\": {\"fields\": [\"Description\"]}}]"}}, {"model": "admin.logentry", "pk": 300, "fields": {"action_time": "2021-06-25T10:45:56.120", "user": 2, "content_type": 14, "object_id": "158", "object_repr": "CHEESE GARLIC BREAD", "action_flag": 2, "change_message": "[{\"changed\": {\"fields\": [\"Description\"]}}]"}}, {"model": "admin.logentry", "pk": 301, "fields": {"action_time": "2021-06-25T10:47:45.156", "user": 2, "content_type": 14, "object_id": "183", "object_repr": "CHEESE MASALA MACARONI PIZZA", "action_flag": 2, "change_message": "[{\"changed\": {\"fields\": [\"Description\"]}}]"}}, {"model": "admin.logentry", "pk": 302, "fields": {"action_time": "2021-06-25T10:48:09.794", "user": 2, "content_type": 14, "object_id": "59", "object_repr": "CHICKEN 65", "action_flag": 2, "change_message": "[{\"changed\": {\"fields\": [\"Description\"]}}]"}}, {"model": "admin.logentry", "pk": 303, "fields": {"action_time": "2021-06-25T10:48:30.598", "user": 2, "content_type": 14, "object_id": "172", "object_repr": "CHICKEN ALA'KING", "action_flag": 2, "change_message": "[{\"changed\": {\"fields\": [\"Description\"]}}]"}}, {"model": "admin.logentry", "pk": 304, "fields": {"action_time": "2021-06-25T10:48:54.866", "user": 2, "content_type": 14, "object_id": "149", "object_repr": "CHICKEN BIRYANI", "action_flag": 2, "change_message": "[{\"changed\": {\"fields\": [\"Description\"]}}]"}}, {"model": "admin.logentry", "pk": 305, "fields": {"action_time": "2021-06-25T10:49:16.047", "user": 2, "content_type": 14, "object_id": "206", "object_repr": "CHICKEN BURGER", "action_flag": 2, "change_message": "[{\"changed\": {\"fields\": [\"Description\"]}}]"}}, {"model": "admin.logentry", "pk": 306, "fields": {"action_time": "2021-06-25T10:49:41.142", "user": 2, "content_type": 14, "object_id": "169", "object_repr": "CHICKEN CARBONARA", "action_flag": 2, "change_message": "[{\"changed\": {\"fields\": [\"Description\"]}}]"}}, {"model": "admin.logentry", "pk": 307, "fields": {"action_time": "2021-06-25T10:50:08.778", "user": 2, "content_type": 14, "object_id": "207", "object_repr": "CHICKEN CHEESE BURGER", "action_flag": 2, "change_message": "[{\"changed\": {\"fields\": [\"Description\"]}}]"}}, {"model": "admin.logentry", "pk": 308, "fields": {"action_time": "2021-06-25T10:50:38.960", "user": 2, "content_type": 14, "object_id": "212", "object_repr": "CHICKEN CHEESE GRILLED SANDWICH", "action_flag": 2, "change_message": "[{\"changed\": {\"fields\": [\"Description\"]}}]"}}, {"model": "admin.logentry", "pk": 309, "fields": {"action_time": "2021-06-25T10:51:04.345", "user": 2, "content_type": 14, "object_id": "116", "object_repr": "CHICKEN CHILLI MASALA", "action_flag": 2, "change_message": "[{\"changed\": {\"fields\": [\"Description\"]}}]"}}, {"model": "admin.logentry", "pk": 310, "fields": {"action_time": "2021-06-25T10:51:40.596", "user": 2, "content_type": 14, "object_id": "14", "object_repr": "CHICKEN CLEAR SOUP", "action_flag": 2, "change_message": "[]"}}, {"model": "admin.logentry", "pk": 311, "fields": {"action_time": "2021-06-25T10:52:43.839", "user": 2, "content_type": 14, "object_id": "213", "object_repr": "CHICKEN CLUB SANDWICH", "action_flag": 2, "change_message": "[{\"changed\": {\"fields\": [\"Description\"]}}]"}}, {"model": "admin.logentry", "pk": 312, "fields": {"action_time": "2021-06-25T10:53:20.674", "user": 2, "content_type": 14, "object_id": "176", "object_repr": "CHICKEN CUTLET", "action_flag": 2, "change_message": "[{\"changed\": {\"fields\": [\"Description\"]}}]"}}, {"model": "admin.logentry", "pk": 313, "fields": {"action_time": "2021-06-25T10:53:45.734", "user": 2, "content_type": 14, "object_id": "61", "object_repr": "CHICKEN DRUM STICK", "action_flag": 2, "change_message": "[{\"changed\": {\"fields\": [\"Description\"]}}]"}}, {"model": "admin.logentry", "pk": 314, "fields": {"action_time": "2021-06-25T10:54:11.720", "user": 2, "content_type": 14, "object_id": "72", "object_repr": "CHICKEN FRIED RICE", "action_flag": 2, "change_message": "[{\"changed\": {\"fields\": [\"Description\"]}}]"}}, {"model": "admin.logentry", "pk": 315, "fields": {"action_time": "2021-06-25T10:55:33.710", "user": 2, "content_type": 14, "object_id": "33", "object_repr": "CHICKEN GARLIC KEBAB", "action_flag": 2, "change_message": "[{\"changed\": {\"fields\": [\"Description\"]}}]"}}, {"model": "admin.logentry", "pk": 316, "fields": {"action_time": "2021-06-25T10:56:00.520", "user": 2, "content_type": 14, "object_id": "211", "object_repr": "CHICKEN GRILLED SANDWICH", "action_flag": 2, "change_message": "[{\"changed\": {\"fields\": [\"Description\"]}}]"}}, {"model": "admin.logentry", "pk": 317, "fields": {"action_time": "2021-06-25T10:56:24.238", "user": 2, "content_type": 14, "object_id": "70", "object_repr": "CHICKEN HAKKA NOODLES", "action_flag": 2, "change_message": "[{\"changed\": {\"fields\": [\"Description\"]}}]"}}, {"model": "admin.logentry", "pk": 318, "fields": {"action_time": "2021-06-25T10:56:46.536", "user": 2, "content_type": 14, "object_id": "11", "object_repr": "CHICKEN HOT & SOUR SOUP", "action_flag": 2, "change_message": "[{\"changed\": {\"fields\": [\"Description\"]}}]"}}, {"model": "admin.logentry", "pk": 319, "fields": {"action_time": "2021-06-25T10:57:07.197", "user": 2, "content_type": 14, "object_id": "115", "object_repr": "CHICKEN HUNDI  HALF/FULL", "action_flag": 2, "change_message": "[{\"changed\": {\"fields\": [\"Description\"]}}]"}}, {"model": "admin.logentry", "pk": 320, "fields": {"action_time": "2021-06-25T10:57:54.129", "user": 2, "content_type": 14, "object_id": "32", "object_repr": "CHICKEN KALMI KEBAB", "action_flag": 2, "change_message": "[{\"changed\": {\"fields\": [\"Description\"]}}]"}}, {"model": "admin.logentry", "pk": 321, "fields": {"action_time": "2021-06-25T10:58:19.747", "user": 2, "content_type": 14, "object_id": "114", "object_repr": "CHICKEN KANDHARI", "action_flag": 2, "change_message": "[{\"changed\": {\"fields\": [\"Description\"]}}]"}}, {"model": "admin.logentry", "pk": 322, "fields": {"action_time": "2021-06-25T10:58:48.246", "user": 2, "content_type": 14, "object_id": "15", "object_repr": "CHICKEN KUNG-FU SOUP", "action_flag": 2, "change_message": "[{\"changed\": {\"fields\": [\"Description\"]}}]"}}, {"model": "admin.logentry", "pk": 323, "fields": {"action_time": "2021-06-25T10:59:13.281", "user": 2, "content_type": 14, "object_id": "170", "object_repr": "CHICKEN LASAGNE", "action_flag": 2, "change_message": "[{\"changed\": {\"fields\": [\"Description\"]}}]"}}, {"model": "admin.logentry", "pk": 324, "fields": {"action_time": "2021-06-25T10:59:35.949", "user": 2, "content_type": 14, "object_id": "42", "object_repr": "CHICKEN MALAI TIKKA", "action_flag": 2, "change_message": "[{\"changed\": {\"fields\": [\"Description\"]}}]"}}, {"model": "admin.logentry", "pk": 325, "fields": {"action_time": "2021-06-25T10:59:58.952", "user": 2, "content_type": 14, "object_id": "13", "object_repr": "CHICKEN MALANG SHORBA", "action_flag": 2, "change_message": "[{\"changed\": {\"fields\": [\"Description\"]}}]"}}, {"model": "admin.logentry", "pk": 326, "fields": {"action_time": "2021-06-25T11:00:21.178", "user": 2, "content_type": 14, "object_id": "9", "object_repr": "CHICKEN MANCHOW SOUP", "action_flag": 2, "change_message": "[{\"changed\": {\"fields\": [\"Description\"]}}]"}}, {"model": "admin.logentry", "pk": 327, "fields": {"action_time": "2021-06-25T11:00:40.651", "user": 2, "content_type": 14, "object_id": "62", "object_repr": "CHICKEN MANCHURIAN", "action_flag": 2, "change_message": "[{\"changed\": {\"fields\": [\"Description\"]}}]"}}, {"model": "admin.logentry", "pk": 328, "fields": {"action_time": "2021-06-25T11:00:58.838", "user": 2, "content_type": 14, "object_id": "117", "object_repr": "CHICKEN MASALA", "action_flag": 2, "change_message": "[{\"changed\": {\"fields\": [\"Description\"]}}]"}}, {"model": "admin.logentry", "pk": 329, "fields": {"action_time": "2021-06-25T11:01:18.223", "user": 2, "content_type": 14, "object_id": "113", "object_repr": "CHICKEN NAWABI", "action_flag": 2, "change_message": "[{\"changed\": {\"fields\": [\"Description\"]}}]"}}, {"model": "admin.logentry", "pk": 330, "fields": {"action_time": "2021-06-25T11:01:39.376", "user": 2, "content_type": 14, "object_id": "40", "object_repr": "CHICKEN PLATTER", "action_flag": 2, "change_message": "[{\"changed\": {\"fields\": [\"Description\"]}}]"}}, {"model": "admin.logentry", "pk": 331, "fields": {"action_time": "2021-06-25T11:02:13.188", "user": 2, "content_type": 14, "object_id": "35", "object_repr": "CHICKEN RESHMI KEBAB", "action_flag": 2, "change_message": "[{\"changed\": {\"fields\": [\"Description\"]}}]"}}, {"model": "admin.logentry", "pk": 332, "fields": {"action_time": "2021-06-25T11:03:39.371", "user": 2, "content_type": 14, "object_id": "34", "object_repr": "CHICKEN SEEKH KEBAB", "action_flag": 2, "change_message": "[{\"changed\": {\"fields\": [\"Description\"]}}]"}}, {"model": "admin.logentry", "pk": 333, "fields": {"action_time": "2021-06-25T11:04:02.372", "user": 2, "content_type": 14, "object_id": "193", "object_repr": "CHICKEN SHIKARI TIKKA SIZZLER", "action_flag": 2, "change_message": "[{\"changed\": {\"fields\": [\"Description\"]}}]"}}, {"model": "admin.logentry", "pk": 334, "fields": {"action_time": "2021-06-25T11:04:32.259", "user": 2, "content_type": 14, "object_id": "58", "object_repr": "CHICKEN SPRING ROLL", "action_flag": 2, "change_message": "[{\"changed\": {\"fields\": [\"Description\"]}}]"}}, {"model": "admin.logentry", "pk": 335, "fields": {"action_time": "2021-06-25T11:05:01.797", "user": 2, "content_type": 14, "object_id": "58", "object_repr": "CHICKEN SPRING ROLL", "action_flag": 2, "change_message": "[]"}}, {"model": "admin.logentry", "pk": 336, "fields": {"action_time": "2021-06-25T11:05:31.635", "user": 2, "content_type": 14, "object_id": "10", "object_repr": "CHICKEN SWEET CORN SOUP", "action_flag": 2, "change_message": "[{\"changed\": {\"fields\": [\"Description\"]}}]"}}, {"model": "admin.logentry", "pk": 337, "fields": {"action_time": "2021-06-25T11:05:52.718", "user": 2, "content_type": 14, "object_id": "152", "object_repr": "CHICKEN TIKKA BIRYANI", "action_flag": 2, "change_message": "[{\"changed\": {\"fields\": [\"Description\"]}}]"}}, {"model": "admin.logentry", "pk": 338, "fields": {"action_time": "2021-06-25T11:06:23.397", "user": 2, "content_type": 14, "object_id": "31", "object_repr": "CHICKEN TIKKA KEBAB", "action_flag": 2, "change_message": "[{\"changed\": {\"fields\": [\"Description\"]}}]"}}, {"model": "admin.logentry", "pk": 339, "fields": {"action_time": "2021-06-25T11:06:42.681", "user": 2, "content_type": 14, "object_id": "111", "object_repr": "CHICKEN TIKKA MASALA", "action_flag": 2, "change_message": "[{\"changed\": {\"fields\": [\"Description\"]}}]"}}, {"model": "admin.logentry", "pk": 340, "fields": {"action_time": "2021-06-25T11:07:12.689", "user": 2, "content_type": 14, "object_id": "184", "object_repr": "CHICKEN TIKKA PIZZA", "action_flag": 2, "change_message": "[{\"changed\": {\"fields\": [\"Description\"]}}]"}}, {"model": "admin.logentry", "pk": 341, "fields": {"action_time": "2021-06-25T11:07:33.928", "user": 2, "content_type": 14, "object_id": "214", "object_repr": "CHICKEN TIKKA SANDWICH", "action_flag": 2, "change_message": "[{\"changed\": {\"fields\": [\"Description\"]}}]"}}, {"model": "admin.logentry", "pk": 342, "fields": {"action_time": "2021-06-25T11:08:06.419", "user": 2, "content_type": 14, "object_id": "16", "object_repr": "CHICKEN TOM YOM SOUP", "action_flag": 2, "change_message": "[{\"changed\": {\"fields\": [\"Description\"]}}]"}}, {"model": "admin.logentry", "pk": 343, "fields": {"action_time": "2021-06-25T11:08:30.807", "user": 2, "content_type": 14, "object_id": "17", "object_repr": "CHICKEN TOM-KHA SOUP", "action_flag": 2, "change_message": "[{\"changed\": {\"fields\": [\"Description\"]}}]"}}, {"model": "admin.logentry", "pk": 344, "fields": {"action_time": "2021-06-25T11:08:57.336", "user": 2, "content_type": 14, "object_id": "60", "object_repr": "CHILLI CHICKEN", "action_flag": 2, "change_message": "[{\"changed\": {\"fields\": [\"Description\"]}}]"}}, {"model": "admin.logentry", "pk": 345, "fields": {"action_time": "2021-06-25T11:09:17.567", "user": 2, "content_type": 14, "object_id": "195", "object_repr": "CHILLI CHICKEN SIZZLER", "action_flag": 2, "change_message": "[{\"changed\": {\"fields\": [\"Description\"]}}]"}}, {"model": "admin.logentry", "pk": 346, "fields": {"action_time": "2021-06-25T11:09:42.486", "user": 2, "content_type": 14, "object_id": "65", "object_repr": "CHILLI FISH", "action_flag": 2, "change_message": "[{\"changed\": {\"fields\": [\"Description\"]}}]"}}, {"model": "admin.logentry", "pk": 347, "fields": {"action_time": "2021-06-25T11:10:09.797", "user": 2, "content_type": 14, "object_id": "181", "object_repr": "CHILLI GARLIC PIZZA TOPPED WITH CILANTRO", "action_flag": 2, "change_message": "[{\"changed\": {\"fields\": [\"Description\"]}}]"}}, {"model": "admin.logentry", "pk": 348, "fields": {"action_time": "2021-06-25T11:10:29.692", "user": 2, "content_type": 14, "object_id": "67", "object_repr": "CHILLI PRAWNS", "action_flag": 2, "change_message": "[{\"changed\": {\"fields\": [\"Description\"]}}]"}}, {"model": "admin.logentry", "pk": 349, "fields": {"action_time": "2021-06-25T11:10:55.948", "user": 2, "content_type": 14, "object_id": "182", "object_repr": "CLASSIC MARGHERITA", "action_flag": 2, "change_message": "[{\"changed\": {\"fields\": [\"Description\"]}}]"}}, {"model": "admin.logentry", "pk": 350, "fields": {"action_time": "2021-06-25T11:11:20.716", "user": 2, "content_type": 14, "object_id": "205", "object_repr": "CORN SPINACH & CHEESE SPRING ROLL", "action_flag": 2, "change_message": "[{\"changed\": {\"fields\": [\"Description\"]}}]"}}, {"model": "admin.logentry", "pk": 351, "fields": {"action_time": "2021-06-25T11:11:49.142", "user": 2, "content_type": 14, "object_id": "180", "object_repr": "COUNTRY SIDE CELEBRATION", "action_flag": 2, "change_message": "[{\"changed\": {\"fields\": [\"Description\"]}}]"}}, {"model": "admin.logentry", "pk": 352, "fields": {"action_time": "2021-06-25T11:12:11.042", "user": 2, "content_type": 14, "object_id": "5", "object_repr": "CREAM OF TOMAMTO SOUP", "action_flag": 2, "change_message": "[{\"changed\": {\"fields\": [\"Description\"]}}]"}}, {"model": "admin.logentry", "pk": 353, "fields": {"action_time": "2021-06-25T11:12:29.991", "user": 2, "content_type": 14, "object_id": "50", "object_repr": "CRISPY CHINESE BHEL", "action_flag": 2, "change_message": "[{\"changed\": {\"fields\": [\"Description\"]}}]"}}, {"model": "admin.logentry", "pk": 354, "fields": {"action_time": "2021-06-25T11:12:51.788", "user": 2, "content_type": 14, "object_id": "53", "object_repr": "CRISPY HONEY CHILLI POTATO", "action_flag": 2, "change_message": "[{\"changed\": {\"fields\": [\"Description\"]}}]"}}, {"model": "admin.logentry", "pk": 355, "fields": {"action_time": "2021-06-25T11:14:27.554", "user": 2, "content_type": 14, "object_id": "75", "object_repr": "CUCUMBER RAITA", "action_flag": 2, "change_message": "[]"}}, {"model": "admin.logentry", "pk": 356, "fields": {"action_time": "2021-06-25T11:14:50.954", "user": 2, "content_type": 14, "object_id": "143", "object_repr": "DAL DOUBLE TADKA", "action_flag": 2, "change_message": "[{\"changed\": {\"fields\": [\"Description\"]}}]"}}, {"model": "admin.logentry", "pk": 357, "fields": {"action_time": "2021-06-25T11:15:12.963", "user": 2, "content_type": 14, "object_id": "142", "object_repr": "DAL FRY", "action_flag": 2, "change_message": "[{\"changed\": {\"fields\": [\"Description\"]}}]"}}, {"model": "admin.logentry", "pk": 358, "fields": {"action_time": "2021-06-25T11:15:36.547", "user": 2, "content_type": 14, "object_id": "39", "object_repr": "DARIYA KE RATAN", "action_flag": 2, "change_message": "[{\"changed\": {\"fields\": [\"Description\"]}}]"}}, {"model": "admin.logentry", "pk": 359, "fields": {"action_time": "2021-06-25T11:15:58.177", "user": 2, "content_type": 14, "object_id": "100", "object_repr": "DELHI PLACE PANEER", "action_flag": 2, "change_message": "[{\"changed\": {\"fields\": [\"Description\"]}}]"}}, {"model": "admin.logentry", "pk": 360, "fields": {"action_time": "2021-06-25T11:16:19.825", "user": 2, "content_type": 14, "object_id": "129", "object_repr": "DESI CHEESE GARLIC PARATHA", "action_flag": 2, "change_message": "[{\"changed\": {\"fields\": [\"Description\"]}}]"}}, {"model": "admin.logentry", "pk": 361, "fields": {"action_time": "2021-06-25T11:16:42.589", "user": 2, "content_type": 14, "object_id": "103", "object_repr": "DESI MALAI KOFTA", "action_flag": 2, "change_message": "[{\"changed\": {\"fields\": [\"Description\"]}}]"}}, {"model": "admin.logentry", "pk": 362, "fields": {"action_time": "2021-06-25T11:17:05.191", "user": 2, "content_type": 14, "object_id": "96", "object_repr": "DESI PINDI CHOLE KULCHA", "action_flag": 2, "change_message": "[{\"changed\": {\"fields\": [\"Description\"]}}]"}}, {"model": "admin.logentry", "pk": 363, "fields": {"action_time": "2021-06-25T11:17:31.682", "user": 2, "content_type": 14, "object_id": "136", "object_repr": "DILLI KA ALOO PARATHA", "action_flag": 2, "change_message": "[{\"changed\": {\"fields\": [\"Description\"]}}]"}}, {"model": "admin.logentry", "pk": 364, "fields": {"action_time": "2021-06-25T11:18:38.174", "user": 2, "content_type": 14, "object_id": "108", "object_repr": "DON'T MESS WITH SABZI KOLHAPURI", "action_flag": 2, "change_message": "[{\"changed\": {\"fields\": [\"Description\"]}}]"}}, {"model": "admin.logentry", "pk": 365, "fields": {"action_time": "2021-06-25T11:19:12.666", "user": 2, "content_type": 14, "object_id": "4", "object_repr": "DOUBLE BUBBLE SWEET CORN SOUP", "action_flag": 2, "change_message": "[{\"changed\": {\"fields\": [\"Description\"]}}]"}}, {"model": "admin.logentry", "pk": 366, "fields": {"action_time": "2021-06-25T11:19:37.450", "user": 2, "content_type": 14, "object_id": "145", "object_repr": "DUM BIRYANI", "action_flag": 2, "change_message": "[{\"changed\": {\"fields\": [\"Description\"]}}]"}}, {"model": "admin.logentry", "pk": 367, "fields": {"action_time": "2021-06-25T11:19:58.193", "user": 2, "content_type": 14, "object_id": "45", "object_repr": "DUM KI CHAAP", "action_flag": 2, "change_message": "[{\"changed\": {\"fields\": [\"Description\"]}}]"}}, {"model": "admin.logentry", "pk": 368, "fields": {"action_time": "2021-06-25T11:20:24.465", "user": 2, "content_type": 14, "object_id": "107", "object_repr": "DUM PANEER KALIMIRCH KADAI", "action_flag": 2, "change_message": "[{\"changed\": {\"fields\": [\"Description\"]}}]"}}, {"model": "admin.logentry", "pk": 369, "fields": {"action_time": "2021-06-25T11:21:10.088", "user": 2, "content_type": 14, "object_id": "3", "object_repr": "DUM VEG SHORBA", "action_flag": 2, "change_message": "[{\"changed\": {\"fields\": [\"Description\"]}}]"}}, {"model": "admin.logentry", "pk": 370, "fields": {"action_time": "2021-06-25T11:21:44.096", "user": 2, "content_type": 14, "object_id": "177", "object_repr": "EAST MEETS WEST", "action_flag": 2, "change_message": "[{\"changed\": {\"fields\": [\"Description\"]}}]"}}, {"model": "admin.logentry", "pk": 371, "fields": {"action_time": "2021-06-25T11:22:13.901", "user": 2, "content_type": 14, "object_id": "151", "object_repr": "EGG BIRYANI", "action_flag": 2, "change_message": "[{\"changed\": {\"fields\": [\"Description\"]}}]"}}, {"model": "admin.logentry", "pk": 372, "fields": {"action_time": "2021-06-25T11:22:34.236", "user": 2, "content_type": 14, "object_id": "71", "object_repr": "EGG FRIED RICE", "action_flag": 2, "change_message": "[{\"changed\": {\"fields\": [\"Description\"]}}]"}}, {"model": "admin.logentry", "pk": 373, "fields": {"action_time": "2021-06-25T11:22:52.977", "user": 2, "content_type": 14, "object_id": "127", "object_repr": "EGG MASALA", "action_flag": 2, "change_message": "[{\"changed\": {\"fields\": [\"Description\"]}}]"}}, {"model": "admin.logentry", "pk": 374, "fields": {"action_time": "2021-06-25T11:23:13.763", "user": 2, "content_type": 14, "object_id": "216", "object_repr": "EGG N CHEESE SANDWICH", "action_flag": 2, "change_message": "[{\"changed\": {\"fields\": [\"Description\"]}}]"}}, {"model": "admin.logentry", "pk": 375, "fields": {"action_time": "2021-06-25T11:23:35.903", "user": 2, "content_type": 14, "object_id": "69", "object_repr": "EGG SOFT NOODLES", "action_flag": 2, "change_message": "[{\"changed\": {\"fields\": [\"Description\"]}}]"}}, {"model": "admin.logentry", "pk": 376, "fields": {"action_time": "2021-06-25T11:23:56.586", "user": 2, "content_type": 14, "object_id": "135", "object_repr": "ENGLAND KA NAAN", "action_flag": 2, "change_message": "[{\"changed\": {\"fields\": [\"Description\"]}}]"}}, {"model": "admin.logentry", "pk": 377, "fields": {"action_time": "2021-06-25T11:24:19.735", "user": 2, "content_type": 14, "object_id": "201", "object_repr": "FALAFAL", "action_flag": 2, "change_message": "[{\"changed\": {\"fields\": [\"Description\"]}}]"}}, {"model": "admin.logentry", "pk": 378, "fields": {"action_time": "2021-06-25T11:24:42.114", "user": 2, "content_type": 14, "object_id": "202", "object_repr": "FALLAFAL WRAP", "action_flag": 2, "change_message": "[{\"changed\": {\"fields\": [\"Description\"]}}]"}}, {"model": "admin.logentry", "pk": 379, "fields": {"action_time": "2021-06-25T11:25:09.368", "user": 2, "content_type": 14, "object_id": "24", "object_repr": "FIERY BABY CORN CIGAR", "action_flag": 2, "change_message": "[{\"changed\": {\"fields\": [\"Description\"]}}]"}}, {"model": "admin.logentry", "pk": 380, "fields": {"action_time": "2021-06-25T11:25:29.125", "user": 2, "content_type": 14, "object_id": "173", "object_repr": "FISH CUTLET", "action_flag": 2, "change_message": "[{\"changed\": {\"fields\": [\"Description\"]}}]"}}, {"model": "admin.logentry", "pk": 381, "fields": {"action_time": "2021-06-25T11:31:35.584", "user": 2, "content_type": 14, "object_id": "174", "object_repr": "FISH FINGER", "action_flag": 2, "change_message": "[{\"changed\": {\"fields\": [\"Description\"]}}]"}}, {"model": "admin.logentry", "pk": 382, "fields": {"action_time": "2021-06-25T11:31:59.474", "user": 2, "content_type": 14, "object_id": "125", "object_repr": "FISH MASALA", "action_flag": 2, "change_message": "[{\"changed\": {\"fields\": [\"Description\"]}}]"}}, {"model": "admin.logentry", "pk": 383, "fields": {"action_time": "2021-06-25T11:32:22.252", "user": 2, "content_type": 14, "object_id": "38", "object_repr": "FISH TIKKA KEBAB", "action_flag": 2, "change_message": "[{\"changed\": {\"fields\": [\"Description\"]}}]"}}, {"model": "admin.logentry", "pk": 384, "fields": {"action_time": "2021-06-25T11:32:45.455", "user": 2, "content_type": 14, "object_id": "153", "object_repr": "FRENCH FRIES", "action_flag": 2, "change_message": "[{\"changed\": {\"fields\": [\"Description\"]}}]"}}, {"model": "admin.logentry", "pk": 385, "fields": {"action_time": "2021-06-25T11:33:04.892", "user": 2, "content_type": 14, "object_id": "101", "object_repr": "FRESH VEGETABLE JALFREZI", "action_flag": 2, "change_message": "[{\"changed\": {\"fields\": [\"Description\"]}}]"}}, {"model": "admin.logentry", "pk": 386, "fields": {"action_time": "2021-06-25T11:33:13.161", "user": 2, "content_type": 14, "object_id": "82", "object_repr": "FRIED", "action_flag": 2, "change_message": "[]"}}, {"model": "admin.logentry", "pk": 387, "fields": {"action_time": "2021-06-25T11:33:33.920", "user": 2, "content_type": 14, "object_id": "190", "object_repr": "GARDEN FRESH SIZZLER", "action_flag": 2, "change_message": "[{\"changed\": {\"fields\": [\"Description\"]}}]"}}, {"model": "admin.logentry", "pk": 388, "fields": {"action_time": "2021-06-25T11:34:02.665", "user": 2, "content_type": 14, "object_id": "157", "object_repr": "GARLIC BREAD", "action_flag": 2, "change_message": "[{\"changed\": {\"fields\": [\"Description\"]}}]"}}, {"model": "admin.logentry", "pk": 389, "fields": {"action_time": "2021-06-25T11:34:21.416", "user": 2, "content_type": 14, "object_id": "66", "object_repr": "GOLDEN FRIED PRAWNS", "action_flag": 2, "change_message": "[{\"changed\": {\"fields\": [\"Description\"]}}]"}}, {"model": "admin.logentry", "pk": 390, "fields": {"action_time": "2021-06-25T11:34:45.333", "user": 2, "content_type": 14, "object_id": "203", "object_repr": "GOLDEN PLATTER", "action_flag": 2, "change_message": "[{\"changed\": {\"fields\": [\"Description\"]}}]"}}, {"model": "admin.logentry", "pk": 391, "fields": {"action_time": "2021-06-25T11:34:54.144", "user": 2, "content_type": 14, "object_id": "92", "object_repr": "GREEK SALAD", "action_flag": 2, "change_message": "[]"}}, {"model": "admin.logentry", "pk": 392, "fields": {"action_time": "2021-06-25T11:35:01.826", "user": 2, "content_type": 14, "object_id": "87", "object_repr": "GREEN SALAD", "action_flag": 2, "change_message": "[]"}}, {"model": "admin.logentry", "pk": 393, "fields": {"action_time": "2021-06-25T11:35:22.033", "user": 2, "content_type": 14, "object_id": "175", "object_repr": "GRILLED FISH (2 FILLET)", "action_flag": 2, "change_message": "[{\"changed\": {\"fields\": [\"Description\"]}}]"}}, {"model": "admin.logentry", "pk": 394, "fields": {"action_time": "2021-06-25T11:35:50.949", "user": 2, "content_type": 14, "object_id": "178", "object_repr": "HALF TICKET TO ITALY", "action_flag": 2, "change_message": "[{\"changed\": {\"fields\": [\"Description\"]}}]"}}, {"model": "admin.logentry", "pk": 395, "fields": {"action_time": "2021-06-25T11:36:13.264", "user": 2, "content_type": 14, "object_id": "6", "object_repr": "HOT N SOUR SOUP", "action_flag": 2, "change_message": "[{\"changed\": {\"fields\": [\"Description\"]}}]"}}, {"model": "admin.logentry", "pk": 396, "fields": {"action_time": "2021-06-25T11:36:36.232", "user": 2, "content_type": 14, "object_id": "56", "object_repr": "I LIKE PANEER CHILLY DRY", "action_flag": 2, "change_message": "[{\"changed\": {\"fields\": [\"Description\"]}}]"}}, {"model": "admin.logentry", "pk": 397, "fields": {"action_time": "2021-06-25T11:37:01.741", "user": 2, "content_type": 14, "object_id": "215", "object_repr": "ICE - BURG SANDWICH", "action_flag": 2, "change_message": "[{\"changed\": {\"fields\": [\"Description\"]}}]"}}, {"model": "admin.logentry", "pk": 398, "fields": {"action_time": "2021-06-25T11:37:26.686", "user": 2, "content_type": 14, "object_id": "208", "object_repr": "INDIAN SPICED CHICKEN BURGER", "action_flag": 2, "change_message": "[{\"changed\": {\"fields\": [\"Description\"]}}]"}}, {"model": "admin.logentry", "pk": 399, "fields": {"action_time": "2021-06-25T11:37:52.896", "user": 2, "content_type": 14, "object_id": "57", "object_repr": "INDIANIZED VERSION VEG MANCHURIAN BALL", "action_flag": 2, "change_message": "[{\"changed\": {\"fields\": [\"Description\"]}}]"}}, {"model": "admin.logentry", "pk": 400, "fields": {"action_time": "2021-06-25T11:38:10.163", "user": 2, "content_type": 14, "object_id": "163", "object_repr": "ITALIANO X-TRA CHEESE PASTA", "action_flag": 2, "change_message": "[{\"changed\": {\"fields\": [\"Description\"]}}]"}}, {"model": "admin.logentry", "pk": 401, "fields": {"action_time": "2021-06-25T11:38:30.981", "user": 2, "content_type": 14, "object_id": "148", "object_repr": "JEERA RICE", "action_flag": 2, "change_message": "[{\"changed\": {\"fields\": [\"Description\"]}}]"}}, {"model": "admin.logentry", "pk": 402, "fields": {"action_time": "2021-06-25T11:39:39.944", "user": 2, "content_type": 14, "object_id": "89", "object_repr": "KACHUMBER SALAD", "action_flag": 2, "change_message": "[]"}}, {"model": "admin.logentry", "pk": 403, "fields": {"action_time": "2021-06-25T11:40:52.545", "user": 2, "content_type": 14, "object_id": "112", "object_repr": "KADAI CHICKEN", "action_flag": 2, "change_message": "[{\"changed\": {\"fields\": [\"Description\"]}}]"}}, {"model": "admin.logentry", "pk": 404, "fields": {"action_time": "2021-06-25T11:41:11.952", "user": 2, "content_type": 14, "object_id": "121", "object_repr": "KADAI GOSHT", "action_flag": 2, "change_message": "[{\"changed\": {\"fields\": [\"Description\"]}}]"}}, {"model": "admin.logentry", "pk": 405, "fields": {"action_time": "2021-06-25T11:41:25.435", "user": 2, "content_type": 14, "object_id": "83", "object_repr": "KHAKRA (PERI PERI/CHEESE/BUTTER PEANUT", "action_flag": 2, "change_message": "[]"}}, {"model": "admin.logentry", "pk": 406, "fields": {"action_time": "2021-06-25T11:41:50.532", "user": 2, "content_type": 14, "object_id": "124", "object_repr": "KHEEMA MASALA", "action_flag": 2, "change_message": "[{\"changed\": {\"fields\": [\"Description\"]}}]"}}, {"model": "admin.logentry", "pk": 407, "fields": {"action_time": "2021-06-25T11:42:00.066", "user": 2, "content_type": 14, "object_id": "90", "object_repr": "KHIMCHI SALAD", "action_flag": 2, "change_message": "[]"}}, {"model": "admin.logentry", "pk": 408, "fields": {"action_time": "2021-06-25T11:42:22.348", "user": 2, "content_type": 14, "object_id": "210", "object_repr": "KOREAN FRIED CHICKEN BURGER", "action_flag": 2, "change_message": "[{\"changed\": {\"fields\": [\"Description\"]}}]"}}, {"model": "admin.logentry", "pk": 409, "fields": {"action_time": "2021-06-25T11:42:47.457", "user": 2, "content_type": 14, "object_id": "140", "object_repr": "LACHCHA GARLIC NAAN", "action_flag": 2, "change_message": "[{\"changed\": {\"fields\": [\"Description\"]}}]"}}, {"model": "admin.logentry", "pk": 410, "fields": {"action_time": "2021-06-25T11:43:11.808", "user": 2, "content_type": 14, "object_id": "139", "object_repr": "LACHCHA PARATHA", "action_flag": 2, "change_message": "[{\"changed\": {\"fields\": [\"Description\"]}}]"}}, {"model": "admin.logentry", "pk": 411, "fields": {"action_time": "2021-06-25T11:43:56.709", "user": 2, "content_type": 14, "object_id": "141", "object_repr": "LAGAN KI DAL MAKHANI", "action_flag": 2, "change_message": "[{\"changed\": {\"fields\": [\"Description\"]}}]"}}, {"model": "admin.logentry", "pk": 412, "fields": {"action_time": "2021-06-25T11:44:40.442", "user": 2, "content_type": 14, "object_id": "94", "object_repr": "LASAGNA STYLE PANEER PALAK", "action_flag": 2, "change_message": "[{\"changed\": {\"fields\": [\"Description\"]}}]"}}, {"model": "admin.logentry", "pk": 413, "fields": {"action_time": "2021-06-25T11:45:08.846", "user": 2, "content_type": 14, "object_id": "137", "object_repr": "LASUNI THECHA KA NAAN", "action_flag": 2, "change_message": "[{\"changed\": {\"fields\": [\"Description\"]}}]"}}, {"model": "admin.logentry", "pk": 414, "fields": {"action_time": "2021-06-25T11:45:33.660", "user": 2, "content_type": 14, "object_id": "43", "object_repr": "LAT PATA MUTTON", "action_flag": 2, "change_message": "[{\"changed\": {\"fields\": [\"Description\"]}}]"}}, {"model": "admin.logentry", "pk": 415, "fields": {"action_time": "2021-06-25T11:46:40.786", "user": 2, "content_type": 14, "object_id": "1", "object_repr": "LEMON CORIANDER SOUP", "action_flag": 2, "change_message": "[{\"changed\": {\"fields\": [\"Description\"]}}]"}}, {"model": "admin.logentry", "pk": 416, "fields": {"action_time": "2021-06-25T11:47:07.918", "user": 2, "content_type": 14, "object_id": "186", "object_repr": "LOADED CHICKEN PIZZA", "action_flag": 2, "change_message": "[{\"changed\": {\"fields\": [\"Description\"]}}]"}}, {"model": "admin.logentry", "pk": 417, "fields": {"action_time": "2021-06-25T11:47:46.152", "user": 2, "content_type": 14, "object_id": "68", "object_repr": "LOOSE PRAWNS", "action_flag": 2, "change_message": "[{\"changed\": {\"fields\": [\"Description\"]}}]"}}, {"model": "admin.logentry", "pk": 418, "fields": {"action_time": "2021-06-25T11:48:06.976", "user": 2, "content_type": 14, "object_id": "167", "object_repr": "MAC N CHEESE", "action_flag": 2, "change_message": "[{\"changed\": {\"fields\": [\"Description\"]}}]"}}, {"model": "admin.logentry", "pk": 419, "fields": {"action_time": "2021-06-25T11:48:27.975", "user": 2, "content_type": 14, "object_id": "99", "object_repr": "MAKHMALI KOFTA CURRY", "action_flag": 2, "change_message": "[{\"changed\": {\"fields\": [\"Description\"]}}]"}}, {"model": "admin.logentry", "pk": 420, "fields": {"action_time": "2021-06-25T11:49:09.009", "user": 2, "content_type": 14, "object_id": "25", "object_repr": "MALAI MASALA BROCCOLI", "action_flag": 2, "change_message": "[{\"changed\": {\"fields\": [\"Description\"]}}]"}}, {"model": "admin.logentry", "pk": 421, "fields": {"action_time": "2021-06-25T11:49:36.865", "user": 2, "content_type": 14, "object_id": "164", "object_repr": "MAMMA MIA! PASTA AL- FUNGI", "action_flag": 2, "change_message": "[{\"changed\": {\"fields\": [\"Description\"]}}]"}}, {"model": "admin.logentry", "pk": 422, "fields": {"action_time": "2021-06-25T11:49:50.411", "user": 2, "content_type": 14, "object_id": "81", "object_repr": "MASALA", "action_flag": 2, "change_message": "[]"}}, {"model": "admin.logentry", "pk": 423, "fields": {"action_time": "2021-06-25T11:50:11.091", "user": 2, "content_type": 14, "object_id": "204", "object_repr": "MASALA KHAKHRA, CHAKLI AUR PEANUT COMBO", "action_flag": 2, "change_message": "[{\"changed\": {\"fields\": [\"Description\"]}}]"}}, {"model": "admin.logentry", "pk": 424, "fields": {"action_time": "2021-06-25T11:50:47.365", "user": 2, "content_type": 14, "object_id": "189", "object_repr": "MASTER SPOON SPECIAL", "action_flag": 2, "change_message": "[{\"changed\": {\"fields\": [\"Description\"]}}]"}}, {"model": "admin.logentry", "pk": 425, "fields": {"action_time": "2021-06-25T11:51:27.584", "user": 2, "content_type": 14, "object_id": "185", "object_repr": "MEAT BALL PIZZA", "action_flag": 2, "change_message": "[{\"changed\": {\"fields\": [\"Description\"]}}]"}}, {"model": "admin.logentry", "pk": 426, "fields": {"action_time": "2021-06-25T11:51:52.245", "user": 2, "content_type": 14, "object_id": "26", "object_repr": "METHI MALAI SEEKH KEBAB", "action_flag": 2, "change_message": "[{\"changed\": {\"fields\": [\"Description\"]}}]"}}, {"model": "admin.logentry", "pk": 427, "fields": {"action_time": "2021-06-25T11:52:24.275", "user": 2, "content_type": 14, "object_id": "192", "object_repr": "MEXICAN SIZZLER", "action_flag": 2, "change_message": "[{\"changed\": {\"fields\": [\"Description\"]}}]"}}, {"model": "admin.logentry", "pk": 428, "fields": {"action_time": "2021-06-25T11:52:34.165", "user": 2, "content_type": 14, "object_id": "79", "object_repr": "MIX FRUIT RAITA", "action_flag": 2, "change_message": "[]"}}, {"model": "admin.logentry", "pk": 429, "fields": {"action_time": "2021-06-25T11:52:42.586", "user": 2, "content_type": 14, "object_id": "73", "object_repr": "MIXED RAITA", "action_flag": 2, "change_message": "[]"}}, {"model": "admin.logentry", "pk": 430, "fields": {"action_time": "2021-06-25T11:53:05.065", "user": 2, "content_type": 14, "object_id": "30", "object_repr": "MURGH TOOFANI TIKKA", "action_flag": 2, "change_message": "[{\"changed\": {\"fields\": [\"Description\"]}}]"}}, {"model": "admin.logentry", "pk": 431, "fields": {"action_time": "2021-06-25T11:53:31.295", "user": 2, "content_type": 14, "object_id": "150", "object_repr": "MUTTON BIRYANI", "action_flag": 2, "change_message": "[{\"changed\": {\"fields\": [\"Description\"]}}]"}}, {"model": "admin.logentry", "pk": 432, "fields": {"action_time": "2021-06-25T11:53:56.625", "user": 2, "content_type": 14, "object_id": "123", "object_repr": "MUTTON MASALA", "action_flag": 2, "change_message": "[]"}}, {"model": "admin.logentry", "pk": 433, "fields": {"action_time": "2021-06-25T11:54:18.795", "user": 2, "content_type": 14, "object_id": "120", "object_repr": "MUTTON ROGAN JOSH", "action_flag": 2, "change_message": "[{\"changed\": {\"fields\": [\"Description\"]}}]"}}, {"model": "admin.logentry", "pk": 434, "fields": {"action_time": "2021-06-25T11:54:47.216", "user": 2, "content_type": 14, "object_id": "37", "object_repr": "MUTTON SEEKH KEBAB", "action_flag": 2, "change_message": "[{\"changed\": {\"fields\": [\"Description\"]}}]"}}, {"model": "admin.logentry", "pk": 435, "fields": {"action_time": "2021-06-25T11:56:33.671", "user": 2, "content_type": 14, "object_id": "122", "object_repr": "MUTTON TIKKA MASALA", "action_flag": 2, "change_message": "[{\"changed\": {\"fields\": [\"Description\"]}}]"}}, {"model": "admin.logentry", "pk": 436, "fields": {"action_time": "2021-06-25T11:57:15.632", "user": 2, "content_type": 14, "object_id": "197", "object_repr": "NACHOS", "action_flag": 2, "change_message": "[{\"changed\": {\"fields\": [\"Description\"]}}]"}}, {"model": "admin.logentry", "pk": 437, "fields": {"action_time": "2021-06-25T11:57:23.455", "user": 2, "content_type": 14, "object_id": "84", "object_repr": "NAGLI MASALA PAPAD", "action_flag": 2, "change_message": "[]"}}, {"model": "admin.logentry", "pk": 438, "fields": {"action_time": "2021-06-25T11:58:07.532", "user": 2, "content_type": 14, "object_id": "21", "object_repr": "OLD STYLE PANEER TIKKA", "action_flag": 2, "change_message": "[{\"changed\": {\"fields\": [\"Description\"]}}]"}}, {"model": "admin.logentry", "pk": 439, "fields": {"action_time": "2021-06-25T11:58:36.083", "user": 2, "content_type": 14, "object_id": "166", "object_repr": "OUR HOUSE HIP-HOP PENNE ARRABIATA", "action_flag": 2, "change_message": "[{\"changed\": {\"fields\": [\"Description\"]}}]"}}, {"model": "admin.logentry", "pk": 440, "fields": {"action_time": "2021-06-25T11:59:02.726", "user": 2, "content_type": 14, "object_id": "29", "object_repr": "PANEER MALAI TIKKA", "action_flag": 2, "change_message": "[{\"changed\": {\"fields\": [\"Description\"]}}]"}}, {"model": "admin.logentry", "pk": 441, "fields": {"action_time": "2021-06-25T12:01:44.505", "user": 2, "content_type": 14, "object_id": "102", "object_repr": "PANEER MUTTER SAAG", "action_flag": 2, "change_message": "[{\"changed\": {\"fields\": [\"Description\"]}}]"}}, {"model": "admin.logentry", "pk": 442, "fields": {"action_time": "2021-06-25T12:02:09.717", "user": 2, "content_type": 14, "object_id": "51", "object_repr": "PANEER PAPDI ROLL WITH CHUTNEY FOAM", "action_flag": 2, "change_message": "[{\"changed\": {\"fields\": [\"Description\"]}}]"}}, {"model": "admin.logentry", "pk": 443, "fields": {"action_time": "2021-06-25T12:02:33.671", "user": 2, "content_type": 14, "object_id": "27", "object_repr": "PANEER SHIKARI", "action_flag": 2, "change_message": "[{\"changed\": {\"fields\": [\"Description\"]}}]"}}, {"model": "admin.logentry", "pk": 444, "fields": {"action_time": "2021-06-25T12:02:51.227", "user": 2, "content_type": 14, "object_id": "162", "object_repr": "PANEER TIKKA SANDWICH", "action_flag": 2, "change_message": "[{\"changed\": {\"fields\": [\"Description\"]}}]"}}, {"model": "admin.logentry", "pk": 445, "fields": {"action_time": "2021-06-25T12:03:11.773", "user": 2, "content_type": 14, "object_id": "188", "object_repr": "PATIALA HOUSE", "action_flag": 2, "change_message": "[{\"changed\": {\"fields\": [\"Description\"]}}]"}}, {"model": "admin.logentry", "pk": 446, "fields": {"action_time": "2021-06-25T12:03:53.119", "user": 2, "content_type": 14, "object_id": "46", "object_repr": "PATRANI PANEER", "action_flag": 2, "change_message": "[{\"changed\": {\"fields\": [\"Description\"]}}]"}}, {"model": "admin.logentry", "pk": 447, "fields": {"action_time": "2021-06-25T12:04:14.528", "user": 2, "content_type": 14, "object_id": "23", "object_repr": "PATTE ME LIPTA PANEER", "action_flag": 2, "change_message": "[{\"changed\": {\"fields\": [\"Description\"]}}]"}}, {"model": "admin.logentry", "pk": 448, "fields": {"action_time": "2021-06-25T12:04:41.825", "user": 2, "content_type": 14, "object_id": "49", "object_repr": "PAV BHAJI FONDUE", "action_flag": 2, "change_message": "[{\"changed\": {\"fields\": [\"Description\"]}}]"}}, {"model": "admin.logentry", "pk": 449, "fields": {"action_time": "2021-06-25T12:05:10.546", "user": 2, "content_type": 14, "object_id": "63", "object_repr": "PEPPER CHICKEN", "action_flag": 2, "change_message": "[{\"changed\": {\"fields\": [\"Description\"]}}]"}}, {"model": "admin.logentry", "pk": 450, "fields": {"action_time": "2021-06-25T12:05:36.344", "user": 2, "content_type": 14, "object_id": "191", "object_repr": "PEPPER MUSHROOM SIZZLER", "action_flag": 2, "change_message": "[{\"changed\": {\"fields\": [\"Description\"]}}]"}}, {"model": "admin.logentry", "pk": 451, "fields": {"action_time": "2021-06-25T12:06:02.227", "user": 2, "content_type": 14, "object_id": "41", "object_repr": "PERI PERI CHICKEN TIKKA", "action_flag": 2, "change_message": "[{\"changed\": {\"fields\": [\"Description\"]}}]"}}, {"model": "admin.logentry", "pk": 452, "fields": {"action_time": "2021-06-25T12:06:28.806", "user": 2, "content_type": 14, "object_id": "154", "object_repr": "PERI PERI FRENCH FRIES", "action_flag": 2, "change_message": "[{\"changed\": {\"fields\": [\"Description\"]}}]"}}, {"model": "admin.logentry", "pk": 453, "fields": {"action_time": "2021-06-25T12:06:49.950", "user": 2, "content_type": 14, "object_id": "28", "object_repr": "PERI PERI PANEER TIKKA", "action_flag": 2, "change_message": "[{\"changed\": {\"fields\": [\"Description\"]}}]"}}, {"model": "admin.logentry", "pk": 454, "fields": {"action_time": "2021-06-25T12:07:14.384", "user": 2, "content_type": 14, "object_id": "171", "object_repr": "PESTO CHICKEN PASTA", "action_flag": 2, "change_message": "[{\"changed\": {\"fields\": [\"Description\"]}}]"}}, {"model": "admin.logentry", "pk": 455, "fields": {"action_time": "2021-06-25T12:07:41.075", "user": 2, "content_type": 14, "object_id": "132", "object_repr": "PESTO PARATHA", "action_flag": 2, "change_message": "[{\"changed\": {\"fields\": [\"Description\"]}}]"}}, {"model": "admin.logentry", "pk": 456, "fields": {"action_time": "2021-06-25T12:08:23.130", "user": 2, "content_type": 14, "object_id": "74", "object_repr": "PINEAPPLE RAITA", "action_flag": 2, "change_message": "[]"}}, {"model": "admin.logentry", "pk": 457, "fields": {"action_time": "2021-06-25T12:08:52.032", "user": 2, "content_type": 14, "object_id": "48", "object_repr": "PITA POCKET FALAFEL BITE", "action_flag": 2, "change_message": "[{\"changed\": {\"fields\": [\"Description\"]}}]"}}, {"model": "admin.logentry", "pk": 458, "fields": {"action_time": "2021-06-25T12:09:03.275", "user": 2, "content_type": 14, "object_id": "76", "object_repr": "PLAIN CURD", "action_flag": 2, "change_message": "[]"}}, {"model": "admin.logentry", "pk": 459, "fields": {"action_time": "2021-06-25T12:09:24.564", "user": 2, "content_type": 14, "object_id": "126", "object_repr": "PRAWNS MASALA", "action_flag": 2, "change_message": "[{\"changed\": {\"fields\": [\"Description\"]}}]"}}, {"model": "admin.logentry", "pk": 460, "fields": {"action_time": "2021-06-25T12:09:47.382", "user": 2, "content_type": 14, "object_id": "109", "object_repr": "PTM- KARO", "action_flag": 2, "change_message": "[{\"changed\": {\"fields\": [\"Description\"]}}]"}}, {"model": "admin.logentry", "pk": 461, "fields": {"action_time": "2021-06-25T12:10:23.443", "user": 2, "content_type": 14, "object_id": "105", "object_repr": "RAJWADA STYLE VEG KADAI SABZI", "action_flag": 2, "change_message": "[{\"changed\": {\"fields\": [\"Description\"]}}]"}}, {"model": "admin.logentry", "pk": 462, "fields": {"action_time": "2021-06-25T12:10:45.614", "user": 2, "content_type": 14, "object_id": "80", "object_repr": "ROASTED", "action_flag": 2, "change_message": "[]"}}, {"model": "admin.logentry", "pk": 463, "fields": {"action_time": "2021-06-25T12:10:55.680", "user": 2, "content_type": 14, "object_id": "86", "object_repr": "ROLL PAPAD", "action_flag": 2, "change_message": "[]"}}, {"model": "admin.logentry", "pk": 464, "fields": {"action_time": "2021-06-25T12:11:03.477", "user": 2, "content_type": 14, "object_id": "91", "object_repr": "RUSSIAN SALAD", "action_flag": 2, "change_message": "[]"}}, {"model": "admin.logentry", "pk": 465, "fields": {"action_time": "2021-06-25T12:11:22.499", "user": 2, "content_type": 14, "object_id": "147", "object_repr": "SAFED CHAWAL", "action_flag": 2, "change_message": "[{\"changed\": {\"fields\": [\"Description\"]}}]"}}, {"model": "admin.logentry", "pk": 466, "fields": {"action_time": "2021-06-25T12:11:43.506", "user": 2, "content_type": 14, "object_id": "196", "object_repr": "SAMUNDARI SIZZLER", "action_flag": 2, "change_message": "[{\"changed\": {\"fields\": [\"Description\"]}}]"}}, {"model": "admin.logentry", "pk": 467, "fields": {"action_time": "2021-06-25T12:11:59.208", "user": 2, "content_type": 14, "object_id": "95", "object_repr": "SCRAMBLED PANEER BHURJI", "action_flag": 2, "change_message": "[{\"changed\": {\"fields\": [\"Description\"]}}]"}}, {"model": "admin.logentry", "pk": 468, "fields": {"action_time": "2021-06-25T12:13:06.372", "user": 2, "content_type": 14, "object_id": "12", "object_repr": "SEA FOOD SOUP", "action_flag": 2, "change_message": "[{\"changed\": {\"fields\": [\"Description\"]}}]"}}, {"model": "admin.logentry", "pk": 469, "fields": {"action_time": "2021-06-25T12:13:40.339", "user": 2, "content_type": 14, "object_id": "44", "object_repr": "SHAMI KEBAB", "action_flag": 2, "change_message": "[{\"changed\": {\"fields\": [\"Description\"]}}]"}}, {"model": "admin.logentry", "pk": 470, "fields": {"action_time": "2021-06-25T12:14:20.748", "user": 2, "content_type": 14, "object_id": "54", "object_repr": "SICHUAN THREAD PANEER", "action_flag": 2, "change_message": "[{\"changed\": {\"fields\": [\"Description\"]}}]"}}, {"model": "admin.logentry", "pk": 471, "fields": {"action_time": "2021-06-25T12:14:34.412", "user": 2, "content_type": 14, "object_id": "85", "object_repr": "SINDHI PAPAD", "action_flag": 2, "change_message": "[]"}}, {"model": "admin.logentry", "pk": 472, "fields": {"action_time": "2021-06-25T12:14:58.267", "user": 2, "content_type": 14, "object_id": "104", "object_repr": "SMOKED PANEER MAKHAN WALA", "action_flag": 2, "change_message": "[{\"changed\": {\"fields\": [\"Description\"]}}]"}}, {"model": "admin.logentry", "pk": 473, "fields": {"action_time": "2021-06-25T12:15:17.084", "user": 2, "content_type": 14, "object_id": "18", "object_repr": "SMOKED TANDOORI SOYA CHAAP", "action_flag": 2, "change_message": "[{\"changed\": {\"fields\": [\"Description\"]}}]"}}, {"model": "admin.logentry", "pk": 474, "fields": {"action_time": "2021-06-25T12:15:35.757", "user": 2, "content_type": 14, "object_id": "168", "object_repr": "SPAGHETTI BOLOGNESE", "action_flag": 2, "change_message": "[{\"changed\": {\"fields\": [\"Description\"]}}]"}}, {"model": "admin.logentry", "pk": 475, "fields": {"action_time": "2021-06-25T12:16:02.894", "user": 2, "content_type": 14, "object_id": "110", "object_repr": "SPECIAL CHICKEN CURRY", "action_flag": 2, "change_message": "[{\"changed\": {\"fields\": [\"Description\"]}}]"}}, {"model": "admin.logentry", "pk": 476, "fields": {"action_time": "2021-06-25T12:16:25.414", "user": 2, "content_type": 14, "object_id": "106", "object_repr": "SPINACH AND VEGETABLE MIX ROULADE", "action_flag": 2, "change_message": "[{\"changed\": {\"fields\": [\"Description\"]}}]"}}, {"model": "admin.logentry", "pk": 477, "fields": {"action_time": "2021-06-25T12:16:42.155", "user": 2, "content_type": 14, "object_id": "55", "object_repr": "SPRING ROLL INDIAN MADE", "action_flag": 2, "change_message": "[{\"changed\": {\"fields\": [\"Description\"]}}]"}}, {"model": "admin.logentry", "pk": 478, "fields": {"action_time": "2021-06-25T12:16:57.214", "user": 2, "content_type": 14, "object_id": "2", "object_repr": "STREET SIDE MANCHOW SOUP", "action_flag": 2, "change_message": "[{\"changed\": {\"fields\": [\"Description\"]}}]"}}, {"model": "admin.logentry", "pk": 479, "fields": {"action_time": "2021-06-25T12:17:12.995", "user": 2, "content_type": 14, "object_id": "131", "object_repr": "STUFFED VEGETABLE PARATHA", "action_flag": 2, "change_message": "[{\"changed\": {\"fields\": [\"Description\"]}}]"}}, {"model": "admin.logentry", "pk": 480, "fields": {"action_time": "2021-06-25T12:17:28.890", "user": 2, "content_type": 14, "object_id": "159", "object_repr": "SUPREM GARLIC BREAD", "action_flag": 2, "change_message": "[{\"changed\": {\"fields\": [\"Description\"]}}]"}}, {"model": "admin.logentry", "pk": 481, "fields": {"action_time": "2021-06-25T12:57:04.570", "user": 2, "content_type": 14, "object_id": "199", "object_repr": "TACOS - NON - VEG", "action_flag": 2, "change_message": "[{\"changed\": {\"fields\": [\"Description\"]}}]"}}, {"model": "admin.logentry", "pk": 482, "fields": {"action_time": "2021-06-25T12:57:25.501", "user": 2, "content_type": 14, "object_id": "198", "object_repr": "TACOS - VEG", "action_flag": 2, "change_message": "[{\"changed\": {\"fields\": [\"Description\"]}}]"}}, {"model": "admin.logentry", "pk": 483, "fields": {"action_time": "2021-06-25T12:57:46.421", "user": 2, "content_type": 14, "object_id": "20", "object_repr": "TANDOOR ROASTED FRUIT CHAAT", "action_flag": 2, "change_message": "[{\"changed\": {\"fields\": [\"Description\"]}}]"}}, {"model": "admin.logentry", "pk": 484, "fields": {"action_time": "2021-06-25T12:58:19.172", "user": 2, "content_type": 14, "object_id": "36", "object_repr": "TANDOORI CHICKEN", "action_flag": 2, "change_message": "[{\"changed\": {\"fields\": [\"Description\"]}}]"}}, {"model": "admin.logentry", "pk": 485, "fields": {"action_time": "2021-06-25T12:58:56.855", "user": 2, "content_type": 14, "object_id": "118", "object_repr": "TANDOORI CHICKEN MASALA", "action_flag": 2, "change_message": "[{\"changed\": {\"fields\": [\"Description\"]}}]"}}, {"model": "admin.logentry", "pk": 486, "fields": {"action_time": "2021-06-25T12:59:14.534", "user": 2, "content_type": 14, "object_id": "19", "object_repr": "TANDOORI GRILLED MOMOS", "action_flag": 2, "change_message": "[{\"changed\": {\"fields\": [\"Description\"]}}]"}}, {"model": "admin.logentry", "pk": 487, "fields": {"action_time": "2021-06-25T12:59:32.462", "user": 2, "content_type": 14, "object_id": "187", "object_repr": "TEX-MEX SPECIAL TRIPLE RICE SIZZLER", "action_flag": 2, "change_message": "[{\"changed\": {\"fields\": [\"Description\"]}}]"}}, {"model": "admin.logentry", "pk": 488, "fields": {"action_time": "2021-06-25T12:59:55.153", "user": 2, "content_type": 14, "object_id": "22", "object_repr": "THE PERFECT VEG SEEKH KEBAB", "action_flag": 2, "change_message": "[{\"changed\": {\"fields\": [\"Description\"]}}]"}}, {"model": "admin.logentry", "pk": 489, "fields": {"action_time": "2021-06-25T13:00:15.986", "user": 2, "content_type": 14, "object_id": "161", "object_repr": "VEG CHEESE GRILLED SANDWICH", "action_flag": 2, "change_message": "[{\"changed\": {\"fields\": [\"Description\"]}}]"}}, {"model": "admin.logentry", "pk": 490, "fields": {"action_time": "2021-06-25T13:00:31.834", "user": 2, "content_type": 14, "object_id": "7", "object_repr": "VEG CLEAR SOUP", "action_flag": 2, "change_message": "[{\"changed\": {\"fields\": [\"Description\"]}}]"}}, {"model": "admin.logentry", "pk": 491, "fields": {"action_time": "2021-06-25T13:00:45.921", "user": 2, "content_type": 14, "object_id": "160", "object_repr": "VEG GRILLED SANDWICH", "action_flag": 2, "change_message": "[{\"changed\": {\"fields\": [\"Description\"]}}]"}}, {"model": "admin.logentry", "pk": 492, "fields": {"action_time": "2021-06-25T13:01:05.293", "user": 2, "content_type": 14, "object_id": "155", "object_repr": "VEGGIE BURGER", "action_flag": 2, "change_message": "[{\"changed\": {\"fields\": [\"Description\"]}}]"}}, {"model": "admin.logentry", "pk": 493, "fields": {"action_time": "2021-06-25T13:01:26.268", "user": 2, "content_type": 14, "object_id": "128", "object_repr": "WILD MUSHROOM KULCHA", "action_flag": 2, "change_message": "[{\"changed\": {\"fields\": [\"Description\"]}}]"}}, {"model": "admin.logentry", "pk": 494, "fields": {"action_time": "2021-06-25T13:01:43.904", "user": 2, "content_type": 14, "object_id": "47", "object_repr": "WOK TOSSED MOMOS", "action_flag": 2, "change_message": "[{\"changed\": {\"fields\": [\"Description\"]}}]"}}, {"model": "admin.logentry", "pk": 495, "fields": {"action_time": "2021-06-25T13:01:54.026", "user": 2, "content_type": 14, "object_id": "88", "object_repr": "WORLDROF SALAD", "action_flag": 2, "change_message": "[]"}}, {"model": "admin.logentry", "pk": 496, "fields": {"action_time": "2021-06-25T13:02:13.312", "user": 2, "content_type": 14, "object_id": "146", "object_repr": "ZAFFRANI PULAO", "action_flag": 2, "change_message": "[{\"changed\": {\"fields\": [\"Description\"]}}]"}}, {"model": "admin.logentry", "pk": 497, "fields": {"action_time": "2021-06-26T00:21:27.751", "user": 2, "content_type": 28, "object_id": "1", "object_repr": "Opening", "action_flag": 1, "change_message": "[{\"added\": {}}]"}}, {"model": "admin.logentry", "pk": 498, "fields": {"action_time": "2021-06-26T00:22:08.001", "user": 1, "content_type": 13, "object_id": "4", "object_repr": "ACCOMPANIMTS", "action_flag": 3, "change_message": ""}}, {"model": "admin.logentry", "pk": 499, "fields": {"action_time": "2021-06-26T00:29:57.382", "user": 2, "content_type": 28, "object_id": "2", "object_repr": "Golden Friday", "action_flag": 1, "change_message": "[{\"added\": {}}]"}}, {"model": "admin.logentry", "pk": 500, "fields": {"action_time": "2021-06-26T01:11:57.876", "user": 1, "content_type": 13, "object_id": "14", "object_repr": "SALAD", "action_flag": 2, "change_message": "[{\"changed\": {\"fields\": [\"Image\", \"Description\"]}}]"}}, {"model": "admin.logentry", "pk": 501, "fields": {"action_time": "2021-06-26T01:14:39.292", "user": 1, "content_type": 13, "object_id": "14", "object_repr": "SALAD", "action_flag": 2, "change_message": "[{\"changed\": {\"fields\": [\"Image\"]}}]"}}, {"model": "admin.logentry", "pk": 502, "fields": {"action_time": "2021-06-26T01:19:19.953", "user": 1, "content_type": 13, "object_id": "11", "object_repr": "MEXICAN", "action_flag": 2, "change_message": "[{\"changed\": {\"fields\": [\"Image\", \"Description\"]}}]"}}, {"model": "admin.logentry", "pk": 503, "fields": {"action_time": "2021-06-26T01:25:29.918", "user": 1, "content_type": 13, "object_id": "9", "object_repr": "PASTA AND PIZZA", "action_flag": 2, "change_message": "[{\"changed\": {\"fields\": [\"Image\", \"Description\"]}}]"}}, {"model": "admin.logentry", "pk": 504, "fields": {"action_time": "2021-06-26T01:27:02.850", "user": 1, "content_type": 13, "object_id": "8", "object_repr": "BREAD", "action_flag": 2, "change_message": "[{\"changed\": {\"fields\": [\"Image\", \"Description\"]}}]"}}, {"model": "admin.logentry", "pk": 505, "fields": {"action_time": "2021-06-26T01:31:16.619", "user": 1, "content_type": 13, "object_id": "7", "object_repr": "RICE", "action_flag": 2, "change_message": "[{\"changed\": {\"fields\": [\"Image\", \"Description\"]}}]"}}, {"model": "admin.logentry", "pk": 506, "fields": {"action_time": "2021-06-26T01:33:25.496", "user": 1, "content_type": 13, "object_id": "6", "object_repr": "ROTI", "action_flag": 2, "change_message": "[{\"changed\": {\"fields\": [\"Image\", \"Description\"]}}]"}}, {"model": "admin.logentry", "pk": 507, "fields": {"action_time": "2021-06-26T01:38:37.689", "user": 1, "content_type": 13, "object_id": "5", "object_repr": "INDIAN CURRY", "action_flag": 2, "change_message": "[{\"changed\": {\"fields\": [\"Image\", \"Description\"]}}]"}}, {"model": "admin.logentry", "pk": 508, "fields": {"action_time": "2021-06-26T01:39:06.738", "user": 1, "content_type": 13, "object_id": "15", "object_repr": "DAAL", "action_flag": 2, "change_message": "[{\"changed\": {\"fields\": [\"Image\", \"Description\"]}}]"}}, {"model": "admin.logentry", "pk": 509, "fields": {"action_time": "2021-06-26T01:42:39.472", "user": 1, "content_type": 13, "object_id": "3", "object_repr": "CHINESE", "action_flag": 2, "change_message": "[{\"changed\": {\"fields\": [\"Image\", \"Description\"]}}]"}}, {"model": "admin.logentry", "pk": 510, "fields": {"action_time": "2021-06-26T01:45:14.300", "user": 1, "content_type": 13, "object_id": "2", "object_repr": "TANDOOR", "action_flag": 2, "change_message": "[{\"changed\": {\"fields\": [\"Image\", \"Description\"]}}]"}}, {"model": "admin.logentry", "pk": 511, "fields": {"action_time": "2021-06-26T01:46:25.315", "user": 1, "content_type": 13, "object_id": "1", "object_repr": "SOUP", "action_flag": 2, "change_message": "[{\"changed\": {\"fields\": [\"Image\", \"Description\"]}}]"}}, {"model": "admin.logentry", "pk": 512, "fields": {"action_time": "2021-06-26T01:48:44.060", "user": 1, "content_type": 13, "object_id": "12", "object_repr": "RAITA", "action_flag": 2, "change_message": "[{\"changed\": {\"fields\": [\"Image\", \"Description\"]}}]"}}, {"model": "admin.logentry", "pk": 513, "fields": {"action_time": "2021-06-26T01:50:37.903", "user": 1, "content_type": 13, "object_id": "13", "object_repr": "PAPAD", "action_flag": 2, "change_message": "[{\"changed\": {\"fields\": [\"Image\", \"Description\"]}}]"}}, {"model": "admin.logentry", "pk": 514, "fields": {"action_time": "2021-06-26T01:51:28.638", "user": 1, "content_type": 13, "object_id": "1", "object_repr": "SOUP", "action_flag": 2, "change_message": "[{\"changed\": {\"fields\": [\"Image\"]}}]"}}, {"model": "admin.logentry", "pk": 515, "fields": {"action_time": "2021-06-26T01:52:03.755", "user": 1, "content_type": 13, "object_id": "1", "object_repr": "SOUP", "action_flag": 2, "change_message": "[{\"changed\": {\"fields\": [\"Image\"]}}]"}}, {"model": "admin.logentry", "pk": 516, "fields": {"action_time": "2021-06-26T01:52:36.072", "user": 1, "content_type": 13, "object_id": "1", "object_repr": "SOUP", "action_flag": 2, "change_message": "[{\"changed\": {\"fields\": [\"Image\"]}}]"}}, {"model": "admin.logentry", "pk": 517, "fields": {"action_time": "2021-06-26T01:53:06.517", "user": 1, "content_type": 13, "object_id": "1", "object_repr": "SOUP", "action_flag": 2, "change_message": "[{\"changed\": {\"fields\": [\"Description\"]}}]"}}, {"model": "admin.logentry", "pk": 518, "fields": {"action_time": "2021-06-26T01:53:46.513", "user": 1, "content_type": 13, "object_id": "2", "object_repr": "TANDOOR", "action_flag": 2, "change_message": "[{\"changed\": {\"fields\": [\"Description\"]}}]"}}, {"model": "admin.logentry", "pk": 519, "fields": {"action_time": "2021-06-26T01:54:40.861", "user": 1, "content_type": 13, "object_id": "3", "object_repr": "CHINESE", "action_flag": 2, "change_message": "[{\"changed\": {\"fields\": [\"Description\"]}}]"}}, {"model": "admin.logentry", "pk": 520, "fields": {"action_time": "2021-06-26T01:55:26.328", "user": 1, "content_type": 13, "object_id": "12", "object_repr": "RAITA", "action_flag": 2, "change_message": "[{\"changed\": {\"fields\": [\"Description\"]}}]"}}, {"model": "admin.logentry", "pk": 521, "fields": {"action_time": "2021-06-26T01:56:03.641", "user": 1, "content_type": 13, "object_id": "13", "object_repr": "PAPAD", "action_flag": 2, "change_message": "[{\"changed\": {\"fields\": [\"Description\"]}}]"}}, {"model": "admin.logentry", "pk": 522, "fields": {"action_time": "2021-06-26T01:57:35.036", "user": 1, "content_type": 13, "object_id": "10", "object_repr": "SIZZLER", "action_flag": 2, "change_message": "[{\"changed\": {\"fields\": [\"Image\", \"Description\"]}}]"}}, {"model": "admin.logentry", "pk": 523, "fields": {"action_time": "2021-06-26T01:59:25.028", "user": 1, "content_type": 13, "object_id": "1", "object_repr": "SOUP", "action_flag": 2, "change_message": "[{\"changed\": {\"fields\": [\"Image\"]}}]"}}, {"model": "admin.logentry", "pk": 524, "fields": {"action_time": "2021-06-26T02:01:01.629", "user": 1, "content_type": 13, "object_id": "1", "object_repr": "SOUP", "action_flag": 2, "change_message": "[{\"changed\": {\"fields\": [\"Image\"]}}]"}}, {"model": "admin.logentry", "pk": 525, "fields": {"action_time": "2021-06-26T02:05:30.186", "user": 2, "content_type": 14, "object_id": "7", "object_repr": "VEG CLEAR SOUP", "action_flag": 2, "change_message": "[{\"changed\": {\"fields\": [\"Description\"]}}]"}}, {"model": "admin.logentry", "pk": 526, "fields": {"action_time": "2021-07-03T13:15:59", "user": 2, "content_type": 11, "object_id": "1", "object_repr": "TPP", "action_flag": 1, "change_message": "[{\"added\": {}}]"}}, {"model": "admin.logentry", "pk": 527, "fields": {"action_time": "2021-07-03T13:19:04.863", "user": 2, "content_type": 11, "object_id": "1", "object_repr": "TPP", "action_flag": 2, "change_message": "[{\"changed\": {\"fields\": [\"Tand c\", \"Privacy policy\"]}}]"}}, {"model": "admin.logentry", "pk": 528, "fields": {"action_time": "2021-07-03T13:21:37.357", "user": 2, "content_type": 11, "object_id": "1", "object_repr": "TPP", "action_flag": 2, "change_message": "[{\"changed\": {\"fields\": [\"Tand c\", \"Refund policy\", \"Cancellation policy\", \"Privacy policy\"]}}]"}}, {"model": "admin.logentry", "pk": 529, "fields": {"action_time": "2021-08-03T16:43:18.796", "user": 2, "content_type": 21, "object_id": "4", "object_repr": "2 of BRAZILIANO", "action_flag": 1, "change_message": "[{\"added\": {}}]"}}, {"model": "admin.logentry", "pk": 530, "fields": {"action_time": "2021-09-10T11:08:21.270", "user": 1, "content_type": 20, "object_id": "1", "object_repr": "info@siteguide.co.in", "action_flag": 2, "change_message": "[{\"changed\": {\"fields\": [\"Name\", \"Verified\"]}}]"}}, {"model": "admin.logentry", "pk": 531, "fields": {"action_time": "2021-09-10T11:08:35.738", "user": 2, "content_type": 20, "object_id": "2", "object_repr": "goldennest@gmail.com", "action_flag": 2, "change_message": "[{\"changed\": {\"fields\": [\"Name\", \"Verified\"]}}]"}}, {"model": "admin.logentry", "pk": 532, "fields": {"action_time": "2021-09-10T18:06:48.417", "user": 1, "content_type": 11, "object_id": "1", "object_repr": "TPP", "action_flag": 2, "change_message": "[{\"changed\": {\"fields\": [\"Shipping policy\"]}}]"}}, {"model": "admin.logentry", "pk": 533, "fields": {"action_time": "2021-09-16T10:00:46.437", "user": 1, "content_type": 20, "object_id": "3", "object_repr": "test@gmail.com", "action_flag": 2, "change_message": "[{\"changed\": {\"fields\": [\"Superuser status\", \"Name\", \"Staff\"]}}]"}}, {"model": "admin.logentry", "pk": 534, "fields": {"action_time": "2021-10-04T17:08:33.850", "user": 4, "content_type": 22, "object_id": "4", "object_repr": "jay@gmail.com", "action_flag": 2, "change_message": "[{\"changed\": {\"fields\": [\"Email\", \"Name\", \"Verified\"]}}]"}}, {"model": "admin.logentry", "pk": 535, "fields": {"action_time": "2021-10-04T17:10:10.692", "user": 4, "content_type": 18, "object_id": "1", "object_repr": "TableCount object (1)", "action_flag": 1, "change_message": "[{\"added\": {}}]"}}, {"model": "admin.logentry", "pk": 536, "fields": {"action_time": "2021-10-04T17:10:24.650", "user": 4, "content_type": 18, "object_id": "2", "object_repr": "TableCount object (2)", "action_flag": 1, "change_message": "[{\"added\": {}}]"}}, {"model": "admin.logentry", "pk": 537, "fields": {"action_time": "2021-10-04T17:11:19.057", "user": 4, "content_type": 18, "object_id": "3", "object_repr": "TableCount object (3)", "action_flag": 1, "change_message": "[{\"added\": {}}]"}}, {"model": "admin.logentry", "pk": 538, "fields": {"action_time": "2021-10-04T17:11:54.524", "user": 4, "content_type": 20, "object_id": "1", "object_repr": "Indoor", "action_flag": 1, "change_message": "[{\"added\": {}}]"}}, {"model": "admin.logentry", "pk": 539, "fields": {"action_time": "2021-10-04T17:12:09.059", "user": 4, "content_type": 20, "object_id": "2", "object_repr": "Outdoor", "action_flag": 1, "change_message": "[{\"added\": {}}]"}}, {"model": "admin.logentry", "pk": 540, "fields": {"action_time": "2021-10-04T17:13:47.136", "user": 4, "content_type": 19, "object_id": "1", "object_repr": "09:00:00", "action_flag": 1, "change_message": "[{\"added\": {}}]"}}, {"model": "admin.logentry", "pk": 541, "fields": {"action_time": "2021-10-04T17:14:16.359", "user": 4, "content_type": 11, "object_id": "1", "object_repr": "Restaurants Timing", "action_flag": 1, "change_message": "[{\"added\": {}}]"}}, {"model": "admin.logentry", "pk": 542, "fields": {"action_time": "2021-10-04T17:19:45.070", "user": 4, "content_type": 11, "object_id": "1", "object_repr": "Restaurants Timing", "action_flag": 2, "change_message": "[{\"changed\": {\"fields\": [\"Closing time\"]}}]"}}, {"model": "admin.logentry", "pk": 543, "fields": {"action_time": "2021-10-04T17:56:46.253", "user": 4, "content_type": 21, "object_id": "1", "object_repr": "1", "action_flag": 1, "change_message": "[{\"added\": {}}]"}}, {"model": "admin.logentry", "pk": 544, "fields": {"action_time": "2021-10-04T18:01:23.383", "user": 4, "content_type": 21, "object_id": "2", "object_repr": "2", "action_flag": 1, "change_message": "[{\"added\": {}}]"}}, {"model": "admin.logentry", "pk": 545, "fields": {"action_time": "2021-10-04T19:33:36.664", "user": 4, "content_type": 11, "object_id": "1", "object_repr": "Restaurants Timing", "action_flag": 2, "change_message": "[{\"changed\": {\"fields\": [\"Closing time\"]}}]"}}, {"model": "admin.logentry", "pk": 546, "fields": {"action_time": "2021-10-04T20:31:42.100", "user": 4, "content_type": 31, "object_id": "1", "object_repr": "PeopleVariation object (1)", "action_flag": 1, "change_message": "[{\"added\": {}}]"}}, {"model": "admin.logentry", "pk": 547, "fields": {"action_time": "2021-10-04T20:31:52.803", "user": 4, "content_type": 31, "object_id": "2", "object_repr": "PeopleVariation object (2)", "action_flag": 1, "change_message": "[{\"added\": {}}]"}}, {"model": "admin.logentry", "pk": 548, "fields": {"action_time": "2021-10-04T20:32:02.746", "user": 4, "content_type": 31, "object_id": "3", "object_repr": "PeopleVariation object (3)", "action_flag": 1, "change_message": "[{\"added\": {}}]"}}, {"model": "admin.logentry", "pk": 549, "fields": {"action_time": "2021-10-04T20:32:13.153", "user": 4, "content_type": 31, "object_id": "4", "object_repr": "PeopleVariation object (4)", "action_flag": 1, "change_message": "[{\"added\": {}}]"}}, {"model": "admin.logentry", "pk": 550, "fields": {"action_time": "2021-10-04T20:32:33.423", "user": 4, "content_type": 36, "object_id": "1", "object_repr": "1", "action_flag": 1, "change_message": "[{\"added\": {}}]"}}, {"model": "admin.logentry", "pk": 551, "fields": {"action_time": "2021-10-04T20:33:07.811", "user": 4, "content_type": 36, "object_id": "1", "object_repr": "1", "action_flag": 2, "change_message": "[{\"changed\": {\"fields\": [\"Short description\"]}}]"}}, {"model": "admin.logentry", "pk": 552, "fields": {"action_time": "2021-10-04T22:57:31.944", "user": 4, "content_type": 36, "object_id": "1", "object_repr": "1", "action_flag": 2, "change_message": "[{\"changed\": {\"fields\": [\"Stock no\"]}}]"}}, {"model": "admin.logentry", "pk": 553, "fields": {"action_time": "2021-10-05T10:32:46.164", "user": 2, "content_type": 11, "object_id": "1", "object_repr": "Restaurants Timing", "action_flag": 2, "change_message": "[]"}}, {"model": "admin.logentry", "pk": 554, "fields": {"action_time": "2021-10-07T00:05:17.325", "user": 2, "content_type": 36, "object_id": "1", "object_repr": "1", "action_flag": 2, "change_message": "[{\"changed\": {\"fields\": [\"Image main\"]}}]"}}, {"model": "admin.logentry", "pk": 555, "fields": {"action_time": "2021-10-07T00:05:35.749", "user": 2, "content_type": 36, "object_id": "1", "object_repr": "1", "action_flag": 2, "change_message": "[{\"changed\": {\"fields\": [\"Stock no\"]}}]"}}, {"model": "admin.logentry", "pk": 556, "fields": {"action_time": "2021-10-07T00:06:48.874", "user": 2, "content_type": 36, "object_id": "2", "object_repr": "2", "action_flag": 1, "change_message": "[{\"added\": {}}]"}}, {"model": "admin.logentry", "pk": 557, "fields": {"action_time": "2021-10-07T00:06:51.623", "user": 2, "content_type": 36, "object_id": "3", "object_repr": "3", "action_flag": 1, "change_message": "[{\"added\": {}}]"}}, {"model": "admin.logentry", "pk": 558, "fields": {"action_time": "2021-10-07T00:07:39.447", "user": 2, "content_type": 36, "object_id": "4", "object_repr": "4", "action_flag": 1, "change_message": "[{\"added\": {}}]"}}, {"model": "admin.logentry", "pk": 559, "fields": {"action_time": "2021-10-07T00:08:03.400", "user": 2, "content_type": 36, "object_id": "5", "object_repr": "5", "action_flag": 1, "change_message": "[{\"added\": {}}]"}}, {"model": "admin.logentry", "pk": 560, "fields": {"action_time": "2021-10-07T00:08:45.888", "user": 2, "content_type": 36, "object_id": "3", "object_repr": "3", "action_flag": 3, "change_message": ""}}, {"model": "admin.logentry", "pk": 561, "fields": {"action_time": "2021-10-07T10:23:55.502", "user": 1, "content_type": 22, "object_id": "5", "object_repr": "test2@gmail.com", "action_flag": 2, "change_message": "[{\"changed\": {\"fields\": [\"Active\"]}}]"}}, {"model": "admin.logentry", "pk": 562, "fields": {"action_time": "2021-10-07T10:42:03.768", "user": 2, "content_type": 25, "object_id": "1", "object_repr": "#GN", "action_flag": 1, "change_message": "[{\"added\": {}}]"}}, {"model": "admin.logentry", "pk": 563, "fields": {"action_time": "2021-10-07T10:42:52.944", "user": 2, "content_type": 25, "object_id": "1", "object_repr": "#GN10", "action_flag": 2, "change_message": "[{\"changed\": {\"fields\": [\"Code\"]}}]"}}, {"model": "admin.logentry", "pk": 564, "fields": {"action_time": "2021-10-08T18:23:00.960", "user": 2, "content_type": 22, "object_id": "2", "object_repr": "jaypatel1833j@gmail.com", "action_flag": 2, "change_message": "[{\"changed\": {\"fields\": [\"Email\", \"Name\", \"Phone number\"]}}]"}}, {"model": "admin.logentry", "pk": 565, "fields": {"action_time": "2021-10-08T19:00:59.542", "user": 2, "content_type": 22, "object_id": "2", "object_repr": "goldennest@gmail.com", "action_flag": 2, "change_message": "[{\"changed\": {\"fields\": [\"Email\"]}}]"}}, {"model": "admin.logentry", "pk": 566, "fields": {"action_time": "2021-10-16T10:58:39.237", "user": 2, "content_type": 22, "object_id": "2", "object_repr": "goldennest@gmail.com", "action_flag": 2, "change_message": "[{\"changed\": {\"fields\": [\"Name\"]}}]"}}, {"model": "admin.logentry", "pk": 567, "fields": {"action_time": "2021-10-16T16:36:58.425", "user": 2, "content_type": 22, "object_id": "2", "object_repr": "goldennest@gmail.com", "action_flag": 2, "change_message": "[{\"changed\": {\"fields\": [\"Name\"]}}]"}}, {"model": "admin.logentry", "pk": 568, "fields": {"action_time": "2021-12-04T10:35:10.059", "user": 2, "content_type": 22, "object_id": "3", "object_repr": "test@gmail.com", "action_flag": 2, "change_message": "[{\"changed\": {\"fields\": [\"Phone number\"]}}]"}}, {"model": "admin.logentry", "pk": 569, "fields": {"action_time": "2021-12-06T11:03:32.880", "user": 1, "content_type": 28, "object_id": "4", "object_repr": "test@gmail.com Order", "action_flag": 2, "change_message": "[{\"changed\": {\"fields\": [\"User\", \"Ordered date time\", \"Seen\"]}}]"}}, {"model": "admin.logentry", "pk": 570, "fields": {"action_time": "2021-12-06T11:04:34.665", "user": 1, "content_type": 28, "object_id": "13", "object_repr": "test@gmail.com Order", "action_flag": 2, "change_message": "[{\"changed\": {\"fields\": [\"User\", \"Ordered date time\"]}}]"}}, {"model": "admin.logentry", "pk": 571, "fields": {"action_time": "2021-12-12T14:13:47.005", "user": 1, "content_type": 14, "object_id": "5", "object_repr": "2_test", "action_flag": 2, "change_message": "[{\"changed\": {\"fields\": [\"User\", \"Name\", \"Email\"]}}]"}}, {"model": "admin.logentry", "pk": 572, "fields": {"action_time": "2021-12-12T14:14:19.943", "user": 1, "content_type": 14, "object_id": "3", "object_repr": "2_test", "action_flag": 2, "change_message": "[{\"changed\": {\"fields\": [\"User\", \"Name\", \"Email\", \"Booked for date\", \"Booked for time\"]}}]"}}, {"model": "admin.logentry", "pk": 573, "fields": {"action_time": "2021-12-12T14:14:25.858", "user": 1, "content_type": 14, "object_id": "5", "object_repr": "2_test", "action_flag": 2, "change_message": "[{\"changed\": {\"fields\": [\"Booked for date\", \"Booked for time\"]}}]"}}, {"model": "admin.logentry", "pk": 574, "fields": {"action_time": "2021-12-12T14:15:17.731", "user": 1, "content_type": 33, "object_id": "17", "object_repr": "17", "action_flag": 2, "change_message": "[{\"changed\": {\"fields\": [\"User\", \"Is booked\", \"Is confirmed\", \"Payment\"]}}]"}}, {"model": "admin.logentry", "pk": 575, "fields": {"action_time": "2021-12-12T14:15:42.521", "user": 1, "content_type": 33, "object_id": "16", "object_repr": "16", "action_flag": 2, "change_message": "[{\"changed\": {\"fields\": [\"User\", \"Check in\", \"Check out\", \"Is booked\", \"Payment\", \"Is rejected\"]}}]"}}, {"model": "admin.logentry", "pk": 576, "fields": {"action_time": "2021-12-12T14:15:58.558", "user": 1, "content_type": 33, "object_id": "17", "object_repr": "17", "action_flag": 2, "change_message": "[{\"changed\": {\"fields\": [\"Check in\", \"Check out\"]}}]"}}, {"model": "sessions.session", "pk": "15xfmoi86yqa5ru9yq8e9gjbiih42twx", "fields": {"session_data": ".eJxVjEEOwiAQRe_C2pBCmQFcuvcMZBhAqoYmpV0Z765NutDtf-_9lwi0rTVsPS9hSuIstDj9bpH4kdsO0p3abZY8t3WZotwVedAur3PKz8vh_h1U6vVbEypIBY0dkECTS1AMjWgSeqUjKGsVsXExIhv2hQAAy-CKV54Ml1G8P9USN6w:1mmDAj:fxHGk7Cw9MSVsIbp_RHG_-FBziEp8KhM7RHPteI4vu8", "expire_date": "2021-11-28T16:25:41.029"}}, {"model": "sessions.session", "pk": "1gyflmc7xwc1swwvpbkfdivfhkqgs2p9", "fields": {"session_data": ".eJxVjMEOgjAQRP-lZ9N0C3S3Hr3zDc3Sbi1qIKFwMv67kHDQOc57M28VeFtL2KosYUzqqhp1-e0Gjk-ZDpAePN1nHedpXcZBH4o-adX9nOR1O92_g8K17GuTWuQBwCIAURTsOoLWknGEmXyb9ghKZoniHDem8ZjBeHIOcwKrPl_KCjde:1mQj4d:IyBNRcgUI2mjvikLaOksEHSNGtDkJBwfvUzmnoTe2H8", "expire_date": "2021-09-30T10:02:35.720"}}, {"model": "sessions.session", "pk": "1o4l692hrx3sy79mklfbptsfdgowb8su", "fields": {"session_data": ".eJxVjDsOwyAQRO9CHSHAfFOm9xnQsqyDkwgkY1dR7h5bcpF0o3lv5s0ibGuJW6clzpldmdLs8lsmwCfVg-QH1Hvj2Oq6zIkfCj9p52PL9Lqd7t9BgV729WAAHDrtSU86TIhWKAzaeuUSyWQS2kB78tIZGsiE5KQBq6QVSCIb9vkCD4c4EA:1mx6xg:talzcfngaac_vMvXbmEIpJX4QiFtzMxaywKVXIdueko", "expire_date": "2021-12-28T18:01:16.254"}}, {"model": "sessions.session", "pk": "28dg1tieelswv726slb99mptiwe00nub", "fields": {"session_data": ".eJxVjMEOgjAQRP-lZ9N0C3S3Hr3zDc3Sbi1qIKFwMv67kHDQOc57M28VeFtL2KosYUzqqhp1-e0Gjk-ZDpAePN1nHedpXcZBH4o-adX9nOR1O92_g8K17GuTWuQBwCIAURTsOoLWknGEmXyb9ghKZoniHDem8ZjBeHIOcwKrPl_KCjde:1mwHpQ:EzSiND8gbhHsVFNObSseBhXk3LMsybqgpdlJKUj5h9E", "expire_date": "2021-12-26T11:25:20.665"}}, {"model": "sessions.session", "pk": "2u3jx7f390trmp7lqnhu5noaz2pcjaxz", "fields": {"session_data": ".eJxVjEEOgjAQRe_StWlmwDKtS_ecoel0poIaSCisjHdXEha6_e-9_zIxbesQt6pLHMVcDJrT78YpP3TagdzTdJttnqd1Gdnuij1otf0s-rwe7t_BkOrwrdUHAClEnloWdsqehAkd5BIKAqFvQoMutSRBGeGMpVN2HWSXS5vN-wPf7jfZ:1mjh2v:ZTckkVjLVu_FAxnrugsM4H1whNbxN6kZ1f60jY1WOGE", "expire_date": "2021-11-21T17:43:13.305"}}, {"model": "sessions.session", "pk": "3uhg59ynl8cqj39ow3cb9h5he8fxqv0w", "fields": {"session_data": ".eJxVjDsOwjAQBe_iGlny36ak5wzWeneNA8iR4qRC3B0ipYD2zcx7iQzb2vI2eMkTibPQWpx-xwL44L4TukO_zRLnvi5TkbsiDzrkdSZ-Xg7376DBaN86UVDe2mACKKzFuphUQYoJdXLWszGMXlUEDZEKs0-FDVpXramKvBfvDwZLOHs:1mom9r:BbuXQQQTa2HtdPgpJOYzxnA6WtOShl7xsLptnuGfqMM", "expire_date": "2021-12-05T18:11:23.292"}}, {"model": "sessions.session", "pk": "538uyes9h9ng0mqnj0q8nyowq1nrh5im", "fields": {"session_data": ".eJxVjEEOwiAQRe_C2hAHCMO4dO8ZGmCmUjWQlHbVeHdt0oVu_3vvb2qI61KGtcs8TKwuCpw6_Y4p5qfUnfAj1nvTudVlnpLeFX3Qrm-N5XU93L-DEnv51mOQbMmMgTIKWsoGeAQM4NAba1lYHEhiBJ-yRyKKKXl0EJDA0Fm9PwsCN6A:1mgMb9:FpO-trSQvHTR6nE85DVTBa5tjCixgudy0zBMEuCtUgk", "expire_date": "2021-11-12T13:16:47.900"}}, {"model": "sessions.session", "pk": "588te4zkqjqn0bio2yzt47z8kfhhd00f", "fields": {"session_data": ".eJxVjMEOgjAQRP-lZ9N0C3S3Hr3zDc3Sbi1qIKFwMv67kHDQOc57M28VeFtL2KosYUzqqhp1-e0Gjk-ZDpAePN1nHedpXcZBH4o-adX9nOR1O92_g8K17GuTWuQBwCIAURTsOoLWknGEmXyb9ghKZoniHDem8ZjBeHIOcwKrPl_KCjde:1mtlNp:VAXy-fHBM4rgJ9ORkhKgotozyU-jjbtGmlJk4VNNgoQ", "expire_date": "2021-12-19T12:22:25.216"}}, {"model": "sessions.session", "pk": "70jr63kgyrkdxy3vgcxrxq9ksgz3v9pi", "fields": {"session_data": ".eJxVjEEOwiAQRe_C2pBCmQFcuvcMZBhAqoYmpV0Z765NutDtf-_9lwi0rTVsPS9hSuIstDj9bpH4kdsO0p3abZY8t3WZotwVedAur3PKz8vh_h1U6vVbEypIBY0dkECTS1AMjWgSeqUjKGsVsXExIhv2hQAAy-CKV54Ml1G8P9USN6w:1lwdyJ:r7N9sUvXu9uNdyMl3g7eUxHjZNmJB57GIImlQ_8h1Po", "expire_date": "2021-07-09T10:31:43.970"}}, {"model": "sessions.session", "pk": "86nlrvpk591u2zr4so41pvwbrebr0mzy", "fields": {"session_data": ".eJxVjEEOwiAQRe_C2hAodAZcuvcMZDqAVA0kpV0Z765NutDtf-_9lwi0rSVsPS1hjuIsNIrT7zgRP1LdSbxTvTXJra7LPMldkQft8tpiel4O9--gUC_f2jsCRKJBZ2LGzDmiAouRnB2TAiSrwUzgTPRsPYJmq9AAD8bhqL14fwAQJTdg:1mjHCS:iqh86xR7uGHQ5LjcEpEqmlzwN5ZF02ZlaktxQATwtTE", "expire_date": "2021-11-20T14:07:20.448"}}, {"model": "sessions.session", "pk": "99uc1o1onw7bz45r2k55wqwrrbu5phgx", "fields": {"session_data": ".eJxVjMEOwiAQRP-FsyEsBQsevfsNZJcFqRpISnsy_rtt0oNe5jDvzbxFwHUpYe1pDhOLizDi9NsRxmeqO-AH1nuTsdVlnkjuijxol7fG6XU93L-Dgr1sa3QKyRg3ZMIza8tsNOQMyqeYrYdBJ0JAQ7Al6OzT6NxIHhV4HiyLzxf67jhP:1mXN1w:dBu5TnODz4ISiBbMKIjrClpopdJSvXM2iPXA3vs9STY", "expire_date": "2021-10-18T17:55:16.443"}}, {"model": "sessions.session", "pk": "9dntv6ru224ngvia6762jvccax7tgglv", "fields": {"session_data": ".eJxVjEEOgjAQRe_StWlmwDKtS_ecoel0poIaSCisjHdXEha6_e-9_zIxbesQt6pLHMVcDJrT78YpP3TagdzTdJttnqd1Gdnuij1otf0s-rwe7t_BkOrwrdUHAClEnloWdsqehAkd5BIKAqFvQoMutSRBGeGMpVN2HWSXS5vN-wPf7jfZ:1mYLu2:a5P2UKxNZDOroUWKyVtZtAjGaHzoVZX3FuY84V6_xQc", "expire_date": "2021-10-21T10:55:10.583"}}, {"model": "sessions.session", "pk": "a7ur0ra9hyam60s0wdcmiteixqh0oi7x", "fields": {"session_data": ".eJxVjEEOwiAQRe_C2pBCmQFcuvcMZBhAqoYmpV0Z765NutDtf-_9lwi0rTVsPS9hSuIstDj9bpH4kdsO0p3abZY8t3WZotwVedAur3PKz8vh_h1U6vVbEypIBY0dkECTS1AMjWgSeqUjKGsVsXExIhv2hQAAy-CKV54Ml1G8P9USN6w:1mxSeK:hKV4yKGjINoZLQALWFFmWeBx3xRPVZt53nSw-JVjgSI", "expire_date": "2021-12-29T17:10:44.672"}}, {"model": "sessions.session", "pk": "bfeh1hk3lxkq03ria8r5xab64f40am81", "fields": {"session_data": ".eJxVjEEOgjAQRe_StWlmwDKtS_ecoel0poIaSCisjHdXEha6_e-9_zIxbesQt6pLHMVcDJrT78YpP3TagdzTdJttnqd1Gdnuij1otf0s-rwe7t_BkOrwrdUHAClEnloWdsqehAkd5BIKAqFvQoMutSRBGeGMpVN2HWSXS5vN-wPf7jfZ:1mg00i:gooHs2z1vosbWsr9bAh9tiMvJTjYRqK000FIpYrcYJY", "expire_date": "2021-11-11T13:09:40.615"}}, {"model": "sessions.session", "pk": "cmkms7jhv1j2bfvmggh6j40v6j9jwu35", "fields": {"session_data": ".eJxVjEEOwiAQRe_C2pBCmQFcuvcMZBhAqoYmpV0Z765NutDtf-_9lwi0rTVsPS9hSuIstDj9bpH4kdsO0p3abZY8t3WZotwVedAur3PKz8vh_h1U6vVbEypIBY0dkECTS1AMjWgSeqUjKGsVsXExIhv2hQAAy-CKV54Ml1G8P9USN6w:1mhmO8:IrnzN9eYzPuxbIHtnLNfmI_BAati2QGgq9GSfReRn4o", "expire_date": "2021-11-16T11:01:12.679"}}, {"model": "sessions.session", "pk": "ctp5bvusndndf3vbp5xfxg1e29knv0r2", "fields": {"session_data": ".eJxVjEEOwiAQRe_C2pBCmQFcuvcMZBhAqoYmpV0Z765NutDtf-_9lwi0rTVsPS9hSuIstDj9bpH4kdsO0p3abZY8t3WZotwVedAur3PKz8vh_h1U6vVbEypIBY0dkECTS1AMjWgSeqUjKGsVsXExIhv2hQAAy-CKV54Ml1G8P9USN6w:1mlxUC:j6Ss1nsPAHvG7pRGWzGVMEKPmgYk8xzNJmHkY72K0-4", "expire_date": "2021-11-27T23:40:44.886"}}, {"model": "sessions.session", "pk": "e3gtefsl5riqbhs9zx30gri2nj07g6s0", "fields": {"session_data": ".eJxVjEEOgjAQRe_StWlmwDKtS_ecoel0poIaSCisjHdXEha6_e-9_zIxbesQt6pLHMVcDJrT78YpP3TagdzTdJttnqd1Gdnuij1otf0s-rwe7t_BkOrwrdUHAClEnloWdsqehAkd5BIKAqFvQoMutSRBGeGMpVN2HWSXS5vN-wPf7jfZ:1luAfl:RD_7r8orLBOdP0spvQ3lZkN-ovlvXcXHnIeZZz-iRNU", "expire_date": "2021-07-02T14:50:21.567"}}, {"model": "sessions.session", "pk": "e5jwsoed41bw7iasoysn2zn9bppstgk5", "fields": {"session_data": ".eJxVjEEOwiAQRe_C2pBCmQFcuvcMZBhAqoYmpV0Z765NutDtf-_9lwi0rTVsPS9hSuIstDj9bpH4kdsO0p3abZY8t3WZotwVedAur3PKz8vh_h1U6vVbEypIBY0dkECTS1AMjWgSeqUjKGsVsXExIhv2hQAAy-CKV54Ml1G8P9USN6w:1mYBk7:z8VtHnnOjZu1kMIjZ2MdOLdX0tPzm3FyqNVyeBmBqDM", "expire_date": "2021-10-21T00:04:15.003"}}, {"model": "sessions.session", "pk": "eh3ecoo3jnrjmyl27h5ni0cnop63ixxg", "fields": {"session_data": ".eJxVjEEOwiAQRe_C2pBCmQFcuvcMZBhAqoYmpV0Z765NutDtf-_9lwi0rTVsPS9hSuIstDj9bpH4kdsO0p3abZY8t3WZotwVedAur3PKz8vh_h1U6vVbEypIBY0dkECTS1AMjWgSeqUjKGsVsXExIhv2hQAAy-CKV54Ml1G8P9USN6w:1mOYug:VpYutinA2drwkPCfPtHDW4QZdZzlAQnZTwEbCVXGjcw", "expire_date": "2021-09-24T10:47:22.957"}}, {"model": "sessions.session", "pk": "enx790im0drveanyv5y0xa2f6n9ky892", "fields": {"session_data": ".eJxVjMsOgjAUBf-la9O0lwrFpXu-obkvBDVtQmFl_HclYaHbMzPnZRJu65S2qkuaxVyMj-b0OxLyQ_NO5I75ViyXvC4z2V2xB612KKLP6-H-HUxYp28dQEcPse96lhGo7ZQcuDb4BkSA_BlQ2HFwgaBhjsE5BI9KvUdmFfP-AAK5OGc:1mk3LH:wP_tKpXgygNdORph_x3DNyniXcr0AcixJAqYyVP3Gu4", "expire_date": "2021-11-22T17:31:39.827"}}, {"model": "sessions.session", "pk": "ey7rnk4qwfs7scvdjtfmwydaul5dig3h", "fields": {"session_data": ".eJxVjDsOwyAQBe9CHSE-XgEp0-cMaJeF4CTCkrErK3ePkFwk7ZuZd4iI-1bj3vMaZxZXoUFcfkfC9MptEH5ieywyLW1bZ5JDkSft8r5wft9O9--gYq-jnkIgdIUTEjAbBxnZF6W8tjqBUlnp5DR7sGSIDGSyrJ2ainUQyInPFyiBOFM:1mhSs9:kJJbsOqOEdC4cls1cY7rCJrJmOjP1kdhSmnxsguy8Hs", "expire_date": "2021-11-15T14:10:53.718"}}, {"model": "sessions.session", "pk": "feitrylirm0a4v7u54ay6x6p1e2g2bz6", "fields": {"session_data": ".eJxVjEEOgjAQRe_StWlmwDKtS_ecoel0poIaSCisjHdXEha6_e-9_zIxbesQt6pLHMVcDJrT78YpP3TagdzTdJttnqd1Gdnuij1otf0s-rwe7t_BkOrwrdUHAClEnloWdsqehAkd5BIKAqFvQoMutSRBGeGMpVN2HWSXS5vN-wPf7jfZ:1lwpQB:EXNerycPbG28FJCyDcJLGI-Fm0NzJYBFLOO4ENkRcTk", "expire_date": "2021-07-09T22:45:15.303"}}, {"model": "sessions.session", "pk": "fmbj4zg73qrba9wdx75wlgt69a0kjt83", "fields": {"session_data": ".eJxVjMsOwiAUBf-FtSHQXiq4dN9vINwHUjU0Ke3K-O_apAvdnpk5LxXTtpa4NVnixOqiBnX63TDRQ-oO-J7qbdY013WZUO-KPmjT48zyvB7u30FJrXxrIiBKPTNlymi5E48gENAEI0iUz86T5YGcRQOQnXgXsgHrTLJ959X7AzexOOY:1mb5tB:4pO8YkcKnPdkfI179-kzU-SYlHK15HP923HryD6fGV0", "expire_date": "2021-10-29T00:25:37.854"}}, {"model": "sessions.session", "pk": "fmin928qt35dtkaezkp4itu806iq7i47", "fields": {"session_data": ".eJxVjMEOgjAQRP-lZ9N0C3S3Hr3zDc3Sbi1qIKFwMv67kHDQOc57M28VeFtL2KosYUzqqhp1-e0Gjk-ZDpAePN1nHedpXcZBH4o-adX9nOR1O92_g8K17GuTWuQBwCIAURTsOoLWknGEmXyb9ghKZoniHDem8ZjBeHIOcwKrPl_KCjde:1mwlco:9ra8p4zqrXqQL8FRKhj5L6I1mQxC0etl2vLpF5pRlLo", "expire_date": "2021-12-27T19:14:18.468"}}, {"model": "sessions.session", "pk": "gdhjhz0ey56c7r5cg2n68mhebpvrh3vr", "fields": {"session_data": ".eJxVjMsOwiAUBf-FtSEXWx516d5vaA5ckKqBpLQr478bki50e2bmvMWMfcvz3uI6LywuQg3i9Dt6hGcsnfAD5V5lqGVbFy-7Ig_a5K1yfF0P9-8go-VeAy4MZzOS1dBEyfmgUkKKxAZaK8vOTPBhIJsoUMTEzCOUnSLBGvH5AiPCOOM:1mfzI7:2V_61C9-ALEDBQwagKE2dZEZjyz0Jl-0dbWeW78a2TU", "expire_date": "2021-11-11T12:23:35.847"}}, {"model": "sessions.session", "pk": "hhwu64zdjj0eqqctmyp9nhb3g7reupt5", "fields": {"session_data": ".eJxVjMEOgjAQRP-lZ9N0C3S3Hr3zDc3Sbi1qIKFwMv67kHDQOc57M28VeFtL2KosYUzqqhp1-e0Gjk-ZDpAePN1nHedpXcZBH4o-adX9nOR1O92_g8K17GuTWuQBwCIAURTsOoLWknGEmXyb9ghKZoniHDem8ZjBeHIOcwKrPl_KCjde:1mu3ps:zW-gWhlLhvhP_GVjDEomn2v5DldXARFvVdhiBxOV9Bw", "expire_date": "2021-12-20T08:04:36.956"}}, {"model": "sessions.session", "pk": "hzl0q1vt93j27rxpsgpbz0vsfvc8j87x", "fields": {"session_data": ".eJxVjEEOwiAQRe_C2pBCmQFcuvcMZBhAqoYmpV0Z765NutDtf-_9lwi0rTVsPS9hSuIstDj9bpH4kdsO0p3abZY8t3WZotwVedAur3PKz8vh_h1U6vVbEypIBY0dkECTS1AMjWgSeqUjKGsVsXExIhv2hQAAy-CKV54Ml1G8P9USN6w:1mhYDw:rJjrtyDFLZPbH4M4ZUYHcWDQvq5P2iNYF5kdveG0yVA", "expire_date": "2021-11-15T19:53:44.294"}}, {"model": "sessions.session", "pk": "ipfxuo428tb6mq0wmvuayc6wajvw3z7u", "fields": {"session_data": ".eJxVjEEOwiAQRe_C2hChDAWX7nsGMgyDVA0kpV0Z765NutDtf-_9lwi4rSVsnZcwJ3ERGsTpd4xID647SXestyap1XWZo9wVedAup5b4eT3cv4OCvXxrInCeVRpjjgCoaPCOIJEjZ_UALisL2QGapDURjxGtMsTWDBn8GY14fwAhxTh3:1n0JUP:mc0BRqL0q97ygMIX81kY7Vuep41zKUngYnDUbIbkZwo", "expire_date": "2022-01-06T14:00:17.869"}}, {"model": "sessions.session", "pk": "j3ronjprp4v4farcw305orfw2exiap8d", "fields": {"session_data": ".eJxVjEEOwiAQRe_C2pBCmQFcuvcMZBhAqoYmpV0Z765NutDtf-_9lwi0rTVsPS9hSuIstDj9bpH4kdsO0p3abZY8t3WZotwVedAur3PKz8vh_h1U6vVbEypIBY0dkECTS1AMjWgSeqUjKGsVsXExIhv2hQAAy-CKV54Ml1G8P9USN6w:1maHeQ:40tt_qam_UheS8t15jG-aHtng774tLymv9M-U_r2y5o", "expire_date": "2021-10-26T18:47:02.476"}}, {"model": "sessions.session", "pk": "jbn77x3tv2lkyo8xakpj2341vy1btbbv", "fields": {"session_data": "e30:1mYL14:c2fN3QptBsYXaxWFm529bbSDREUN0FFra5NUrqBdygM", "expire_date": "2021-10-21T09:58:22.353"}}, {"model": "sessions.session", "pk": "jfpxebd86bub1pbf403tldn2c2nx8ume", "fields": {"session_data": ".eJxVjEEOgjAQRe_StWlmwDKtS_ecoel0poIaSCisjHdXEha6_e-9_zIxbesQt6pLHMVcDJrT78YpP3TagdzTdJttnqd1Gdnuij1otf0s-rwe7t_BkOrwrdUHAClEnloWdsqehAkd5BIKAqFvQoMutSRBGeGMpVN2HWSXS5vN-wPf7jfZ:1mu6bM:WKK4vCFVi_MqDKbtuyclrVr5gkkoH5_fBztyTFhvZPI", "expire_date": "2021-12-20T11:01:48.481"}}, {"model": "sessions.session", "pk": "kcb0o6crtotaukxgl13vze0r2cdhae05", "fields": {"session_data": "e30:1mYL14:c2fN3QptBsYXaxWFm529bbSDREUN0FFra5NUrqBdygM", "expire_date": "2021-10-21T09:58:22.671"}}, {"model": "sessions.session", "pk": "kegxue9me5yxrwezu1qi9ahrovbkhf2s", "fields": {"session_data": ".eJxVjEEOwiAQRe_C2pBCmQFcuvcMZBhAqoYmpV0Z765NutDtf-_9lwi0rTVsPS9hSuIstDj9bpH4kdsO0p3abZY8t3WZotwVedAur3PKz8vh_h1U6vVbEypIBY0dkECTS1AMjWgSeqUjKGsVsXExIhv2hQAAy-CKV54Ml1G8P9USN6w:1mbcVs:FZA5oqiu4WeIWPjkfSRhNLUCgh9MYpKKZb69Gxc0YLI", "expire_date": "2021-10-30T11:15:44.841"}}, {"model": "sessions.session", "pk": "klin961iioixjbtc6rm4nktajak3w2y3", "fields": {"session_data": ".eJxVjEEOwiAQRe_C2hBwCgWX7nsGAjODVA0kpV0Z765NutDtf-_9lwhxW0vYOi9hJnERWovT75giPrjuhO6x3prEVtdlTnJX5EG7nBrx83q4fwcl9vKt0TFpsIZxVO7skiGHGdSoIWZk9APwAOgxK-ctJNaZSDv0VnlPgEa8PxflOHs:1meTPB:-1oB0mTZydGsHGGgnDTbeVr4VSRLWKcH2KS3uU46MaI", "expire_date": "2021-11-07T08:08:37.167"}}, {"model": "sessions.session", "pk": "koymh0jnqzt3aq5lzhiqyvvv0yhhenz9", "fields": {"session_data": ".eJxVjEEOwiAQRe_C2pBCmQFcuvcMZBhAqoYmpV0Z765NutDtf-_9lwi0rTVsPS9hSuIstDj9bpH4kdsO0p3abZY8t3WZotwVedAur3PKz8vh_h1U6vVbEypIBY0dkECTS1AMjWgSeqUjKGsVsXExIhv2hQAAy-CKV54Ml1G8P9USN6w:1lwqtY:OSVWAXfIfYGjKbzC4BWzTPMITn_u_hNv25MZFBbjOlE", "expire_date": "2021-07-10T00:19:40.716"}}, {"model": "sessions.session", "pk": "kw8m3qka9o6clnxo7qt8us7ar16wfihv", "fields": {"session_data": "e30:1mYBRR:IuQQ7g-1TS0h5K3E-zg4w_k654Un-4Q4Uf87-n58sHM", "expire_date": "2021-10-20T23:44:57.537"}}, {"model": "sessions.session", "pk": "leuno9yupzvgvp8f4r17d7cq589hwr5m", "fields": {"session_data": ".eJxVjEEOwiAQRe_C2pBCmQFcuvcMZBhAqoYmpV0Z765NutDtf-_9lwi0rTVsPS9hSuIstDj9bpH4kdsO0p3abZY8t3WZotwVedAur3PKz8vh_h1U6vVbEypIBY0dkECTS1AMjWgSeqUjKGsVsXExIhv2hQAAy-CKV54Ml1G8P9USN6w:1lzaLC:whgf8RcS68oHmkONhMy6WAOGCeZb_8E_pVFYVHo6EmQ", "expire_date": "2021-07-17T13:15:30.370"}}, {"model": "sessions.session", "pk": "lmwzsgzllhasjorvwcv5hthm7hzlfpaj", "fields": {"session_data": ".eJxVjDsOwjAQBe_iGlnrbxxKes5grb1rHECOFCcV4u4QKQW0b2beS0Tc1hq3zkucSJyFVuL0OybMD247oTu22yzz3NZlSnJX5EG7vM7Ez8vh_h1U7PVbg8XACGDG4t2IA4FTyVFG500pPFjjmRQzMHoiKAhBGw7ZaxtcLlq8PxNQOIw:1mokLh:aOPaeBqQG1v-qbTlXcTI4DXE3bFd7hqPNGMLaKZDuLw", "expire_date": "2021-12-05T16:15:29.831"}}, {"model": "sessions.session", "pk": "mdspb43k0w84v54m3u9aa52mqlqhslpw", "fields": {"session_data": "e30:1mYL14:c2fN3QptBsYXaxWFm529bbSDREUN0FFra5NUrqBdygM", "expire_date": "2021-10-21T09:58:22.206"}}, {"model": "sessions.session", "pk": "mrumygpplqur2p67j27ks9awhyxe6zsm", "fields": {"session_data": ".eJxVjEEOgjAURO_StWlKC5a6dM8ZyPz-X0FNm1BYGe-uJCx0O--9eakR2zqNW5VlnFldVGPV6XckxIfknfAd-VZ0LHldZtK7og9a9VBYntfD_TuYUKdv3Qa0YnoT2COYEDysSTa1VpI4YhAzRVCC6cQk9LGBT9xFOjv44Jx6fwAq-Dl4:1mfbXN:gKs406llvtrDqPziC1QFzjHHXc-dRDG2Cc7kg1UtPew", "expire_date": "2021-11-10T11:01:45.065"}}, {"model": "sessions.session", "pk": "pyw9n116e76j6do99cu9xhsjt8gg8z58", "fields": {"session_data": ".eJxVjDsOwyAQBe9CHSE-Np-U6X0GtOxCcBKBZOwqyt0jJBdJ-2bmvVmAYy_h6GkLK7Erc-zyu0XAZ6oD0APqvXFsdd_WyIfCT9r50ii9bqf7d1Cgl1ELqT167S3ppAjmZCJKD5TJZuFMjkZNKCSZKKz2ZBXOEgEUgNVu8uzzBfcUODU:1mbcaC:c4V0GYNxydcj-cKh39UVpcdUkySy3PpZF6KeImjgAKM", "expire_date": "2021-10-30T11:20:12.986"}}, {"model": "sessions.session", "pk": "qaxtk7603k4ghve6498ux8yv6y0x9vrk", "fields": {"session_data": ".eJxVjEEOwiAQRe_C2pBCywy4dO8ZyACDVA0kpV0Z765NutDtf-_9l_C0rcVvnRc_J3EWKE6_W6D44LqDdKd6azK2ui5zkLsiD9rltSV-Xg7376BQL9_aWUMDRNCJnVbWjHkAIBN0BDUqzCbihGyd0w70lEBpwyNlZ4JlxIDi_QG8DTbc:1mbbuz:jtZhCsLig1BJAVzKegE8okeLn5mt1gEtUOxYmn2tfcs", "expire_date": "2021-10-30T10:37:37.734"}}, {"model": "sessions.session", "pk": "t6j58dt7bu8cbzgaxantu7qaxhhcxax3", "fields": {"session_data": ".eJxVjEEOwiAQRe_C2pBCmQFcuvcMZBhAqoYmpV0Z765NutDtf-_9lwi0rTVsPS9hSuIstDj9bpH4kdsO0p3abZY8t3WZotwVedAur3PKz8vh_h1U6vVbEypIBY0dkECTS1AMjWgSeqUjKGsVsXExIhv2hQAAy-CKV54Ml1G8P9USN6w:1luyz0:ZvDnJvBTFXN2ZcYwKtk4IblvJyR0n8jK063zqiKVzsY", "expire_date": "2021-07-04T20:33:34.606"}}, {"model": "sessions.session", "pk": "tbo68z0khaaf663maurekah3vi1jqrb2", "fields": {"session_data": ".eJxVjEEOwiAQRe_C2hCggMWl-56hmWEGqRpISrsy3l1JutDtf-_9l5hh3_K8N17nhcRFBHH63RDig0sHdIdyqzLWsq0Lyq7IgzY5VeLn9XD_DjK0_K2dxhC8MaNKagRWgb2zZJMiJNSek9YEYfAJ2TrWfjBwTtqQo9g9K94f4ps4BA:1mc5cG:A0YLAlOFU8f1BJHWunZr_Iy4F1zNSTKgD6ebNll2bDI", "expire_date": "2021-10-31T18:20:16.954"}}, {"model": "sessions.session", "pk": "txw30bljgky6l2mhj8ko370slwqk45h1", "fields": {"session_data": ".eJxVjEEOwiAQRe_C2pBCmQFcuvcMZBhAqoYmpV0Z765NutDtf-_9lwi0rTVsPS9hSuIstDj9bpH4kdsO0p3abZY8t3WZotwVedAur3PKz8vh_h1U6vVbEypIBY0dkECTS1AMjWgSeqUjKGsVsXExIhv2hQAAy-CKV54Ml1G8P9USN6w:1n1C3P:AQ5h9aasJAnAeUjByCWNLcE4WUAc9YHnUhUHwok2who", "expire_date": "2022-01-09T00:16:03.808"}}, {"model": "sessions.session", "pk": "ud5lyt78bjg6q8q78r28uo7gshmjv996", "fields": {"session_data": ".eJxVjDsOwjAQBe_iGln-xoSSPmewdtdrHEC2FCcV4u4QKQW0b2beS0TY1hK3zkuck7gIrcTpd0SgB9edpDvUW5PU6rrMKHdFHrTLqSV-Xg_376BAL98aM3tCTSpzDoGV0kTovEuGA5AZRzgToM06WLIqkyPLzhlmz5DMMIj3B0O_OW4:1me7aW:0tzL8KoNl_WOE_yqnNM9Bu45HEv_TzoDVEDCweEhNmc", "expire_date": "2021-11-06T08:50:52.576"}}, {"model": "sessions.session", "pk": "uj6qei9dr3wex19yqhakg3pz4dw4arxk", "fields": {"session_data": "e30:1mYL13:ZUvznx5y7fwxaYX-emzHWGXRXcj_HDnaB2XC28IJSJo", "expire_date": "2021-10-21T09:58:21.877"}}, {"model": "sessions.session", "pk": "uxhkloc308vwrrdb9391tehspm1mo71f", "fields": {"session_data": ".eJxVjEEOwiAQRe_C2pBCmQFcuvcMZBhAqoYmpV0Z765NutDtf-_9lwi0rTVsPS9hSuIstDj9bpH4kdsO0p3abZY8t3WZotwVedAur3PKz8vh_h1U6vVbEypIBY0dkECTS1AMjWgSeqUjKGsVsXExIhv2hQAAy-CKV54Ml1G8P9USN6w:1mdm6d:TX7bpCws_fy0jC1UOY02UWQha4HhlC6mTGPedyt3kh8", "expire_date": "2021-11-05T09:54:35.064"}}, {"model": "sessions.session", "pk": "v9j729pjjti2sjqphengvu3kud7c91xh", "fields": {"session_data": ".eJxVjMEOwiAQRP-FsyEsBQsevfsNZJcFqRpISnsy_rtt0oNe5jDvzbxFwHUpYe1pDhOLizDi9NsRxmeqO-AH1nuTsdVlnkjuijxol7fG6XU93L-Dgr1sa3QKyRg3ZMIza8tsNOQMyqeYrYdBJ0JAQ7Al6OzT6NxIHhV4HiyLzxf67jhP:1mXMID:C34zY1siZ63dEXoMtLBAt8-2Euaf-5hGr28j47TuyKk", "expire_date": "2021-10-18T17:08:01.930"}}, {"model": "sessions.session", "pk": "vugsji3ga2zbh9t6supp043nyra52a9c", "fields": {"session_data": ".eJxVjDsOwjAQBe_iGln-YkNJzxmsXe8aB5AtxUmFuDtESgHtm5n3EgnWpaZ18JwmEmdhrDj8jgj5wW0jdId26zL3tswTyk2ROx3y2omfl939O6gw6rdWGrNGZbzjaIrVSIClhEx8NN4aF5hNjBY9nBRzBIJIOiuvA2vlyYn3BxtcOHs:1mrFff:-eDvw5tMAaGFAQMj3fWJcut787ETT9Fh8FRpefGDEH0", "expire_date": "2021-12-12T14:06:27.896"}}, {"model": "sessions.session", "pk": "w5ad2x618xfnwx0sdhmk25d2afwwq8ko", "fields": {"session_data": ".eJxVjEEOwiAQRe_C2pBCmQFcuvcMZBhAqoYmpV0Z765NutDtf-_9lwi0rTVsPS9hSuIstDj9bpH4kdsO0p3abZY8t3WZotwVedAur3PKz8vh_h1U6vVbEypIBY0dkECTS1AMjWgSeqUjKGsVsXExIhv2hQAAy-CKV54Ml1G8P9USN6w:1mAsLP:uq6NXCez_aNPJN1pSJqG9E9eBsPmrt5YruRr6M-GJwI", "expire_date": "2021-08-17T16:42:23.145"}}, {"model": "sessions.session", "pk": "wd6z5zbe039xxbqsu040dbb261l8o9az", "fields": {"session_data": ".eJxVjEEOwiAQRe_C2pBCmQFcuvcMZBhAqoYmpV0Z765NutDtf-_9lwi0rTVsPS9hSuIstDj9bpH4kdsO0p3abZY8t3WZotwVedAur3PKz8vh_h1U6vVbEypIBY0dkECTS1AMjWgSeqUjKGsVsXExIhv2hQAAy-CKV54Ml1G8P9USN6w:1lwe4c:lIK4CmqOnmS7_dB6k-pBkjLMVdLYw4agJk_lEIVNEeM", "expire_date": "2021-07-09T10:38:14.845"}}, {"model": "sessions.session", "pk": "zygd48l4l8vpqa60v7i91j3ni9b63me2", "fields": {"session_data": ".eJxVjEEOwiAQRe_C2pBCmQFcuvcMZBhAqoYmpV0Z765NutDtf-_9lwi0rTVsPS9hSuIstDj9bpH4kdsO0p3abZY8t3WZotwVedAur3PKz8vh_h1U6vVbEypIBY0dkECTS1AMjWgSeqUjKGsVsXExIhv2hQAAy-CKV54Ml1G8P9USN6w:1mtNE2:41LlkLwFe_oBp5irtY0g4mVgryze5w_2ZykmY8SU-ik", "expire_date": "2021-12-18T10:34:42.208"}}, {"model": "knox.authtoken", "pk": "04ccd106ca67aeb4a834f9242aaa2e3d8892bc0fe17a3f9231347a07efbbbd3cc5e381ceaccd9f0f596fe83bc335433027be5f14904440f7185f9fc0ee06d204", "fields": {"token_key": "014190ae", "salt": "1fb8910e633979fe", "user": 3, "created": "2021-12-14T14:37:07.839", "expiry": null}}, {"model": "knox.authtoken", "pk": "07326cd3564f3d5c39305f5d3f987d3b8a8175f9f6a3a5a5b7423c8f65eee28752515bc0b0c610a0cf7e8dc258f52b5e62eeeb07617726480517ff68fe695e0c", "fields": {"token_key": "aed16658", "salt": "34b7d535e887917a", "user": 3, "created": "2021-12-24T11:40:04.954", "expiry": null}}, {"model": "knox.authtoken", "pk": "08ad8acd2a2ddae11bbd44f6c29858d6c039a182636756808e1ffa5034d4ca5bbc74c12ad20ab48c83a24b4b15c4e41d0e92a18d30faeb8986d603e423379a26", "fields": {"token_key": "3d3ff191", "salt": "c2a2fafb170a8656", "user": 3, "created": "2021-12-20T18:10:56.480", "expiry": null}}, {"model": "knox.authtoken", "pk": "1280bd052a8ad93b6538b32c0f2d9aacf603b1daa375662558daebda2e702d151978c4b751d9dfd06a5161d31f6b1e59d5110c0d0b3dcc0197eedfc3d75e1139", "fields": {"token_key": "c5099b23", "salt": "5a93b265bfb71e0c", "user": 3, "created": "2021-12-13T19:01:07.689", "expiry": null}}, {"model": "knox.authtoken", "pk": "1995acedcb313e878c4de71b96258b6221175f0e311e7e063264636b5ac24159da6ae45ec243f187ce66b0c9904d0c74b7b5043da9b152548be02022ce543477", "fields": {"token_key": "e2fcd175", "salt": "431f9a7b9fcd00b8", "user": 3, "created": "2021-12-14T19:45:08.427", "expiry": null}}, {"model": "knox.authtoken", "pk": "1e7961ec2bc1fd6c11bc875f7c8fad563f755e5264ff34ca23929303b85a45cd590a5fd0ecd8ebd888f62dc4ef8165cade4e2498ea7d68395f45693617a427d8", "fields": {"token_key": "079963a8", "salt": "2d8a503be60efc08", "user": 3, "created": "2021-12-25T20:33:46.930", "expiry": null}}, {"model": "knox.authtoken", "pk": "1ed42aa80cbc10627eb914401c7f6633bdf06245a7f769c21dd7f99bb6d0aea633ddbfb4434560055c8919e75ba0a2bec7636a57529b06a0a02e528395beec12", "fields": {"token_key": "e9c766b0", "salt": "dfa6dfad8f25c678", "user": 3, "created": "2021-12-27T15:44:59.653", "expiry": null}}, {"model": "knox.authtoken", "pk": "1ed9f896a56908da9d44d59412248116a7ba5c39d6b4caf16835aaf2416b403a52d782c851ba495892945a51927b532c2406abc42bd6302947fc748c113975a7", "fields": {"token_key": "226d870d", "salt": "8af6a3e60d0a2edf", "user": 3, "created": "2021-12-20T20:08:03.923", "expiry": null}}, {"model": "knox.authtoken", "pk": "1fe3fc5dec3c0990b730e261cc58bf5d4be24e597a03637cd66f228c5173474556297f09e90cafedb314692fbcf8b458a162baf2044df0e633d1020a937b39a0", "fields": {"token_key": "91eb7500", "salt": "697d117fc4e08c35", "user": 3, "created": "2021-12-27T17:46:17.814", "expiry": null}}, {"model": "knox.authtoken", "pk": "2406e407c07baabf1b34dbea7c3c14178f53e09848d62b0779b7bc5bdafeb4cc2ef88c84fc38748c2d684befb3668801a28eb4e9998b8b455bcf14fdddf8e1e0", "fields": {"token_key": "64f8b8ec", "salt": "c440168ae0c7239e", "user": 3, "created": "2021-12-25T20:12:26.727", "expiry": null}}, {"model": "knox.authtoken", "pk": "329d76055dfc57146862c86fcef45cbb6619584120a8d2445d18fd2d42d4d36af8f73e43ba5017f4c8e1deef508801de27f8bcd501147f53fd47185d9f9576d4", "fields": {"token_key": "5ab547b8", "salt": "cf766d1dffeb9696", "user": 3, "created": "2021-12-14T15:02:38.384", "expiry": null}}, {"model": "knox.authtoken", "pk": "38f7ab65e2a0febfdc7ce45b2690c7193b173d7bba0e23d9efcc701a04a3891036aadc60f146b46533cf66cfc2433886422f43bc62d13a697258e14ad4510cab", "fields": {"token_key": "0ce79a09", "salt": "79f08e7408d4afef", "user": 3, "created": "2021-12-27T17:14:08.828", "expiry": null}}, {"model": "knox.authtoken", "pk": "3b2e082105d09f974e17a371f140c583f6909ffeaa4b1c39c01b7cc232c486caf73c792fa81dec8254aa9c2a5b3c888ff8b7a8ea607d6e4853ccb6f55ca57d55", "fields": {"token_key": "c3f56387", "salt": "49b09f5312cbc31a", "user": 3, "created": "2021-12-14T15:13:19.450", "expiry": null}}, {"model": "knox.authtoken", "pk": "3f250625805894647b4d6bf763a31d81bbfb9fbf1ac8903893edbec9bb79488034543f1b8a9880afe4e75e018268a34f2c14eb922c791ad7ec455bb60b7a895b", "fields": {"token_key": "e01c1513", "salt": "32a9c9295c8c4af3", "user": 3, "created": "2021-12-19T13:05:17.521", "expiry": null}}, {"model": "knox.authtoken", "pk": "3febefe59eeef8993278b346100e9676f643778fddfd826f03c21df8dc7de6b70f0a0c6d64af7f19d107d885a896fda1ad6a74f78b1cf6dca04b905bce973824", "fields": {"token_key": "2c7cf190", "salt": "b30f3d4e863eee54", "user": 3, "created": "2021-12-14T15:18:27.758", "expiry": null}}, {"model": "knox.authtoken", "pk": "42efa18901b20cd6be5d3ea6c1f7adf978a481ad371a9ec7f267590e97becc8ddc92ca70f1c9bf8219c94ec0256c110d351e9ded3ee76d7584ff9b446a561ed5", "fields": {"token_key": "b6520eb0", "salt": "4ee2b8ceb480779f", "user": 3, "created": "2021-12-15T16:58:57.938", "expiry": null}}, {"model": "knox.authtoken", "pk": "43f6401f9fc074462b711902929e98931f99fca508ac1450bd220b316cbb6e8350cc7842a87003c2d05d1ed630c69a83d7ac7189a1428f11ba000fd3b19db4b7", "fields": {"token_key": "54e7303c", "salt": "ae133b2092eafc14", "user": 3, "created": "2021-12-20T14:31:50.936", "expiry": null}}, {"model": "knox.authtoken", "pk": "44731086112fbebd55be8b45237e091ce5c919ddc9f7993e3691547cb25deb6c33b1a92be309a76bf51615b4b058935dd8829e1bd9555ec46d2880f60a23f522", "fields": {"token_key": "d30dcaed", "salt": "e67f726fc592dc6a", "user": 3, "created": "2021-12-14T15:20:46.962", "expiry": null}}, {"model": "knox.authtoken", "pk": "4988abaf9278237f33e118f65f0cbea8d04c862087a3cc9a73e8784236452a3663538e1133181c69e700bc9494cc25bd2fdfb20c25ab75ec7e520967b414d3c9", "fields": {"token_key": "2dbb9f14", "salt": "e544cfee73befeac", "user": 3, "created": "2021-12-21T17:48:18.892", "expiry": null}}, {"model": "knox.authtoken", "pk": "4be67eb392a44b28d1904e7e07dd4d5dcf251858cf5e6cd3ed0ddfe8b63341a39eb5011ae8252b61eda5ffe5164066bf6364007f6009a3e629a28171bc9c03c0", "fields": {"token_key": "20c67c9f", "salt": "bc673a8d796004bf", "user": 3, "created": "2021-12-20T19:34:40.741", "expiry": null}}, {"model": "knox.authtoken", "pk": "4f140ecb2883bd3730849a1247ca97e30da68b26abfa090f272f645fa5610d938622a8c1809bc214c77277b366a2b7557a1d4dc5f3562619b3d1fa566dcc3832", "fields": {"token_key": "53933733", "salt": "32fd4cdd426b8676", "user": 3, "created": "2021-12-13T19:11:50.597", "expiry": null}}, {"model": "knox.authtoken", "pk": "4f4381ac356cdd4937e4c4b3103c89fdd76fdb6d9b539b317ebdc3428c00b8ff6f0c274a9c2c0d0a88c74261518d1776bb7b262f74f273ab63de9aca41a5b290", "fields": {"token_key": "eb0b1275", "salt": "706d377a5111d362", "user": 3, "created": "2021-12-21T17:53:37.463", "expiry": null}}, {"model": "knox.authtoken", "pk": "4f444219bb59cdab6260734d3d889d73108b5cbe6750dfb9a52803a84d1b2dcb5c6d4ebe69a673f47206cef579c4509adb24872d5d2584cd600f887a8b6e804c", "fields": {"token_key": "ec51fa50", "salt": "a76b7d1e0a5c1484", "user": 3, "created": "2021-12-14T19:36:04.923", "expiry": null}}, {"model": "knox.authtoken", "pk": "537343e00c7599074a05d3f6b07a91c0fc250c7276106d864b51afbd1dfcd1538fd8fa5eadf91cb415c4b3f26ab20329cc72dce6a022dbb6bc7a8813b0e359dc", "fields": {"token_key": "f8ca50fe", "salt": "b093f32f520578f3", "user": 3, "created": "2021-12-27T14:49:29.016", "expiry": null}}, {"model": "knox.authtoken", "pk": "58c7d9b391798f75d2b0df677c764089775e898744043a8c48eeb827539e91a676f4d0fda4f678a8e6e88aec54e1560e3f1f5fac23562fce18468c484dd90de4", "fields": {"token_key": "54050033", "salt": "47b4c717c96cf143", "user": 3, "created": "2021-12-14T14:41:47.731", "expiry": null}}, {"model": "knox.authtoken", "pk": "606113efda630ce0b102695881f3b486f40fa35c000c629029fd1d4542f417719cc8ddcf892c6b7e019aadffb5c9f89ee0e7507ba4c12b12f64ceb46cf96364f", "fields": {"token_key": "2e41b12f", "salt": "512bddaca8561bf1", "user": 3, "created": "2021-12-14T19:28:50.702", "expiry": null}}, {"model": "knox.authtoken", "pk": "61cf86e808d401cc3ab451396e5f86a5562b73c84f135917df8efbdf083dba7c1d3eeb796f262e290e355ab6fea2c522d6566880a177bb62a035361f6e5444c0", "fields": {"token_key": "09e2f38f", "salt": "b50858d4300c9f9f", "user": 3, "created": "2021-12-27T15:17:49.919", "expiry": null}}, {"model": "knox.authtoken", "pk": "6e59b58c98352c7b42bc96a7559aff70a5a766af43149efcf454785857b5e7a5e81f97c429dcd66b0c09604fdbd64d8ce5b92d13e02770456ab6ab9bc7711523", "fields": {"token_key": "c2e7f801", "salt": "4a788d203bdb4e68", "user": 3, "created": "2021-12-20T15:19:41.872", "expiry": null}}, {"model": "knox.authtoken", "pk": "7416e0d323a4b7b03c388571dfa48abd1bd84fec7c6f633c51dc1f89a78e9d5cf2355ba4a2da7e0d87c6a4d99c660773e09455f698cb728b4286cb2011d06583", "fields": {"token_key": "9888e98e", "salt": "6f172ef527ce881b", "user": 3, "created": "2021-12-20T10:45:29.943", "expiry": null}}, {"model": "knox.authtoken", "pk": "76a43550bd839e9d8671de1840d6c2a4af2676e5d6015566969af3cd38a2af1f6abdd319a43708b94fdfa04114bf979da28ec8718d6633b9f6634d7069b189ab", "fields": {"token_key": "d02e2e56", "salt": "037fbffd4bf725a1", "user": 3, "created": "2021-12-20T10:29:31.474", "expiry": null}}, {"model": "knox.authtoken", "pk": "790853da01592540e12a7de56219a368ca1f1994a9e464b8907bafd1679520dc070e233857cdbf717896669922046b9fdb5c58bd9ad57a54616ee2819fbe3412", "fields": {"token_key": "71c80c94", "salt": "939695fc0c24a904", "user": 3, "created": "2021-12-14T15:06:24.320", "expiry": null}}, {"model": "knox.authtoken", "pk": "82edddb40900e141a804e4bb8e5945cf0b052b9ed9d650cd255c0eae37716a2184213517a836905255da33c6d79519eef8d93c1ebadd8b6cfb07e02cc4849f17", "fields": {"token_key": "a98eb5fd", "salt": "0843fd898d500b99", "user": 3, "created": "2021-12-20T15:19:25.000", "expiry": null}}, {"model": "knox.authtoken", "pk": "87e42bc96ca95c14ec305d5075657197d61d6adef420758e85ffef80700746ae9be1f4cf7798558b8440ab64ac8f55031918aad9a7a3d92ff61d8e3c92ef681e", "fields": {"token_key": "56bcae0f", "salt": "6b76511279d13bbf", "user": 3, "created": "2021-12-15T16:58:37.640", "expiry": null}}, {"model": "knox.authtoken", "pk": "88dde3d3277e1b796515b05a5ad2ea29d50204b627b35d25e9a9b4ac1c7e7ce209b972676210fe7c1328b11b09278662eb2d58b56b1a2e321f66f8f166ffb4d9", "fields": {"token_key": "d218b3c0", "salt": "243f9ae17a13446b", "user": 3, "created": "2021-12-23T14:19:15.728", "expiry": null}}, {"model": "knox.authtoken", "pk": "8c1d6611194f11ddc92f3c63f19d90264287b121d8c03881ba11b0cf8fcb531d60d65ada6eb27ff23abc4eac578f0079533aa10b150745d78683cf95aa8ff449", "fields": {"token_key": "59f7f8ed", "salt": "b7ddb8b407676bc0", "user": 3, "created": "2021-12-14T15:06:44.456", "expiry": null}}, {"model": "knox.authtoken", "pk": "93be99cc7206af262031039136300870444e8cc004e59c7dc0caa1de2a4f02959464ecf9f7c28ec1520a4543b431bacaf1406b34cff667287f48fc0668c7eaa7", "fields": {"token_key": "34be03ca", "salt": "333fa1df8845095d", "user": 3, "created": "2021-12-27T15:53:04.211", "expiry": null}}, {"model": "knox.authtoken", "pk": "96a3715b097678e07da9fe1b085739faf6a63898c31c92544d9c222c00071731b33390bf0347e8a9a812c0fced2daeb468b93fc8db6c2a9c6d96e13db6325713", "fields": {"token_key": "c52fbb80", "salt": "7ba0fdf0b7da7e92", "user": 3, "created": "2021-12-13T19:43:46.727", "expiry": null}}, {"model": "knox.authtoken", "pk": "98f372c6f48ad9aec4c12ea27e7341b3a7dd2c8b7921b646d5953eec532266bfbe9a54cad92f0e0f391e487ba8b256e4fce20287ffa58801f4c2836a98437e2d", "fields": {"token_key": "5d88f665", "salt": "bb9e97acbb5fe358", "user": 3, "created": "2021-12-26T10:37:41.796", "expiry": null}}, {"model": "knox.authtoken", "pk": "a051aa3fa4a5de64b9cdf856690fe1b4ba1f6ef19aa08482668574c76b6c61be4f7b062babdc65fb809133747a39991fa5b58d84692ea58c6e336b7d1aeac877", "fields": {"token_key": "9763c194", "salt": "b68c6783c9aa6fa4", "user": 3, "created": "2021-12-14T19:29:54.541", "expiry": null}}, {"model": "knox.authtoken", "pk": "a7b739696e20befa60f1adaa25f7bb2e83be3323b7aeccbbff10cc77cc07b50dbd73e7ffca7a4cb69eaba83ecf44ccdb3bc38a2af5ea9cda6c2a7febe55a4972", "fields": {"token_key": "3d673cfd", "salt": "46832f77fd9796aa", "user": 3, "created": "2021-12-13T19:01:07.688", "expiry": null}}, {"model": "knox.authtoken", "pk": "b7a6d5a1859c3c2e5e7666e2f6f612cbaa46f7dfd6835d62983b8e9f84a6db07caaaf1718179305c103da35519fa13aa2c8e650fd6a487473df3c9a76ee5efca", "fields": {"token_key": "1039ec10", "salt": "85f104f9d4df207a", "user": 3, "created": "2021-12-15T22:13:33.078", "expiry": null}}, {"model": "knox.authtoken", "pk": "bf9f4587e6dca84f1063c279cfd88d55c835f9bd7daea4d696cda757db269fc95af3a4a8c9a1a8850fbaa798b8bfcaffe54d7fa5fe4fe39a85546c2f60ffc1bd", "fields": {"token_key": "46a827db", "salt": "08af48a0f838764b", "user": 3, "created": "2021-12-15T17:20:41.917", "expiry": null}}, {"model": "knox.authtoken", "pk": "c379d132477e46da2457e1e3d49a23c32ab69c050193f7b3d74dfe2f59b0f5926b5290a618dcf0ffbdcc013257ad2da8ecc71a167f40eb0cc4f7d68645e4b544", "fields": {"token_key": "6e2376c7", "salt": "90e3957c5e1246c9", "user": 3, "created": "2021-12-24T11:45:40.051", "expiry": null}}, {"model": "knox.authtoken", "pk": "c6e6e0672b190bb3af7eb4ae6fdab0f0810d8796bca7d17d6ec6b0de766fd0babc9aa964d5827ee2e9d4a995a71ef546492bfa768f0bec2a9a3252d98a384d2c", "fields": {"token_key": "3367af1c", "salt": "064ce77b79d296e9", "user": 3, "created": "2021-12-14T15:19:17.628", "expiry": null}}, {"model": "knox.authtoken", "pk": "c9993d9d063369b3dbd51a3bd7d5614530e2816a40397a4f3e69ee1cb9c33b514cb9edc9cb8e258bc1fadfedcf143cc0e8745d7c15864d1e74b8e739a9e3173e", "fields": {"token_key": "9c381424", "salt": "a165cfe3afac28be", "user": 3, "created": "2021-12-21T17:53:14.794", "expiry": null}}, {"model": "knox.authtoken", "pk": "d2b00b00ecf58be0972f0ba1fe5b98363c3a8d2c1d7d35c47976c12bee2ad7d6f3c8444ea3d581db3bd863f361ab7cd2ca5bc68e5e44841fdd707ae73bfbe15f", "fields": {"token_key": "afaed92f", "salt": "d4fb51ac63a8dd66", "user": 3, "created": "2021-12-19T17:20:07.084", "expiry": null}}, {"model": "knox.authtoken", "pk": "d6fe27120d9d5c6ff360b0b3450ee7b437ff4f6f3d434ec76b906267805525d664460cac8bd9639cd728120a2cd52f13e30d8cb184252425821c65237849e042", "fields": {"token_key": "679ab39a", "salt": "6e9a68cbb466a23a", "user": 3, "created": "2021-12-20T14:53:19.474", "expiry": null}}, {"model": "knox.authtoken", "pk": "d8383d52eb484d0d3ea48c1b683bd9808cde948d4970f99eeb5aec244069ed4eaf93f16b76021d1047423a7b945c54082f376c848fe8548b7cdc4b7241d4456a", "fields": {"token_key": "6d7ed810", "salt": "f0845c2e00eb879a", "user": 3, "created": "2021-12-18T10:47:13.445", "expiry": null}}, {"model": "knox.authtoken", "pk": "d83d0ec18530ea5985076564c4d1c3a31bc5cef861dc0a4d88a59ac1b5caa828d688f6529aaa3e89c13917f3c7d4da2a9eaea113e1e91aa6953b785130ba838d", "fields": {"token_key": "922f820a", "salt": "04df6310b0f56193", "user": 3, "created": "2021-12-21T17:10:20.624", "expiry": null}}, {"model": "knox.authtoken", "pk": "e2205297e21b2183a66eb1e99dd7358c5cfcaf22bebcc042f5a5df778f8294ad0e37dcaefc8a06044600ce0f3e7731c419472c212b699946ba1d0bee522bb9fd", "fields": {"token_key": "9a1aa205", "salt": "3886d9acd6bb8a45", "user": 3, "created": "2021-12-20T10:15:23.965", "expiry": null}}, {"model": "knox.authtoken", "pk": "e905ae43ac7c328117200893ccb32d482ffd77b8c2c0971cef2bc56dce863bf178484980b1a76c02f5beb9befd43acd2ee253e0c93f96930744e16d9d5b47904", "fields": {"token_key": "9d8338cb", "salt": "b3581439eb1df842", "user": 3, "created": "2021-12-12T18:42:27.818", "expiry": null}}, {"model": "knox.authtoken", "pk": "ea79681537b875b7cb2a757cdd7d13c6e76860e5752f33859aaebdef4d58ce225aee2d80ed81067faf2c693af488240b3bda65780c72c45d706f1a176d858e1f", "fields": {"token_key": "b2df23e8", "salt": "821c4aa7ee24281b", "user": 3, "created": "2021-12-14T13:50:27.678", "expiry": null}}, {"model": "knox.authtoken", "pk": "eb2fd887e7c86409496666837773b92c959f73439ee3a451700fbe23a22aa7a62fb5d897ab67c2c0c9036e39d89b095774156ab6fde510d7da7d1bacb41b9dda", "fields": {"token_key": "53f3cea9", "salt": "63ba6d3fdea15087", "user": 3, "created": "2021-12-27T15:22:13.770", "expiry": null}}, {"model": "knox.authtoken", "pk": "f0d68a8648c601b4e938dd27cfa44a76ebef95fb33846246e0d490ae977b93133cad9b7ec6006917e971b626cb99fd8fbe5109fab71ac4df4560b9012a64683a", "fields": {"token_key": "5294ae19", "salt": "3a11799ad5e17dd8", "user": 3, "created": "2021-12-14T19:42:06.432", "expiry": null}}, {"model": "knox.authtoken", "pk": "f35345d50e4abd9c955e3656700c66266c24c1995c0648858c7b82e965c197b08b3b65043d75f301f83a351f532f1d8842678d2e0e2c47f0d15cb256adc70c8d", "fields": {"token_key": "daccabbd", "salt": "f7092d00a9c23129", "user": 3, "created": "2021-12-21T17:53:20.563", "expiry": null}}, {"model": "knox.authtoken", "pk": "fbd0839ac63adbe4caeda2300ce16cc793a8e25ac1da436a28fbcc1f7761d0c7b6f7c8ac562c7c06adec8ae74925fffc93a9c4e8336f9537bbda9bdbc09152e5", "fields": {"token_key": "7ef704a0", "salt": "adaa3bdb5fa43924", "user": 3, "created": "2021-12-26T09:47:04.186", "expiry": null}}, {"model": "home.restaurantstiming", "pk": 1, "fields": {"opening_time": "09:00:00", "closing_time": "21:00:00"}}, {"model": "home.tpp", "pk": 1, "fields": {"tand_c": "<h2><strong>Terms and Conditions</strong></h2>\r\n\r\n<p>Welcome to goldennests!</p>\r\n\r\n<p>These terms and conditions outline the rules and regulations for the use of goldennest&#39;s Website, located at https://goldennests.in/.</p>\r\n\r\n<p>By accessing this website we assume you accept these terms and conditions. Do not continue to use goldennests if you do not agree to take all of the terms and conditions stated on this page.</p>\r\n\r\n<p>The following terminology applies to these Terms and Conditions, Privacy Statement and Disclaimer Notice and all Agreements: &quot;Client&quot;, &quot;You&quot; and &quot;Your&quot; refers to you, the person log on this website and compliant to the Company&rsquo;s terms and conditions. &quot;The Company&quot;, &quot;Ourselves&quot;, &quot;We&quot;, &quot;Our&quot; and &quot;Us&quot;, refers to our Company. &quot;Party&quot;, &quot;Parties&quot;, or &quot;Us&quot;, refers to both the Client and ourselves. All terms refer to the offer, acceptance and consideration of payment necessary to undertake the process of our assistance to the Client in the most appropriate manner for the express purpose of meeting the Client&rsquo;s needs in respect of provision of the Company&rsquo;s stated services, in accordance with and subject to, prevailing law of Netherlands. Any use of the above terminology or other words in the singular, plural, capitalization and/or he/she or they, are taken as interchangeable and therefore as referring to same.</p>\r\n\r\n<h3><strong>Cookies</strong></h3>\r\n\r\n<p>We employ the use of cookies. By accessing goldennests, you agreed to use cookies in agreement with the goldennest&#39;s Privacy Policy.</p>\r\n\r\n<p>Most interactive websites use cookies to let us retrieve the user&rsquo;s details for each visit. Cookies are used by our website to enable the functionality of certain areas to make it easier for people visiting our website. Some of our affiliate/advertising partners may also use cookies.</p>\r\n\r\n<h3><strong>License</strong></h3>\r\n\r\n<p>Unless otherwise stated, goldennest and/or its licensors own the intellectual property rights for all material on goldennests. All intellectual property rights are reserved. You may access this from goldennests for your own personal use subjected to restrictions set in these terms and conditions.</p>\r\n\r\n<p>You must not:</p>\r\n\r\n<ul>\r\n\t<li>Republish material from goldennests</li>\r\n\t<li>Sell, rent or sub-license material from goldennests</li>\r\n\t<li>Reproduce, duplicate or copy material from goldennests</li>\r\n\t<li>Redistribute content from goldennests</li>\r\n</ul>\r\n\r\n<p>This Agreement shall begin on the date hereof. Our Terms and Conditions were created with the help of the <a href=\"https://www.termsandconditionsgenerator.com\">Terms And Conditions Generator</a>.</p>\r\n\r\n<p>Parts of this website offer an opportunity for users to post and exchange opinions and information in certain areas of the website. goldennest does not filter, edit, publish or review Comments prior to their presence on the website. Comments do not reflect the views and opinions of goldennest,its agents and/or affiliates. Comments reflect the views and opinions of the person who post their views and opinions. To the extent permitted by applicable laws, goldennest shall not be liable for the Comments or for any liability, damages or expenses caused and/or suffered as a result of any use of and/or posting of and/or appearance of the Comments on this website.</p>\r\n\r\n<p>goldennest reserves the right to monitor all Comments and to remove any Comments which can be considered inappropriate, offensive or causes breach of these Terms and Conditions.</p>\r\n\r\n<p>You warrant and represent that:</p>\r\n\r\n<ul>\r\n\t<li>You are entitled to post the Comments on our website and have all necessary licenses and consents to do so;</li>\r\n\t<li>The Comments do not invade any intellectual property right, including without limitation copyright, patent or trademark of any third party;</li>\r\n\t<li>The Comments do not contain any defamatory, libelous, offensive, indecent or otherwise unlawful material which is an invasion of privacy</li>\r\n\t<li>The Comments will not be used to solicit or promote business or custom or present commercial activities or unlawful activity.</li>\r\n</ul>\r\n\r\n<p>You hereby grant goldennest a non-exclusive license to use, reproduce, edit and authorize others to use, reproduce and edit any of your Comments in any and all forms, formats or media.</p>\r\n\r\n<h3><strong>Hyperlinking to our Content</strong></h3>\r\n\r\n<p>The following organizations may link to our Website without prior written approval:</p>\r\n\r\n<ul>\r\n\t<li>Government agencies;</li>\r\n\t<li>Search engines;</li>\r\n\t<li>News organizations;</li>\r\n\t<li>Online directory distributors may link to our Website in the same manner as they hyperlink to the Websites of other listed businesses; and</li>\r\n\t<li>System wide Accredited Businesses except soliciting non-profit organizations, charity shopping malls, and charity fundraising groups which may not hyperlink to our Web site.</li>\r\n</ul>\r\n\r\n<p>These organizations may link to our home page, to publications or to other Website information so long as the link: (a) is not in any way deceptive; (b) does not falsely imply sponsorship, endorsement or approval of the linking party and its products and/or services; and (c) fits within the context of the linking party&rsquo;s site.</p>\r\n\r\n<p>We may consider and approve other link requests from the following types of organizations:</p>\r\n\r\n<ul>\r\n\t<li>commonly-known consumer and/or business information sources;</li>\r\n\t<li>dot.com community sites;</li>\r\n\t<li>associations or other groups representing charities;</li>\r\n\t<li>online directory distributors;</li>\r\n\t<li>internet portals;</li>\r\n\t<li>accounting, law and consulting firms; and</li>\r\n\t<li>educational institutions and trade associations.</li>\r\n</ul>\r\n\r\n<p>We will approve link requests from these organizations if we decide that: (a) the link would not make us look unfavorably to ourselves or to our accredited businesses; (b) the organization does not have any negative records with us; (c) the benefit to us from the visibility of the hyperlink compensates the absence of goldennest; and (d) the link is in the context of general resource information.</p>\r\n\r\n<p>These organizations may link to our home page so long as the link: (a) is not in any way deceptive; (b) does not falsely imply sponsorship, endorsement or approval of the linking party and its products or services; and (c) fits within the context of the linking party&rsquo;s site.</p>\r\n\r\n<p>If you are one of the organizations listed in paragraph 2 above and are interested in linking to our website, you must inform us by sending an e-mail to goldennest. Please include your name, your organization name, contact information as well as the URL of your site, a list of any URLs from which you intend to link to our Website, and a list of the URLs on our site to which you would like to link. Wait 2-3 weeks for a response.</p>\r\n\r\n<p>Approved organizations may hyperlink to our Website as follows:</p>\r\n\r\n<ul>\r\n\t<li>By use of our corporate name; or</li>\r\n\t<li>By use of the uniform resource locator being linked to; or</li>\r\n\t<li>By use of any other description of our Website being linked to that makes sense within the context and format of content on the linking party&rsquo;s site.</li>\r\n</ul>\r\n\r\n<p>No use of goldennest&#39;s logo or other artwork will be allowed for linking absent a trademark license agreement.</p>\r\n\r\n<h3><strong>iFrames</strong></h3>\r\n\r\n<p>Without prior approval and written permission, you may not create frames around our Webpages that alter in any way the visual presentation or appearance of our Website.</p>\r\n\r\n<h3><strong>Content Liability</strong></h3>\r\n\r\n<p>We shall not be hold responsible for any content that appears on your Website. You agree to protect and defend us against all claims that is rising on your Website. No link(s) should appear on any Website that may be interpreted as libelous, obscene or criminal, or which infringes, otherwise violates, or advocates the infringement or other violation of, any third party rights.</p>\r\n\r\n<h3><strong>Your Privacy</strong></h3>\r\n\r\n<p>Please read Privacy Policy</p>\r\n\r\n<h3><strong>Reservation of Rights</strong></h3>\r\n\r\n<p>We reserve the right to request that you remove all links or any particular link to our Website. You approve to immediately remove all links to our Website upon request. We also reserve the right to amen these terms and conditions and it&rsquo;s linking policy at any time. By continuously linking to our Website, you agree to be bound to and follow these linking terms and conditions.</p>\r\n\r\n<h3><strong>Removal of links from our website</strong></h3>\r\n\r\n<p>If you find any link on our Website that is offensive for any reason, you are free to contact and inform us any moment. We will consider requests to remove links but we are not obligated to or so or to respond to you directly.</p>\r\n\r\n<p>We do not ensure that the information on this website is correct, we do not warrant its completeness or accuracy; nor do we promise to ensure that the website remains available or that the material on the website is kept up to date.</p>\r\n\r\n<h3><strong>Disclaimer</strong></h3>\r\n\r\n<p>To the maximum extent permitted by applicable law, we exclude all representations, warranties and conditions relating to our website and the use of this website. Nothing in this disclaimer will:</p>\r\n\r\n<ul>\r\n\t<li>limit or exclude our or your liability for death or personal injury;</li>\r\n\t<li>limit or exclude our or your liability for fraud or fraudulent misrepresentation;</li>\r\n\t<li>limit any of our or your liabilities in any way that is not permitted under applicable law; or</li>\r\n\t<li>exclude any of our or your liabilities that may not be excluded under applicable law.</li>\r\n</ul>\r\n\r\n<p>The limitations and prohibitions of liability set in this Section and elsewhere in this disclaimer: (a) are subject to the preceding paragraph; and (b) govern all liabilities arising under the disclaimer, including liabilities arising in contract, in tort and for breach of statutory duty.</p>\r\n\r\n<p>As long as the website and the information and services on the website are provided free of charge, we will not be liable for any loss or damage of any nature.</p>", "shipping_policy": "<p>Working Time: 10 am - 9pm&nbsp;</p>\r\n\r\n<p>Delivery time for pickup: 1 hr Minium and 3hr Maximum&nbsp;in working hours&nbsp;</p>", "refund_policy": "<p>NO refund is provided on cancellation of any service or food order.</p>", "return_policy": "", "cancellation_policy": "<p>NO refund is provided on cancellation of any service or food order.</p>\r\n\r\n<p>&nbsp;</p>", "privacy_policy": "<h1>Privacy Policy for goldennest</h1>\r\n\r\n<p>At goldennests, accessible from https://goldennests.in/, one of our main priorities is the privacy of our visitors. This Privacy Policy document contains types of information that is collected and recorded by goldennests and how we use it.</p>\r\n\r\n<p>If you have additional questions or require more information about our Privacy Policy, do not hesitate to contact us.</p>\r\n\r\n<p>This Privacy Policy applies only to our online activities and is valid for visitors to our website with regards to the information that they shared and/or collect in goldennests. This policy is not applicable to any information collected offline or via channels other than this website. Our Privacy Policy was created with the help of the <a href=\"https://www.privacypolicygenerator.info/\">Privacy Policy Generator</a>.</p>\r\n\r\n<h2>Consent</h2>\r\n\r\n<p>By using our website, you hereby consent to our Privacy Policy and agree to its terms.</p>\r\n\r\n<h2>Information we collect</h2>\r\n\r\n<p>The personal information that you are asked to provide, and the reasons why you are asked to provide it, will be made clear to you at the point we ask you to provide your personal information.</p>\r\n\r\n<p>If you contact us directly, we may receive additional information about you such as your name, email address, phone number, the contents of the message and/or attachments you may send us, and any other information you may choose to provide.</p>\r\n\r\n<p>When you register for an Account, we may ask for your contact information, including items such as name, company name, address, email address, and telephone number.</p>\r\n\r\n<h2>How we use your information</h2>\r\n\r\n<p>We use the information we collect in various ways, including to:</p>\r\n\r\n<ul>\r\n\t<li>Provide, operate, and maintain our website</li>\r\n\t<li>Improve, personalize, and expand our website</li>\r\n\t<li>Understand and analyze how you use our website</li>\r\n\t<li>Develop new products, services, features, and functionality</li>\r\n\t<li>Communicate with you, either directly or through one of our partners, including for customer service, to provide you with updates and other information relating to the website, and for marketing and promotional purposes</li>\r\n\t<li>Send you emails</li>\r\n\t<li>Find and prevent fraud</li>\r\n</ul>\r\n\r\n<h2>Log Files</h2>\r\n\r\n<p>goldennests follows a standard procedure of using log files. These files log visitors when they visit websites. All hosting companies do this and a part of hosting services&#39; analytics. The information collected by log files include internet protocol (IP) addresses, browser type, Internet Service Provider (ISP), date and time stamp, referring/exit pages, and possibly the number of clicks. These are not linked to any information that is personally identifiable. The purpose of the information is for analyzing trends, administering the site, tracking users&#39; movement on the website, and gathering demographic information.</p>\r\n\r\n<h2>Advertising Partners Privacy Policies</h2>\r\n\r\n<p>You may consult this list to find the Privacy Policy for each of the advertising partners of goldennests.</p>\r\n\r\n<p>Third-party ad servers or ad networks uses technologies like cookies, JavaScript, or Web Beacons that are used in their respective advertisements and links that appear on goldennests, which are sent directly to users&#39; browser. They automatically receive your IP address when this occurs. These technologies are used to measure the effectiveness of their advertising campaigns and/or to personalize the advertising content that you see on websites that you visit.</p>\r\n\r\n<p>Note that goldennests has no access to or control over these cookies that are used by third-party advertisers.</p>\r\n\r\n<h2>Third Party Privacy Policies</h2>\r\n\r\n<p>goldennests&#39;s Privacy Policy does not apply to other advertisers or websites. Thus, we are advising you to consult the respective Privacy Policies of these third-party ad servers for more detailed information. It may include their practices and instructions about how to opt-out of certain options.</p>\r\n\r\n<p>You can choose to disable cookies through your individual browser options. To know more detailed information about cookie management with specific web browsers, it can be found at the browsers&#39; respective websites.</p>\r\n\r\n<h2>CCPA Privacy Rights (Do Not Sell My Personal Information)</h2>\r\n\r\n<p>Under the CCPA, among other rights, California consumers have the right to:</p>\r\n\r\n<p>Request that a business that collects a consumer&#39;s personal data disclose the categories and specific pieces of personal data that a business has collected about consumers.</p>\r\n\r\n<p>Request that a business delete any personal data about the consumer that a business has collected.</p>\r\n\r\n<p>Request that a business that sells a consumer&#39;s personal data, not sell the consumer&#39;s personal data.</p>\r\n\r\n<p>If you make a request, we have one month to respond to you. If you would like to exercise any of these rights, please contact us.</p>\r\n\r\n<h2>GDPR Data Protection Rights</h2>\r\n\r\n<p>We would like to make sure you are fully aware of all of your data protection rights. Every user is entitled to the following:</p>\r\n\r\n<p>The right to access &ndash; You have the right to request copies of your personal data. We may charge you a small fee for this service.</p>\r\n\r\n<p>The right to rectification &ndash; You have the right to request that we correct any information you believe is inaccurate. You also have the right to request that we complete the information you believe is incomplete.</p>\r\n\r\n<p>The right to erasure &ndash; You have the right to request that we erase your personal data, under certain conditions.</p>\r\n\r\n<p>The right to restrict processing &ndash; You have the right to request that we restrict the processing of your personal data, under certain conditions.</p>\r\n\r\n<p>The right to object to processing &ndash; You have the right to object to our processing of your personal data, under certain conditions.</p>\r\n\r\n<p>The right to data portability &ndash; You have the right to request that we transfer the data that we have collected to another organization, or directly to you, under certain conditions.</p>\r\n\r\n<p>If you make a request, we have one month to respond to you. If you would like to exercise any of these rights, please contact us.</p>\r\n\r\n<h2>Children&#39;s Information</h2>\r\n\r\n<p>Another part of our priority is adding protection for children while using the internet. We encourage parents and guardians to observe, participate in, and/or monitor and guide their online activity.</p>\r\n\r\n<p>goldennests does not knowingly collect any Personal Identifiable Information from children under the age of 13. If you think that your child provided this kind of information on our website, we strongly encourage you to contact us immediately and we will do our best efforts to promptly remove such information from our records.</p>\r\n\r\n<h2><strong>Hotel&nbsp;</strong></h2>\r\n\r\n<p>We dont provide home deliverly&nbsp;as of now though pick up option is available.</p>"}}, {"model": "home.contact", "pk": 1, "fields": {"name": "test", "email": "test@gmail.com", "mobile": 8549657542, "description": "test", "date": "2021-06-26T00:15:23.521", "seen": true}}, {"model": "home.contact", "pk": 2, "fields": {"name": "Amit Jain", "email": "amitj.coder@gmail.com", "mobile": 8275123023, "description": "aasdfasdf", "date": "2021-06-26T02:10:16.972", "seen": false}}, {"model": "home.contact", "pk": 3, "fields": {"name": "Parag Mali", "email": "paragmali25@gmail.com", "mobile": 9881594732, "description": "Can you arrange a dinner for couples and what will it costs", "date": "2021-10-11T21:13:24.033", "seen": false}}, {"model": "home.contact", "pk": 4, "fields": {"name": "Anjali", "email": "anjalilahoti12@gmail.com", "mobile": 9511998142, "description": "I want to book a table for tomorrow with some decoration. There's no contact number available. How to contact you?", "date": "2021-10-13T19:47:40.288", "seen": false}}, {"model": "home.contact", "pk": 5, "fields": {"name": "Labhesh lotwala", "email": null, "mobile": 9423387777, "description": "We want to book a table for dinner", "date": "2021-10-15T17:36:27.223", "seen": false}}, {"model": "home.contact", "pk": 6, "fields": {"name": "shubhangi lokhande", "email": "lokhandeshubhangi411@gmail.com", "mobile": 8698762841, "description": "wann ask about job. ill complate my hotel mangement. i have 3year experices in", "date": "2021-11-03T15:58:15.067", "seen": false}}, {"model": "home.contact", "pk": 7, "fields": {"name": "Gajanand Bangar", "email": "bangar.gajanand@gmail.com", "mobile": 7972064954, "description": "Your service supervisor ask for tip from customer , I exprense 8/11/21 my birthday dinner with my family and I pay bill 1037 and pay tip amt to service but your supervisor ask me 2 time for tip confirmation , I am already complaint to owner", "date": "2021-11-11T18:51:56.538", "seen": false}}, {"model": "home.upcomingevent", "pk": 1, "fields": {"title": "Opening", "date": "2021-06-26", "description": "Grand Opening"}}, {"model": "home.upcomingevent", "pk": 2, "fields": {"title": "Golden Friday", "date": "2021-07-09", "description": "Offers on food and room booking."}}, {"model": "menu.category", "pk": 1, "fields": {"title": "SOUP", "slug": "soup", "image": "category/madmax-chef-cToNEm70cvE-unsplash.jpg", "is_active": true}}, {"model": "menu.category", "pk": 2, "fields": {"title": "TANDOOR", "slug": "tandoor", "image": "category/victoria-shes-UC0HZdUitWY-unsplash.jpg", "is_active": true}}, {"model": "menu.category", "pk": 3, "fields": {"title": "CHINESE", "slug": "chinese", "image": "category/madmax-chef-otLqpb9LK70-unsplash.jpg", "is_active": true}}, {"model": "menu.category", "pk": 5, "fields": {"title": "INDIAN CURRY", "slug": "indian-curry", "image": "category/sanket-shah-eEWlcfydzQ4-unsplash.jpg", "is_active": true}}, {"model": "menu.category", "pk": 6, "fields": {"title": "ROTI", "slug": "roti", "image": "category/nadya-spetnitskaya-tOYiQxF9-Ys-unsplash.jpg", "is_active": true}}, {"model": "menu.category", "pk": 7, "fields": {"title": "RICE", "slug": "rice", "image": "category/pille-r-priske-xmuIgjuQG0M-unsplash_1.jpg", "is_active": true}}, {"model": "menu.category", "pk": 8, "fields": {"title": "BREAD", "slug": "bread", "image": "category/victoria-shes-IUk1S6n2s0o-unsplash.jpg", "is_active": true}}, {"model": "menu.category", "pk": 9, "fields": {"title": "PASTA AND PIZZA", "slug": "pasta-and-pizza", "image": "category/nerise-gokpinar-HHhYcbwiXMc-unsplash.jpg", "is_active": true}}, {"model": "menu.category", "pk": 10, "fields": {"title": "SIZZLER", "slug": "sizzler", "image": "category/5fbb6381f74d571136116007_1606116225273.jpg", "is_active": true}}, {"model": "menu.category", "pk": 11, "fields": {"title": "MEXICAN", "slug": "mexican", "image": "category/ismael-trevino-Y0zbn9lPCEU-unsplash.jpg", "is_active": true}}, {"model": "menu.category", "pk": 12, "fields": {"title": "RAITA", "slug": "raita", "image": "category/sara-cervera-4caIPcmVDII-unsplash.jpg", "is_active": true}}, {"model": "menu.category", "pk": 13, "fields": {"title": "PAPAD", "slug": "papad", "image": "category/1568274937-1296.jpg", "is_active": true}}, {"model": "menu.category", "pk": 14, "fields": {"title": "SALAD", "slug": "salad", "image": "category/mariana-medvedeva-fk6IiypMWss-unsplash.jpg", "is_active": true}}, {"model": "menu.category", "pk": 15, "fields": {"title": "DAAL", "slug": "daal", "image": "category/kalyani-akella-6ZxmoCTe9PU-unsplash.jpg", "is_active": true}}, {"model": "menu.product", "pk": 1, "fields": {"category": 1, "title": "LEMON CORIANDER SOUP", "slug": "lemon-coriander-soup", "size": null, "cost_per": null, "price": "120.00", "label": null, "description": "<p>With crispy fried wanton</p>", "image": "", "veg": true, "first_class": false, "is_active": true, "trending": false, "date_added": "2021-06-21T10:53:46.851"}}, {"model": "menu.product", "pk": 2, "fields": {"category": 1, "title": "STREET SIDE MANCHOW SOUP", "slug": "street-side-manchow-soup", "size": null, "cost_per": null, "price": "145.00", "label": null, "description": "<p>For the spice lover</p>", "image": "", "veg": true, "first_class": false, "is_active": true, "trending": false, "date_added": "2021-06-21T10:55:16.711"}}, {"model": "menu.product", "pk": 3, "fields": {"category": 1, "title": "DUM VEG SHORBA", "slug": "dum-veg-shorba", "size": null, "cost_per": null, "price": "130.00", "label": null, "description": "<p>Big flavor packed with hearty veggie</p>", "image": "", "veg": true, "first_class": false, "is_active": true, "trending": false, "date_added": "2021-06-21T10:56:23.701"}}, {"model": "menu.product", "pk": 4, "fields": {"category": 1, "title": "DOUBLE BUBBLE SWEET CORN SOUP", "slug": "double-bubble-sweet-corn-soup", "size": null, "cost_per": null, "price": "130.00", "label": null, "description": "<p>Sweet corn soup with a twist</p>", "image": "", "veg": true, "first_class": false, "is_active": true, "trending": false, "date_added": "2021-06-21T10:57:18.819"}}, {"model": "menu.product", "pk": 5, "fields": {"category": 1, "title": "CREAM OF TOMAMTO SOUP", "slug": "cream-of-tomamto-soup", "size": null, "cost_per": null, "price": "130.00", "label": null, "description": "<p>Old is gold served with crispy croutons</p>", "image": "", "veg": true, "first_class": false, "is_active": true, "trending": false, "date_added": "2021-06-21T10:57:55.668"}}, {"model": "menu.product", "pk": 6, "fields": {"category": 1, "title": "HOT N SOUR SOUP", "slug": "hot-n-sour-soup", "size": null, "cost_per": null, "price": "130.00", "label": null, "description": "<p>the soup contains ingredients that make it both spicy and sour</p>", "image": "", "veg": true, "first_class": false, "is_active": true, "trending": false, "date_added": "2021-06-21T10:58:27.188"}}, {"model": "menu.product", "pk": 7, "fields": {"category": 1, "title": "VEG CLEAR SOUP", "slug": "veg-clear-soup", "size": null, "cost_per": null, "price": "110.00", "label": null, "description": "<p>I make this clear veg soup with cabbage or Chinese cabbage or bok choy, carrots, beans, sweet corn and mushrooms.</p>", "image": "", "veg": true, "first_class": false, "is_active": true, "trending": false, "date_added": "2021-06-21T10:59:28.868"}}, {"model": "menu.product", "pk": 8, "fields": {"category": 1, "title": "BROCCOLI ALMOND SOUP", "slug": "broccoli-almond-soup", "size": null, "cost_per": null, "price": "170.00", "label": null, "description": "<p>it&#39;s a samptuous choice with mild smoothing flavour and creamy consistency interspread with the exiting crunch of roasted almonds</p>", "image": "", "veg": true, "first_class": false, "is_active": true, "trending": false, "date_added": "2021-06-21T10:59:58.566"}}, {"model": "menu.product", "pk": 9, "fields": {"category": 1, "title": "CHICKEN MANCHOW SOUP", "slug": "chicken-manchow-soup", "size": null, "cost_per": null, "price": "170.00", "label": null, "description": "<p>Spicy and hot soup with chicken and vegetables</p>", "image": "", "veg": false, "first_class": false, "is_active": true, "trending": false, "date_added": "2021-06-21T11:01:08.771"}}, {"model": "menu.product", "pk": 10, "fields": {"category": 1, "title": "CHICKEN SWEET CORN SOUP", "slug": "chicken-sweet-corn-soup", "size": null, "cost_per": null, "price": "170.00", "label": null, "description": "<p>Tender corn kernels and diced chicken, simmered to a soup</p>", "image": "", "veg": false, "first_class": false, "is_active": true, "trending": false, "date_added": "2021-06-21T11:02:17.655"}}, {"model": "menu.product", "pk": 11, "fields": {"category": 1, "title": "CHICKEN HOT & SOUR SOUP", "slug": "chicken-hot-sour-soup", "size": null, "cost_per": null, "price": "170.00", "label": null, "description": "<p>Spicy and tangy soup with sesame and chilli flavour topped with chicken</p>", "image": "", "veg": false, "first_class": false, "is_active": true, "trending": false, "date_added": "2021-06-21T11:03:01.787"}}, {"model": "menu.product", "pk": 12, "fields": {"category": 1, "title": "SEA FOOD SOUP", "slug": "sea-food-soup", "size": null, "cost_per": null, "price": "190.00", "label": null, "description": "<p>characterized by boiling solid ingredients in liquids in a pot until the flavors are extracted</p>", "image": "", "veg": true, "first_class": false, "is_active": true, "trending": false, "date_added": "2021-06-21T11:03:37.591"}}, {"model": "menu.product", "pk": 13, "fields": {"category": 1, "title": "CHICKEN MALANG SHORBA", "slug": "chicken-malang-shorba", "size": null, "cost_per": null, "price": "170.00", "label": null, "description": "<p>A flavorful chicken soup with the twist of Indian spices</p>", "image": "", "veg": false, "first_class": false, "is_active": true, "trending": false, "date_added": "2021-06-21T11:04:48.843"}}, {"model": "menu.product", "pk": 14, "fields": {"category": 1, "title": "CHICKEN CLEAR SOUP", "slug": "chicken-clear-soup", "size": null, "cost_per": null, "price": "145.00", "label": null, "description": "<p>made with chicken, lots of vegetables and hint of Chinese sauces</p>", "image": "", "veg": false, "first_class": false, "is_active": true, "trending": false, "date_added": "2021-06-21T11:05:48.221"}}, {"model": "menu.product", "pk": 15, "fields": {"category": 1, "title": "CHICKEN KUNG-FU SOUP", "slug": "chicken-kung-fu-soup", "size": null, "cost_per": null, "price": "170.00", "label": null, "description": "<p>referred to as Dragon&#39;s soup and Dragon phoenix soup, is a thick soup made with lemon, chili peppers,&nbsp;chicken</p>", "image": "", "veg": false, "first_class": false, "is_active": true, "trending": false, "date_added": "2021-06-21T11:06:46.625"}}, {"model": "menu.product", "pk": 16, "fields": {"category": 1, "title": "CHICKEN TOM YOM SOUP", "slug": "chicken-tom-yom-soup", "size": null, "cost_per": null, "price": "170.00", "label": null, "description": "<p>is a type of hot and sour Thai&nbsp;soup,Tom yum&nbsp;has The words &quot;tom yam&quot; are derived from two Thai&nbsp;...</p>", "image": "", "veg": true, "first_class": false, "is_active": true, "trending": false, "date_added": "2021-06-21T11:07:20.019"}}, {"model": "menu.product", "pk": 17, "fields": {"category": 1, "title": "CHICKEN TOM-KHA SOUP", "slug": "chicken-tom-kha-soup", "size": null, "cost_per": null, "price": "190.00", "label": null, "description": "<p>it is a thai coconut base thick soup</p>", "image": "", "veg": false, "first_class": false, "is_active": true, "trending": false, "date_added": "2021-06-21T11:07:57.939"}}, {"model": "menu.product", "pk": 18, "fields": {"category": 2, "title": "SMOKED TANDOORI SOYA CHAAP", "slug": "smoked-tandoori-soya-chaap", "size": null, "cost_per": null, "price": "270.00", "label": null, "description": "<p>A perfect spiced up kebab for vegan</p>", "image": "", "veg": true, "first_class": false, "is_active": true, "trending": false, "date_added": "2021-06-21T11:09:48.828"}}, {"model": "menu.product", "pk": 19, "fields": {"category": 2, "title": "TANDOORI GRILLED MOMOS", "slug": "tandoori-grilled-momos", "size": null, "cost_per": null, "price": "270.00", "label": null, "description": "<p>An unofficial national dish of Bangalore</p>", "image": "", "veg": true, "first_class": false, "is_active": true, "trending": false, "date_added": "2021-06-21T11:10:43.988"}}, {"model": "menu.product", "pk": 20, "fields": {"category": 2, "title": "TANDOOR ROASTED FRUIT CHAAT", "slug": "tandoor-roasted-fruit-chaat", "size": null, "cost_per": null, "price": "270.00", "label": null, "description": "<p>Assorted fruits grilled in tangy masala</p>", "image": "", "veg": true, "first_class": false, "is_active": true, "trending": false, "date_added": "2021-06-21T11:11:45.209"}}, {"model": "menu.product", "pk": 21, "fields": {"category": 2, "title": "OLD STYLE PANEER TIKKA", "slug": "old-style-paneer-tikka", "size": null, "cost_per": null, "price": "270.00", "label": null, "description": "<p>Paneer chunks, smoked capsicum, pineapple, onion and sweet chilli sauce</p>", "image": "", "veg": true, "first_class": false, "is_active": true, "trending": false, "date_added": "2021-06-21T11:12:16.333"}}, {"model": "menu.product", "pk": 22, "fields": {"category": 2, "title": "THE PERFECT VEG SEEKH KEBAB", "slug": "the-perfect-veg-seekh-kebab", "size": null, "cost_per": null, "price": "250.00", "label": null, "description": "<p>Served with mint mayo chutney</p>", "image": "", "veg": true, "first_class": false, "is_active": true, "trending": false, "date_added": "2021-06-21T11:13:37.222"}}, {"model": "menu.product", "pk": 23, "fields": {"category": 2, "title": "PATTE ME LIPTA PANEER", "slug": "patte-me-lipta-paneer", "size": null, "cost_per": null, "price": "270.00", "label": null, "description": "<p>Served with roasted potatoes and mustard sauce</p>", "image": "", "veg": true, "first_class": false, "is_active": true, "trending": false, "date_added": "2021-06-21T11:14:09.496"}}, {"model": "menu.product", "pk": 24, "fields": {"category": 2, "title": "FIERY BABY CORN CIGAR", "slug": "fiery-baby-corn-cigar", "size": null, "cost_per": null, "price": "250.00", "label": null, "description": "<p>Tempure coated baby corn cigar served with spicy tomato salsa</p>", "image": "", "veg": true, "first_class": false, "is_active": true, "trending": false, "date_added": "2021-06-21T11:14:38.069"}}, {"model": "menu.product", "pk": 25, "fields": {"category": 2, "title": "MALAI MASALA BROCCOLI", "slug": "malai-masala-broccoli", "size": null, "cost_per": null, "price": "270.00", "label": null, "description": "<p>Roasted creamy sauce broccoli</p>", "image": "", "veg": true, "first_class": false, "is_active": true, "trending": false, "date_added": "2021-06-21T11:15:51.102"}}, {"model": "menu.product", "pk": 26, "fields": {"category": 2, "title": "METHI MALAI SEEKH KEBAB", "slug": "methi-malai-seekh-kebab", "size": null, "cost_per": null, "price": "250.00", "label": null, "description": "<p>Fresh fenugreek leaves spices and corn</p>", "image": "", "veg": true, "first_class": false, "is_active": true, "trending": false, "date_added": "2021-06-21T11:16:35.610"}}, {"model": "menu.product", "pk": 27, "fields": {"category": 2, "title": "PANEER SHIKARI", "slug": "paneer-shikari", "size": null, "cost_per": null, "price": "270.00", "label": null, "description": "<p>chunks of paneer marinated in tandoori mixture with hot red chilli paste</p>", "image": "", "veg": true, "first_class": false, "is_active": true, "trending": false, "date_added": "2021-06-21T11:17:06.207"}}, {"model": "menu.product", "pk": 28, "fields": {"category": 2, "title": "PERI PERI PANEER TIKKA", "slug": "peri-peri-paneer-tikka", "size": null, "cost_per": null, "price": "290.00", "label": null, "description": "<p>a fusion recipe with peri peri paneer tikka amazingly great</p>", "image": "", "veg": true, "first_class": false, "is_active": true, "trending": false, "date_added": "2021-06-21T11:17:34.163"}}, {"model": "menu.product", "pk": 29, "fields": {"category": 2, "title": "PANEER MALAI TIKKA", "slug": "paneer-malai-tikka", "size": null, "cost_per": null, "price": "290.00", "label": null, "description": "<p>cottage cheese cubes are cooked in soft and creamy marinated with gentle spices</p>", "image": "", "veg": true, "first_class": false, "is_active": true, "trending": false, "date_added": "2021-06-21T11:18:14.601"}}, {"model": "menu.product", "pk": 30, "fields": {"category": 2, "title": "MURGH TOOFANI TIKKA", "slug": "murgh-toofani-tikka", "size": null, "cost_per": null, "price": "320.00", "label": null, "description": "<p>Chicken boneless kebab with exotic spices &amp; red chillies</p>", "image": "", "veg": false, "first_class": false, "is_active": true, "trending": false, "date_added": "2021-06-21T11:21:12.502"}}, {"model": "menu.product", "pk": 31, "fields": {"category": 2, "title": "CHICKEN TIKKA KEBAB", "slug": "chicken-tikka-kebab", "size": null, "cost_per": null, "price": "320.00", "label": null, "description": "<p>Smokey and fiery tender chicken kebab with chillies and yoghurt.</p>", "image": "", "veg": false, "first_class": false, "is_active": true, "trending": false, "date_added": "2021-06-21T11:21:49.082"}}, {"model": "menu.product", "pk": 32, "fields": {"category": 2, "title": "CHICKEN KALMI KEBAB", "slug": "chicken-kalmi-kebab", "size": null, "cost_per": null, "price": "345.00", "label": null, "description": "<p>An all-time favourite chicken drumstick kebab</p>", "image": "", "veg": false, "first_class": false, "is_active": true, "trending": false, "date_added": "2021-06-21T11:22:31.602"}}, {"model": "menu.product", "pk": 33, "fields": {"category": 2, "title": "CHICKEN GARLIC KEBAB", "slug": "chicken-garlic-kebab", "size": null, "cost_per": null, "price": "320.00", "label": null, "description": "<p>A creamy, mild and non-spicy garlic flavoured kebab.</p>", "image": "", "veg": false, "first_class": false, "is_active": true, "trending": false, "date_added": "2021-06-21T11:23:33.702"}}, {"model": "menu.product", "pk": 34, "fields": {"category": 2, "title": "CHICKEN SEEKH KEBAB", "slug": "chicken-seekh-kebab", "size": null, "cost_per": null, "price": "320.00", "label": null, "description": "<p>A special delight of minced chicken, poppy seeds and flovourful spices cooked on skewers.</p>", "image": "", "veg": false, "first_class": false, "is_active": true, "trending": false, "date_added": "2021-06-21T11:24:11.162"}}, {"model": "menu.product", "pk": 35, "fields": {"category": 2, "title": "CHICKEN RESHMI KEBAB", "slug": "chicken-reshmi-kebab", "size": null, "cost_per": null, "price": "345.00", "label": null, "description": "<p>Boneless chicken kebabs with cashew paste and cream, cooked to perfection</p>", "image": "", "veg": false, "first_class": false, "is_active": true, "trending": false, "date_added": "2021-06-21T11:24:38.274"}}, {"model": "menu.product", "pk": 36, "fields": {"category": 2, "title": "TANDOORI CHICKEN", "slug": "tandoori-chicken", "size": null, "cost_per": null, "price": "290.00", "label": null, "description": "<p>The King of all kebabs, spiced full chicken with bone, finished in a tandoor</p>", "image": "", "veg": false, "first_class": false, "is_active": true, "trending": false, "date_added": "2021-06-21T11:25:03.422"}}, {"model": "menu.product", "pk": 37, "fields": {"category": 2, "title": "MUTTON SEEKH KEBAB", "slug": "mutton-seekh-kebab", "size": null, "cost_per": null, "price": "450.00", "label": null, "description": "<p>Minced lamb skewers, cooked over open charcoal.</p>", "image": "", "veg": false, "first_class": false, "is_active": true, "trending": false, "date_added": "2021-06-21T11:25:35.250"}}, {"model": "menu.product", "pk": 38, "fields": {"category": 2, "title": "FISH TIKKA KEBAB", "slug": "fish-tikka-kebab", "size": null, "cost_per": null, "price": "350.00", "label": null, "description": "<p>Cubes of fish marinated in flavoured yoghurt and spices, cooked in a tandoor.</p>", "image": "", "veg": false, "first_class": false, "is_active": true, "trending": false, "date_added": "2021-06-21T11:26:47.758"}}, {"model": "menu.product", "pk": 39, "fields": {"category": 2, "title": "DARIYA KE RATAN", "slug": "dariya-ke-ratan", "size": null, "cost_per": null, "price": "450.00", "label": null, "description": "<p>Lime scented, Ajwain flavoured, mildly spiced tiger prawns cooked over charcoal</p>", "image": "", "veg": false, "first_class": false, "is_active": true, "trending": false, "date_added": "2021-06-21T11:27:47.587"}}, {"model": "menu.product", "pk": 40, "fields": {"category": 2, "title": "CHICKEN PLATTER", "slug": "chicken-platter", "size": null, "cost_per": null, "price": "810.00", "label": null, "description": "<p>A mixed variety of chicken kebabs served with pudina chutney</p>", "image": "", "veg": false, "first_class": false, "is_active": true, "trending": false, "date_added": "2021-06-21T11:28:17.708"}}, {"model": "menu.product", "pk": 41, "fields": {"category": 2, "title": "PERI PERI CHICKEN TIKKA", "slug": "peri-peri-chicken-tikka", "size": null, "cost_per": null, "price": "325.00", "label": null, "description": "<p>suclunt chicken pices marineted with peri peri sauce and served on a bed of lettuce</p>", "image": "", "veg": false, "first_class": false, "is_active": true, "trending": false, "date_added": "2021-06-21T11:28:50.283"}}, {"model": "menu.product", "pk": 42, "fields": {"category": 2, "title": "CHICKEN MALAI TIKKA", "slug": "chicken-malai-tikka", "size": null, "cost_per": null, "price": "325.00", "label": null, "description": "<p>Boneless chicken kebabs with cashew paste and cream, cooked to perfection</p>", "image": "", "veg": false, "first_class": false, "is_active": true, "trending": false, "date_added": "2021-06-21T11:29:42.947"}}, {"model": "menu.product", "pk": 43, "fields": {"category": 2, "title": "LAT PATA MUTTON", "slug": "lat-pata-mutton", "size": null, "cost_per": null, "price": "410.00", "label": null, "description": "<p>boneless pices of mutton cooked in hot n spicy gravy</p>", "image": "", "veg": false, "first_class": false, "is_active": true, "trending": false, "date_added": "2021-06-21T11:30:09.109"}}, {"model": "menu.product", "pk": 44, "fields": {"category": 2, "title": "SHAMI KEBAB", "slug": "shami-kebab", "size": null, "cost_per": null, "price": "410.00", "label": null, "description": "<p>mutton minced stuffed and cooked in tawa&nbsp;</p>", "image": "", "veg": false, "first_class": false, "is_active": true, "trending": false, "date_added": "2021-06-21T11:30:34.423"}}, {"model": "menu.product", "pk": 45, "fields": {"category": 2, "title": "DUM KI CHAAP", "slug": "dum-ki-chaap", "size": null, "cost_per": null, "price": "510.00", "label": null, "description": "<p>a very special kabab made from tender lamb chaap</p>", "image": "", "veg": false, "first_class": false, "is_active": true, "trending": false, "date_added": "2021-06-21T11:31:06.306"}}, {"model": "menu.product", "pk": 46, "fields": {"category": 3, "title": "PATRANI PANEER", "slug": "patrani-paneer", "size": null, "cost_per": null, "price": "270.00", "label": null, "description": "<p>Famous parsi dish - stuffed and tawa grill</p>", "image": "", "veg": true, "first_class": false, "is_active": true, "trending": false, "date_added": "2021-06-21T11:36:23.511"}}, {"model": "menu.product", "pk": 47, "fields": {"category": 3, "title": "WOK TOSSED MOMOS", "slug": "wok-tossed-momos", "size": null, "cost_per": null, "price": "210.00", "label": null, "description": "<p>Pan fried butter garlic momos</p>", "image": "", "veg": true, "first_class": false, "is_active": true, "trending": false, "date_added": "2021-06-21T11:36:50.282"}}, {"model": "menu.product", "pk": 48, "fields": {"category": 3, "title": "PITA POCKET FALAFEL BITE", "slug": "pita-pocket-falafel-bite", "size": null, "cost_per": null, "price": "210.00", "label": null, "description": "<p>The perfect lebanese pocket</p>", "image": "", "veg": true, "first_class": false, "is_active": true, "trending": false, "date_added": "2021-06-21T11:37:12.878"}}, {"model": "menu.product", "pk": 49, "fields": {"category": 3, "title": "PAV BHAJI FONDUE", "slug": "pav-bhaji-fondue", "size": null, "cost_per": null, "price": "170.00", "label": null, "description": "<p>Pardon our french prep mouth watering and eye popping</p>", "image": "", "veg": true, "first_class": false, "is_active": true, "trending": false, "date_added": "2021-06-21T11:37:43.314"}}, {"model": "menu.product", "pk": 50, "fields": {"category": 3, "title": "CRISPY CHINESE BHEL", "slug": "crispy-chinese-bhel", "size": null, "cost_per": null, "price": "170.00", "label": null, "description": "<p>Made in india</p>", "image": "", "veg": true, "first_class": false, "is_active": true, "trending": false, "date_added": "2021-06-21T11:39:21.782"}}, {"model": "menu.product", "pk": 51, "fields": {"category": 3, "title": "PANEER PAPDI ROLL WITH CHUTNEY FOAM", "slug": "paneer-papdi-roll-with-chutney-foam", "size": null, "cost_per": null, "price": "210.00", "label": null, "description": "<p>Roll served with spicy sauce</p>", "image": "", "veg": true, "first_class": false, "is_active": true, "trending": false, "date_added": "2021-06-21T11:39:49.273"}}, {"model": "menu.product", "pk": 52, "fields": {"category": 3, "title": "CHEESE CORN BALL AND POTATO WEDGES", "slug": "cheese-corn-ball-and-potato-wedges", "size": null, "cost_per": null, "price": "170.00", "label": null, "description": "<p>Served with melted cheese and spicy salsa</p>", "image": "", "veg": true, "first_class": false, "is_active": true, "trending": false, "date_added": "2021-06-21T11:42:11.508"}}, {"model": "menu.product", "pk": 53, "fields": {"category": 3, "title": "CRISPY HONEY CHILLI POTATO", "slug": "crispy-honey-chilli-potato", "size": null, "cost_per": null, "price": "190.00", "label": null, "description": "<p>Potato trips fried and seasoned</p>", "image": "", "veg": true, "first_class": false, "is_active": true, "trending": false, "date_added": "2021-06-21T11:42:43.089"}}, {"model": "menu.product", "pk": 54, "fields": {"category": 3, "title": "SICHUAN THREAD PANEER", "slug": "sichuan-thread-paneer", "size": null, "cost_per": null, "price": "230.00", "label": null, "description": "<p>Three idiots paneer recipe in TLCH istyle</p>", "image": "", "veg": true, "first_class": false, "is_active": true, "trending": false, "date_added": "2021-06-21T11:43:10.346"}}, {"model": "menu.product", "pk": 55, "fields": {"category": 3, "title": "SPRING ROLL INDIAN MADE", "slug": "spring-roll-indian-made", "size": null, "cost_per": null, "price": "200.00", "label": null, "description": "<p>Rollup with the hint of bengali flavors</p>", "image": "", "veg": true, "first_class": false, "is_active": true, "trending": false, "date_added": "2021-06-21T11:43:43.054"}}, {"model": "menu.product", "pk": 56, "fields": {"category": 3, "title": "I LIKE PANEER CHILLY DRY", "slug": "i-like-paneer-chilly-dry", "size": null, "cost_per": null, "price": "220.00", "label": null, "description": "<p>Indo chinese preparation</p>", "image": "", "veg": true, "first_class": false, "is_active": true, "trending": false, "date_added": "2021-06-21T11:44:40.661"}}, {"model": "menu.product", "pk": 57, "fields": {"category": 3, "title": "INDIANIZED VERSION VEG MANCHURIAN BALL", "slug": "indianized-version-veg-manchurian-ball", "size": null, "cost_per": null, "price": "190.00", "label": null, "description": "<p>Veggie dumpling served in gangnam style</p>", "image": "", "veg": true, "first_class": false, "is_active": true, "trending": false, "date_added": "2021-06-21T11:45:19.159"}}, {"model": "menu.product", "pk": 58, "fields": {"category": 3, "title": "CHICKEN SPRING ROLL", "slug": "chicken-spring-roll", "size": null, "cost_per": null, "price": "295.00", "label": null, "description": "<p>Crisp deep fried rolls with a stuffing of stir-fried vegetables &amp; shredded chicken</p>", "image": "", "veg": false, "first_class": false, "is_active": true, "trending": false, "date_added": "2021-06-21T14:22:09.005"}}, {"model": "menu.product", "pk": 59, "fields": {"category": 3, "title": "CHICKEN 65", "slug": "chicken-65", "size": null, "cost_per": null, "price": "305.00", "label": null, "description": "<p>Tender chicken pakoras tossed in spiced yogurt sauce with curry leaves</p>", "image": "", "veg": false, "first_class": false, "is_active": true, "trending": false, "date_added": "2021-06-21T14:25:09.266"}}, {"model": "menu.product", "pk": 60, "fields": {"category": 3, "title": "CHILLI CHICKEN", "slug": "chilli-chicken", "size": null, "cost_per": null, "price": "305.00", "label": null, "description": "<p>Wok tossed cubes of deep fried chicken, coated with tangy chili sauce</p>", "image": "", "veg": false, "first_class": false, "is_active": true, "trending": false, "date_added": "2021-06-21T14:26:40.162"}}, {"model": "menu.product", "pk": 61, "fields": {"category": 3, "title": "CHICKEN DRUM STICK", "slug": "chicken-drum-stick", "size": null, "cost_per": null, "price": "310.00", "label": null, "description": "<p>Deep fried lollipops of chicken, served with hot garlic sauce</p>", "image": "", "veg": false, "first_class": false, "is_active": true, "trending": false, "date_added": "2021-06-21T14:27:23.894"}}, {"model": "menu.product", "pk": 62, "fields": {"category": 3, "title": "CHICKEN MANCHURIAN", "slug": "chicken-manchurian", "size": null, "cost_per": null, "price": "305.00", "label": null, "description": "<p>Stir fried chicken in spiced Manchurian sauce</p>", "image": "", "veg": false, "first_class": false, "is_active": true, "trending": false, "date_added": "2021-06-21T14:31:36.729"}}, {"model": "menu.product", "pk": 63, "fields": {"category": 3, "title": "PEPPER CHICKEN", "slug": "pepper-chicken", "size": null, "cost_per": null, "price": "310.00", "label": null, "description": "<p>Deep fried marinated cubes of chicken flavoured with cracked pepper corns</p>", "image": "", "veg": false, "first_class": false, "is_active": true, "trending": false, "date_added": "2021-06-21T14:32:08.967"}}, {"model": "menu.product", "pk": 64, "fields": {"category": 3, "title": "APOLLO FISH", "slug": "apollo-fish", "size": null, "cost_per": null, "price": "345.00", "label": null, "description": "<p>Crispy fried fish tossed in a yoghurt sauce with green chillies and curry leaves</p>", "image": "", "veg": false, "first_class": false, "is_active": true, "trending": false, "date_added": "2021-06-21T14:32:52.061"}}, {"model": "menu.product", "pk": 65, "fields": {"category": 3, "title": "CHILLI FISH", "slug": "chilli-fish", "size": null, "cost_per": null, "price": "345.00", "label": null, "description": "<p>Wok tossed deep-fried fish, coated with tangy chili sauce</p>", "image": "", "veg": false, "first_class": false, "is_active": true, "trending": false, "date_added": "2021-06-21T14:34:49.044"}}, {"model": "menu.product", "pk": 66, "fields": {"category": 3, "title": "GOLDEN FRIED PRAWNS", "slug": "golden-fried-prawns", "size": null, "cost_per": null, "price": "410.00", "label": null, "description": "<p>Succulent tiger prawns marinated and deep-fried, served with hot garlic sauce</p>", "image": "", "veg": false, "first_class": false, "is_active": true, "trending": false, "date_added": "2021-06-21T14:35:22.608"}}, {"model": "menu.product", "pk": 67, "fields": {"category": 3, "title": "CHILLI PRAWNS", "slug": "chilli-prawns", "size": null, "cost_per": null, "price": "410.00", "label": null, "description": "<p>Wok tossed deep-fried tiger prawns, coated with tangy chilli sauce</p>", "image": "", "veg": false, "first_class": false, "is_active": true, "trending": false, "date_added": "2021-06-21T14:35:50.051"}}, {"model": "menu.product", "pk": 68, "fields": {"category": 3, "title": "LOOSE PRAWNS", "slug": "loose-prawns", "size": null, "cost_per": null, "price": "410.00", "label": null, "description": "<p>Crisp fried cut pieces of prawns tossed with onions &amp; chillies</p>", "image": "", "veg": false, "first_class": false, "is_active": true, "trending": false, "date_added": "2021-06-21T14:36:38.774"}}, {"model": "menu.product", "pk": 69, "fields": {"category": 3, "title": "EGG SOFT NOODLES", "slug": "egg-soft-noodles", "size": null, "cost_per": null, "price": "250.00", "label": null, "description": "<p>Indo-Chinese dish that is enjoyed all over the country</p>", "image": "", "veg": false, "first_class": false, "is_active": true, "trending": false, "date_added": "2021-06-21T14:37:44.513"}}, {"model": "menu.product", "pk": 70, "fields": {"category": 3, "title": "CHICKEN HAKKA NOODLES", "slug": "chicken-hakka-noodles", "size": null, "cost_per": null, "price": "250.00", "label": null, "description": "<p>cooked noodles are tossed with boiled chicken, vegetables, meat, and sauces.</p>", "image": "", "veg": false, "first_class": false, "is_active": true, "trending": false, "date_added": "2021-06-21T14:38:33.610"}}, {"model": "menu.product", "pk": 71, "fields": {"category": 3, "title": "EGG FRIED RICE", "slug": "egg-fried-rice", "size": null, "cost_per": null, "price": "230.00", "label": null, "description": "<p>cooked rice stir on wok with scrumbled egss</p>", "image": "", "veg": false, "first_class": false, "is_active": true, "trending": false, "date_added": "2021-06-21T14:39:07.761"}}, {"model": "menu.product", "pk": 72, "fields": {"category": 3, "title": "CHICKEN FRIED RICE", "slug": "chicken-fried-rice", "size": null, "cost_per": null, "price": "250.00", "label": null, "description": "<p>Full of flavour &amp; deliciousness</p>", "image": "", "veg": false, "first_class": false, "is_active": true, "trending": false, "date_added": "2021-06-21T14:39:36.520"}}, {"model": "menu.product", "pk": 73, "fields": {"category": 12, "title": "MIXED RAITA", "slug": "mixed-raita", "size": null, "cost_per": null, "price": "120.00", "label": null, "description": "", "image": "", "veg": true, "first_class": false, "is_active": true, "trending": false, "date_added": "2021-06-21T14:42:59.711"}}, {"model": "menu.product", "pk": 74, "fields": {"category": 12, "title": "PINEAPPLE RAITA", "slug": "pineapple-raita", "size": null, "cost_per": null, "price": "120.00", "label": null, "description": "", "image": "", "veg": true, "first_class": false, "is_active": true, "trending": false, "date_added": "2021-06-21T14:43:23.472"}}, {"model": "menu.product", "pk": 75, "fields": {"category": 12, "title": "CUCUMBER RAITA", "slug": "cucumber-raita", "size": null, "cost_per": null, "price": "90.00", "label": null, "description": "", "image": "", "veg": true, "first_class": false, "is_active": true, "trending": false, "date_added": "2021-06-21T14:43:42.749"}}, {"model": "menu.product", "pk": 76, "fields": {"category": 12, "title": "PLAIN CURD", "slug": "plain-curd", "size": null, "cost_per": null, "price": "70.00", "label": null, "description": "", "image": "", "veg": true, "first_class": false, "is_active": true, "trending": false, "date_added": "2021-06-21T14:45:37.640"}}, {"model": "menu.product", "pk": 77, "fields": {"category": 12, "title": "BURANI RAITA", "slug": "burani-raita", "size": null, "cost_per": null, "price": "110.00", "label": null, "description": "", "image": "", "veg": true, "first_class": false, "is_active": true, "trending": false, "date_added": "2021-06-21T14:46:10.311"}}, {"model": "menu.product", "pk": 78, "fields": {"category": 12, "title": "ALOO PUDINA RAITA", "slug": "aloo-pudina-raita", "size": null, "cost_per": null, "price": "90.00", "label": null, "description": "", "image": "", "veg": true, "first_class": false, "is_active": true, "trending": false, "date_added": "2021-06-21T14:46:44.379"}}, {"model": "menu.product", "pk": 79, "fields": {"category": 12, "title": "MIX FRUIT RAITA", "slug": "mix-fruit-raita", "size": null, "cost_per": null, "price": "130.00", "label": null, "description": "", "image": "", "veg": true, "first_class": false, "is_active": true, "trending": false, "date_added": "2021-06-21T14:46:59.050"}}, {"model": "menu.product", "pk": 80, "fields": {"category": 13, "title": "ROASTED", "slug": "roasted", "size": null, "cost_per": null, "price": "30.00", "label": null, "description": "", "image": "", "veg": true, "first_class": false, "is_active": true, "trending": false, "date_added": "2021-06-21T14:47:43.760"}}, {"model": "menu.product", "pk": 81, "fields": {"category": 13, "title": "MASALA", "slug": "masala", "size": null, "cost_per": null, "price": "50.00", "label": null, "description": "", "image": "", "veg": true, "first_class": false, "is_active": true, "trending": false, "date_added": "2021-06-21T14:48:39.224"}}, {"model": "menu.product", "pk": 82, "fields": {"category": 13, "title": "FRIED", "slug": "fried", "size": null, "cost_per": null, "price": "30.00", "label": null, "description": "", "image": "", "veg": true, "first_class": false, "is_active": true, "trending": false, "date_added": "2021-06-21T14:48:57.059"}}, {"model": "menu.product", "pk": 83, "fields": {"category": 13, "title": "KHAKRA (PERI PERI/CHEESE/BUTTER PEANUT", "slug": "khakra-peri-pericheesebutter-peanut", "size": null, "cost_per": "90/ 110/ 110", "price": "90.00", "label": null, "description": "", "image": "", "veg": true, "first_class": false, "is_active": true, "trending": false, "date_added": "2021-06-21T14:49:25.477"}}, {"model": "menu.product", "pk": 84, "fields": {"category": 13, "title": "NAGLI MASALA PAPAD", "slug": "nagli-masala-papad", "size": null, "cost_per": null, "price": "60.00", "label": null, "description": "", "image": "", "veg": true, "first_class": false, "is_active": true, "trending": false, "date_added": "2021-06-21T14:49:40.686"}}, {"model": "menu.product", "pk": 85, "fields": {"category": 13, "title": "SINDHI PAPAD", "slug": "sindhi-papad", "size": null, "cost_per": null, "price": "80.00", "label": null, "description": "", "image": "", "veg": true, "first_class": false, "is_active": true, "trending": false, "date_added": "2021-06-21T14:49:58.274"}}, {"model": "menu.product", "pk": 86, "fields": {"category": 13, "title": "ROLL PAPAD", "slug": "roll-papad", "size": null, "cost_per": null, "price": "45.00", "label": null, "description": "", "image": "", "veg": true, "first_class": false, "is_active": true, "trending": false, "date_added": "2021-06-21T14:50:09.011"}}, {"model": "menu.product", "pk": 87, "fields": {"category": 14, "title": "GREEN SALAD", "slug": "green-salad", "size": null, "cost_per": null, "price": "90.00", "label": null, "description": "", "image": "", "veg": true, "first_class": false, "is_active": true, "trending": false, "date_added": "2021-06-21T14:50:26.816"}}, {"model": "menu.product", "pk": 88, "fields": {"category": 14, "title": "WORLDROF SALAD", "slug": "worldrof-salad", "size": null, "cost_per": null, "price": "210.00", "label": null, "description": "", "image": "", "veg": true, "first_class": false, "is_active": true, "trending": false, "date_added": "2021-06-21T14:50:46.091"}}, {"model": "menu.product", "pk": 89, "fields": {"category": 14, "title": "KACHUMBER SALAD", "slug": "kachumber-salad", "size": null, "cost_per": null, "price": "90.00", "label": null, "description": "", "image": "", "veg": true, "first_class": false, "is_active": true, "trending": false, "date_added": "2021-06-21T14:51:20.897"}}, {"model": "menu.product", "pk": 90, "fields": {"category": 14, "title": "KHIMCHI SALAD", "slug": "khimchi-salad", "size": null, "cost_per": null, "price": "110.00", "label": null, "description": "", "image": "", "veg": true, "first_class": false, "is_active": true, "trending": false, "date_added": "2021-06-21T14:51:38.132"}}, {"model": "menu.product", "pk": 91, "fields": {"category": 14, "title": "RUSSIAN SALAD", "slug": "russian-salad", "size": null, "cost_per": null, "price": "160.00", "label": null, "description": "", "image": "", "veg": true, "first_class": false, "is_active": true, "trending": false, "date_added": "2021-06-21T14:51:48.790"}}, {"model": "menu.product", "pk": 92, "fields": {"category": 14, "title": "GREEK SALAD", "slug": "greek-salad", "size": null, "cost_per": null, "price": "160.00", "label": null, "description": "", "image": "", "veg": true, "first_class": false, "is_active": true, "trending": false, "date_added": "2021-06-21T14:52:44.693"}}, {"model": "menu.product", "pk": 93, "fields": {"category": 14, "title": "CEASER SALAD NON VEG", "slug": "ceaser-salad-non-veg", "size": null, "cost_per": null, "price": "220.00", "label": null, "description": "", "image": "", "veg": false, "first_class": false, "is_active": true, "trending": false, "date_added": "2021-06-21T14:53:07.375"}}, {"model": "menu.product", "pk": 94, "fields": {"category": 5, "title": "LASAGNA STYLE PANEER PALAK", "slug": "lasagna-style-paneer-palak", "size": null, "cost_per": null, "price": "290.00", "label": null, "description": "<p>Layered paneer palak</p>", "image": "", "veg": true, "first_class": false, "is_active": true, "trending": false, "date_added": "2021-06-21T16:23:44.179"}}, {"model": "menu.product", "pk": 95, "fields": {"category": 5, "title": "SCRAMBLED PANEER BHURJI", "slug": "scrambled-paneer-bhurji", "size": null, "cost_per": null, "price": "290.00", "label": null, "description": "<p>Delightfully spicy paneer dish</p>", "image": "", "veg": true, "first_class": false, "is_active": true, "trending": false, "date_added": "2021-06-21T16:26:12.797"}}, {"model": "menu.product", "pk": 96, "fields": {"category": 5, "title": "DESI PINDI CHOLE KULCHA", "slug": "desi-pindi-chole-kulcha", "size": null, "cost_per": null, "price": "210.00", "label": null, "description": "<p>Perfect recipe for chole lovers</p>", "image": "", "veg": true, "first_class": false, "is_active": true, "trending": false, "date_added": "2021-06-21T16:27:00.758"}}, {"model": "menu.product", "pk": 97, "fields": {"category": 5, "title": "BIRMINGHAM BALTI SABZI", "slug": "birmingham-balti-sabzi", "size": null, "cost_per": null, "price": "265.00", "label": null, "description": "<p>Blati cuisine first recipe from the house of London</p>", "image": "", "veg": true, "first_class": false, "is_active": true, "trending": false, "date_added": "2021-06-21T16:27:41.560"}}, {"model": "menu.product", "pk": 98, "fields": {"category": 5, "title": "BHARNI WALA DUM ALOO PUNJABI", "slug": "bharni-wala-dum-aloo-punjabi", "size": null, "cost_per": null, "price": "210.00", "label": null, "description": "<p>A baked dum aloo curry with north indian prep</p>", "image": "", "veg": true, "first_class": false, "is_active": true, "trending": false, "date_added": "2021-06-21T16:28:11.046"}}, {"model": "menu.product", "pk": 99, "fields": {"category": 5, "title": "MAKHMALI KOFTA CURRY", "slug": "makhmali-kofta-curry", "size": null, "cost_per": null, "price": "270.00", "label": null, "description": "<p>The perfect mouth-melting dumpling served with curry</p>", "image": "", "veg": true, "first_class": false, "is_active": true, "trending": false, "date_added": "2021-06-21T16:28:50.293"}}, {"model": "menu.product", "pk": 100, "fields": {"category": 5, "title": "DELHI PLACE PANEER", "slug": "delhi-place-paneer", "size": null, "cost_per": null, "price": "270.00", "label": null, "description": "<p>Grilled paneer cooked with methi makhani gravy and topped with grilled tomatoes</p>", "image": "", "veg": true, "first_class": false, "is_active": true, "trending": false, "date_added": "2021-06-21T16:29:28.808"}}, {"model": "menu.product", "pk": 101, "fields": {"category": 5, "title": "FRESH VEGETABLE JALFREZI", "slug": "fresh-vegetable-jalfrezi", "size": null, "cost_per": null, "price": "265.00", "label": null, "description": "<p>Zucchini carrots french beans peas and broccoli</p>", "image": "", "veg": true, "first_class": false, "is_active": true, "trending": false, "date_added": "2021-06-21T16:29:55.917"}}, {"model": "menu.product", "pk": 102, "fields": {"category": 5, "title": "PANEER MUTTER SAAG", "slug": "paneer-mutter-saag", "size": null, "cost_per": null, "price": "290.00", "label": null, "description": "<p>Paneer and peas served with spinach gravy</p>", "image": "", "veg": true, "first_class": false, "is_active": true, "trending": false, "date_added": "2021-06-21T16:32:32.113"}}, {"model": "menu.product", "pk": 103, "fields": {"category": 5, "title": "DESI MALAI KOFTA", "slug": "desi-malai-kofta", "size": null, "cost_per": null, "price": "270.00", "label": null, "description": "<p>Mixed with roasted vegetable gravy</p>", "image": "", "veg": true, "first_class": false, "is_active": true, "trending": false, "date_added": "2021-06-21T16:32:56.401"}}, {"model": "menu.product", "pk": 104, "fields": {"category": 5, "title": "SMOKED PANEER MAKHAN WALA", "slug": "smoked-paneer-makhan-wala", "size": null, "cost_per": null, "price": "290.00", "label": null, "description": "<p>Roasted paneer served with smoky tomato gravy</p>", "image": "", "veg": true, "first_class": false, "is_active": true, "trending": false, "date_added": "2021-06-21T16:35:26.851"}}, {"model": "menu.product", "pk": 105, "fields": {"category": 5, "title": "RAJWADA STYLE VEG KADAI SABZI", "slug": "rajwada-style-veg-kadai-sabzi", "size": null, "cost_per": null, "price": "265.00", "label": null, "description": "<p>Mix vegetable cooked with rajgharana masala</p>", "image": "", "veg": true, "first_class": false, "is_active": true, "trending": false, "date_added": "2021-06-21T16:35:55.080"}}, {"model": "menu.product", "pk": 106, "fields": {"category": 5, "title": "SPINACH AND VEGETABLE MIX ROULADE", "slug": "spinach-and-vegetable-mix-roulade", "size": null, "cost_per": null, "price": "265.00", "label": null, "description": "<p>Deep-fried crispy veggie roulade with chef&#39;s creation&nbsp;</p>", "image": "", "veg": true, "first_class": false, "is_active": true, "trending": false, "date_added": "2021-06-21T16:38:09.415"}}, {"model": "menu.product", "pk": 107, "fields": {"category": 5, "title": "DUM PANEER KALIMIRCH KADAI", "slug": "dum-paneer-kalimirch-kadai", "size": null, "cost_per": null, "price": "290.00", "label": null, "description": "<p>Crispy tortilla topped with kadai paneer sour cream and raw tomato salsa</p>", "image": "", "veg": true, "first_class": false, "is_active": true, "trending": false, "date_added": "2021-06-21T16:38:49.085"}}, {"model": "menu.product", "pk": 108, "fields": {"category": 5, "title": "DON'T MESS WITH SABZI KOLHAPURI", "slug": "dont-mess-with-sabzi-kolhapuri", "size": null, "cost_per": null, "price": "265.00", "label": null, "description": "<p>Spices from western ghats to set your taste buds on fire</p>", "image": "", "veg": true, "first_class": false, "is_active": true, "trending": false, "date_added": "2021-06-21T16:39:17.048"}}, {"model": "menu.product", "pk": 109, "fields": {"category": 5, "title": "PTM- KARO", "slug": "ptm-karo", "size": null, "cost_per": null, "price": "290.00", "label": null, "description": "<p>Paneer tikka masala- every restaurant&#39;s favorite dish in our style</p>", "image": "", "veg": true, "first_class": false, "is_active": true, "trending": false, "date_added": "2021-06-21T16:39:44.553"}}, {"model": "menu.product", "pk": 110, "fields": {"category": 5, "title": "SPECIAL CHICKEN CURRY", "slug": "special-chicken-curry", "size": null, "cost_per": null, "price": "310.00", "label": null, "description": "<p>Chicken (with bones) cooked gently in a special gravy.</p>", "image": "", "veg": false, "first_class": false, "is_active": true, "trending": false, "date_added": "2021-06-21T16:42:26.686"}}, {"model": "menu.product", "pk": 111, "fields": {"category": 5, "title": "CHICKEN TIKKA MASALA", "slug": "chicken-tikka-masala", "size": null, "cost_per": null, "price": "310.00", "label": null, "description": "<p>Chicken tikka cooked in rich fenugreek flavoured tomato gravy.</p>", "image": "", "veg": false, "first_class": false, "is_active": true, "trending": false, "date_added": "2021-06-21T16:42:46.576"}}, {"model": "menu.product", "pk": 112, "fields": {"category": 5, "title": "KADAI CHICKEN", "slug": "kadai-chicken", "size": null, "cost_per": null, "price": "310.00", "label": null, "description": "<p>Chicken (with bone) cooked in flavoured gravy.</p>", "image": "", "veg": false, "first_class": false, "is_active": true, "trending": false, "date_added": "2021-06-21T16:43:31.647"}}, {"model": "menu.product", "pk": 113, "fields": {"category": 5, "title": "CHICKEN NAWABI", "slug": "chicken-nawabi", "size": null, "cost_per": null, "price": "325.00", "label": null, "description": "<p>Shredded chicken simmered in a rich fenugreek flavoured mild gravy.</p>", "image": "", "veg": false, "first_class": false, "is_active": true, "trending": false, "date_added": "2021-06-21T16:45:58.097"}}, {"model": "menu.product", "pk": 114, "fields": {"category": 5, "title": "CHICKEN KANDHARI", "slug": "chicken-kandhari", "size": null, "cost_per": null, "price": "310.00", "label": null, "description": "<p>Shredded chicken simmered in a rich aromatic gravy</p>", "image": "", "veg": false, "first_class": false, "is_active": true, "trending": false, "date_added": "2021-06-21T16:46:53.317"}}, {"model": "menu.product", "pk": 115, "fields": {"category": 5, "title": "CHICKEN HUNDI  HALF/FULL", "slug": "chicken-hundi-halffull", "size": null, "cost_per": "350/640", "price": "640.00", "label": null, "description": "<p>Chicken Cooked in a spicy tomato and onion gravy.</p>", "image": "", "veg": false, "first_class": false, "is_active": true, "trending": false, "date_added": "2021-06-21T16:48:20.112"}}, {"model": "menu.product", "pk": 116, "fields": {"category": 5, "title": "CHICKEN CHILLI MASALA", "slug": "chicken-chilli-masala", "size": null, "cost_per": null, "price": "310.00", "label": null, "description": "<p>Spiced chicken (with bone) curry with green chillies and fresh coriander</p>", "image": "", "veg": false, "first_class": false, "is_active": true, "trending": false, "date_added": "2021-06-21T16:49:17.832"}}, {"model": "menu.product", "pk": 117, "fields": {"category": 5, "title": "CHICKEN MASALA", "slug": "chicken-masala", "size": null, "cost_per": null, "price": "310.00", "label": null, "description": "<p>Chicken (with bone) cooked with onion, tomatoes and cashew gravy.</p>", "image": "", "veg": false, "first_class": false, "is_active": true, "trending": false, "date_added": "2021-06-21T16:52:29.756"}}, {"model": "menu.product", "pk": 118, "fields": {"category": 5, "title": "TANDOORI CHICKEN MASALA", "slug": "tandoori-chicken-masala", "size": null, "cost_per": null, "price": "360.00", "label": null, "description": "<p>Succulent chicken legs cooked in aromatic and flavored spices.</p>", "image": "", "veg": false, "first_class": false, "is_active": true, "trending": false, "date_added": "2021-06-21T16:53:17.401"}}, {"model": "menu.product", "pk": 119, "fields": {"category": 5, "title": "BUTTER CHICKEN BONELESS  HALF/FULL", "slug": "butter-chicken-boneless-halffull", "size": null, "cost_per": "360/650", "price": "650.00", "label": null, "description": "<p>Chicken marinated in yogurt and spices, cooked in tomato puree and cream.</p>", "image": "", "veg": false, "first_class": false, "is_active": true, "trending": false, "date_added": "2021-06-21T16:56:36.782"}}, {"model": "menu.product", "pk": 120, "fields": {"category": 5, "title": "MUTTON ROGAN JOSH", "slug": "mutton-rogan-josh", "size": null, "cost_per": null, "price": "410.00", "label": null, "description": "<p>Tender mutton pieces simmered in a&nbsp; tomato-onion gravy.</p>", "image": "", "veg": false, "first_class": false, "is_active": true, "trending": false, "date_added": "2021-06-21T16:57:24.401"}}, {"model": "menu.product", "pk": 121, "fields": {"category": 5, "title": "KADAI GOSHT", "slug": "kadai-gosht", "size": null, "cost_per": null, "price": "410.00", "label": null, "description": "<p>Mutton cooked till soft and finished in a wok with bell peppers and red chillies.</p>", "image": "", "veg": false, "first_class": false, "is_active": true, "trending": false, "date_added": "2021-06-21T16:58:11.432"}}, {"model": "menu.product", "pk": 122, "fields": {"category": 5, "title": "MUTTON TIKKA MASALA", "slug": "mutton-tikka-masala", "size": null, "cost_per": null, "price": "410.00", "label": null, "description": "<p>Boneless pieces of lamb grilled in the tandoor and cooked in a spicy gravy.</p>", "image": "", "veg": false, "first_class": false, "is_active": true, "trending": false, "date_added": "2021-06-21T16:58:44.255"}}, {"model": "menu.product", "pk": 123, "fields": {"category": 5, "title": "MUTTON MASALA", "slug": "mutton-masala", "size": null, "cost_per": null, "price": "410.00", "label": null, "description": "<p>Lamb (with bones) cooked in rich aromatic gravy.</p>", "image": "", "veg": false, "first_class": false, "is_active": true, "trending": false, "date_added": "2021-06-21T16:59:26.162"}}, {"model": "menu.product", "pk": 124, "fields": {"category": 5, "title": "KHEEMA MASALA", "slug": "kheema-masala", "size": null, "cost_per": null, "price": "390.00", "label": null, "description": "<p>Delicately spiced tangy minced lamb cooked to perfection.</p>", "image": "", "veg": false, "first_class": false, "is_active": true, "trending": false, "date_added": "2021-06-21T16:59:56.997"}}, {"model": "menu.product", "pk": 125, "fields": {"category": 5, "title": "FISH MASALA", "slug": "fish-masala", "size": null, "cost_per": null, "price": "410.00", "label": null, "description": "<p>Marinated fish cooked with fried onions, green chillies and tomatoes.</p>", "image": "", "veg": false, "first_class": false, "is_active": true, "trending": false, "date_added": "2021-06-21T17:02:20.262"}}, {"model": "menu.product", "pk": 126, "fields": {"category": 5, "title": "PRAWNS MASALA", "slug": "prawns-masala", "size": null, "cost_per": null, "price": "450.00", "label": null, "description": "<p>Marinated prawns cooked with onions and tomatoes in a tangy sauce</p>", "image": "", "veg": false, "first_class": false, "is_active": true, "trending": false, "date_added": "2021-06-21T17:02:47.854"}}, {"model": "menu.product", "pk": 127, "fields": {"category": 5, "title": "EGG MASALA", "slug": "egg-masala", "size": null, "cost_per": null, "price": "270.00", "label": null, "description": "<p>Curried boiled eggs simmered in spiced aromatic gravy.</p>", "image": "", "veg": false, "first_class": false, "is_active": true, "trending": false, "date_added": "2021-06-21T17:03:36.944"}}, {"model": "menu.product", "pk": 128, "fields": {"category": 6, "title": "WILD MUSHROOM KULCHA", "slug": "wild-mushroom-kulcha", "size": null, "cost_per": null, "price": "80.00", "label": null, "description": "<p>Mushroom kulcha with cilantro on top</p>", "image": "", "veg": true, "first_class": false, "is_active": true, "trending": false, "date_added": "2021-06-21T17:14:52.673"}}, {"model": "menu.product", "pk": 129, "fields": {"category": 6, "title": "DESI CHEESE GARLIC PARATHA", "slug": "desi-cheese-garlic-paratha", "size": null, "cost_per": null, "price": "80.00", "label": null, "description": "<p>Roasted garlic cheese rosemary naan</p>", "image": "", "veg": true, "first_class": false, "is_active": true, "trending": false, "date_added": "2021-06-21T17:15:19.576"}}, {"model": "menu.product", "pk": 130, "fields": {"category": 6, "title": "AMRITSARI PUNJABI KULCHA", "slug": "amritsari-punjabi-kulcha", "size": null, "cost_per": null, "price": "80.00", "label": null, "description": "<p>This is how the famous kulcha was born in TMS kitchen</p>", "image": "", "veg": true, "first_class": false, "is_active": true, "trending": false, "date_added": "2021-06-21T17:15:47.108"}}, {"model": "menu.product", "pk": 131, "fields": {"category": 6, "title": "STUFFED VEGETABLE PARATHA", "slug": "stuffed-vegetable-paratha", "size": null, "cost_per": null, "price": "80.00", "label": null, "description": "<p>Whole wheat bread different than the rest</p>", "image": "", "veg": true, "first_class": false, "is_active": true, "trending": false, "date_added": "2021-06-21T17:16:14.869"}}, {"model": "menu.product", "pk": 132, "fields": {"category": 6, "title": "PESTO PARATHA", "slug": "pesto-paratha", "size": null, "cost_per": null, "price": "80.00", "label": null, "description": "<p>Desi ya videshi?</p>", "image": "", "veg": true, "first_class": false, "is_active": true, "trending": false, "date_added": "2021-06-21T17:16:41.875"}}, {"model": "menu.product", "pk": 133, "fields": {"category": 6, "title": "ATTE KI ROTI", "slug": "atte-ki-roti", "size": null, "cost_per": null, "price": "25.00", "label": null, "description": "<p>Wheat bread</p>", "image": "", "veg": true, "first_class": false, "is_active": true, "trending": false, "date_added": "2021-06-21T17:17:12.509"}}, {"model": "menu.product", "pk": 134, "fields": {"category": 6, "title": "ATTE KI BUTTER ROTI", "slug": "atte-ki-butter-roti", "size": null, "cost_per": null, "price": "30.00", "label": null, "description": "<p>Wheat bread</p>", "image": "", "veg": true, "first_class": false, "is_active": true, "trending": false, "date_added": "2021-06-21T17:27:19.528"}}, {"model": "menu.product", "pk": 135, "fields": {"category": 5, "title": "ENGLAND KA NAAN", "slug": "england-ka-naan", "size": null, "cost_per": null, "price": "60.00", "label": null, "description": "<p>World famous from indian cuisine</p>", "image": "", "veg": true, "first_class": false, "is_active": true, "trending": false, "date_added": "2021-06-21T17:28:20.199"}}, {"model": "menu.product", "pk": 136, "fields": {"category": 6, "title": "DILLI KA ALOO PARATHA", "slug": "dilli-ka-aloo-paratha", "size": null, "cost_per": null, "price": "80.00", "label": null, "description": "<p>Eat this in between chit chat</p>", "image": "", "veg": true, "first_class": false, "is_active": true, "trending": false, "date_added": "2021-06-21T17:29:14.973"}}, {"model": "menu.product", "pk": 137, "fields": {"category": 6, "title": "LASUNI THECHA KA NAAN", "slug": "lasuni-thecha-ka-naan", "size": null, "cost_per": null, "price": "80.00", "label": null, "description": "<p>Thecha from the western ghat</p>", "image": "", "veg": true, "first_class": false, "is_active": true, "trending": false, "date_added": "2021-06-21T17:29:39.614"}}, {"model": "menu.product", "pk": 138, "fields": {"category": 6, "title": "BUTTER NAAN", "slug": "butter-naan", "size": null, "cost_per": null, "price": "70.00", "label": null, "description": "<p>Unleavened white bread</p>", "image": "", "veg": true, "first_class": false, "is_active": true, "trending": false, "date_added": "2021-06-21T17:30:05.984"}}, {"model": "menu.product", "pk": 139, "fields": {"category": 6, "title": "LACHCHA PARATHA", "slug": "lachcha-paratha", "size": null, "cost_per": null, "price": "55.00", "label": null, "description": "<p>multi layered paratha</p>", "image": "", "veg": true, "first_class": false, "is_active": true, "trending": false, "date_added": "2021-06-21T17:30:37.121"}}, {"model": "menu.product", "pk": 140, "fields": {"category": 6, "title": "LACHCHA GARLIC NAAN", "slug": "lachcha-garlic-naan", "size": null, "cost_per": null, "price": "90.00", "label": null, "description": "<p>special multi layered stuffed with garlic</p>", "image": "", "veg": true, "first_class": false, "is_active": true, "trending": false, "date_added": "2021-06-21T17:31:02.145"}}, {"model": "menu.product", "pk": 141, "fields": {"category": 15, "title": "LAGAN KI DAL MAKHANI", "slug": "lagan-ki-dal-makhani", "size": null, "cost_per": null, "price": "250.00", "label": null, "description": "<p>Nothing to say the name itself is enough</p>", "image": "", "veg": true, "first_class": false, "is_active": true, "trending": false, "date_added": "2021-06-22T15:26:57.069"}}, {"model": "menu.product", "pk": 142, "fields": {"category": 15, "title": "DAL FRY", "slug": "dal-fry", "size": null, "cost_per": null, "price": "180.00", "label": null, "description": "<p>Yellow pulses tempered with whole spices in a mild concept</p>", "image": "", "veg": true, "first_class": false, "is_active": true, "trending": false, "date_added": "2021-06-22T15:27:23.295"}}, {"model": "menu.product", "pk": 143, "fields": {"category": 15, "title": "DAL DOUBLE TADKA", "slug": "dal-double-tadka", "size": null, "cost_per": null, "price": "190.00", "label": null, "description": "<p>Yellow pulses cooked with whole spices and finished with a hint of butter</p>", "image": "", "veg": true, "first_class": false, "is_active": true, "trending": false, "date_added": "2021-06-22T15:27:50.145"}}, {"model": "menu.product", "pk": 144, "fields": {"category": 7, "title": "BAGICHE WALI BIRYANI", "slug": "bagiche-wali-biryani", "size": null, "cost_per": null, "price": "210.00", "label": null, "description": "<p>A perfect veg biryani in dhaba style</p>", "image": "", "veg": true, "first_class": false, "is_active": true, "trending": false, "date_added": "2021-06-22T15:28:24.639"}}, {"model": "menu.product", "pk": 145, "fields": {"category": 7, "title": "DUM BIRYANI", "slug": "dum-biryani", "size": null, "cost_per": null, "price": "210.00", "label": null, "description": "<p>TMS special talk in town biryani</p>", "image": "", "veg": true, "first_class": false, "is_active": true, "trending": false, "date_added": "2021-06-22T15:28:48.784"}}, {"model": "menu.product", "pk": 146, "fields": {"category": 7, "title": "ZAFFRANI PULAO", "slug": "zaffrani-pulao", "size": null, "cost_per": null, "price": "200.00", "label": null, "description": "<p>Khana banana duniya ki sabse badi kala hai&hellip; special biryani from cheeni kum</p>", "image": "", "veg": true, "first_class": false, "is_active": true, "trending": false, "date_added": "2021-06-22T15:30:31.670"}}, {"model": "menu.product", "pk": 147, "fields": {"category": 7, "title": "SAFED CHAWAL", "slug": "safed-chawal", "size": null, "cost_per": null, "price": "120.00", "label": null, "description": "<p>Piping hot basmati rice</p>", "image": "", "veg": true, "first_class": false, "is_active": true, "trending": false, "date_added": "2021-06-22T15:30:53.850"}}, {"model": "menu.product", "pk": 148, "fields": {"category": 7, "title": "JEERA RICE", "slug": "jeera-rice", "size": null, "cost_per": null, "price": "140.00", "label": null, "description": "<p>Cumin flavored chawal</p>", "image": "", "veg": true, "first_class": false, "is_active": true, "trending": false, "date_added": "2021-06-22T15:31:19.553"}}, {"model": "menu.product", "pk": 149, "fields": {"category": 7, "title": "CHICKEN BIRYANI", "slug": "chicken-biryani", "size": null, "cost_per": null, "price": "320.00", "label": null, "description": "<p>Chicken and basmati rice cooked in layers, flavoured with saffron, served with raita and mirchi-ka-salan</p>", "image": "", "veg": false, "first_class": false, "is_active": true, "trending": false, "date_added": "2021-06-22T15:32:04.594"}}, {"model": "menu.product", "pk": 150, "fields": {"category": 7, "title": "MUTTON BIRYANI", "slug": "mutton-biryani", "size": null, "cost_per": null, "price": "390.00", "label": null, "description": "<p>An aromatic mixture of rice, lamb, saffron, herbs and spices, served with raita and mirchi-ka-salan</p>", "image": "", "veg": false, "first_class": false, "is_active": true, "trending": false, "date_added": "2021-06-22T15:32:48.101"}}, {"model": "menu.product", "pk": 151, "fields": {"category": 7, "title": "EGG BIRYANI", "slug": "egg-biryani", "size": null, "cost_per": null, "price": "290.00", "label": null, "description": "<p>A seasoned mixture of egg and basmati rice, served with raita and mirchi-ka-salan</p>", "image": "", "veg": false, "first_class": false, "is_active": true, "trending": false, "date_added": "2021-06-22T15:33:17.827"}}, {"model": "menu.product", "pk": 152, "fields": {"category": 7, "title": "CHICKEN TIKKA BIRYANI", "slug": "chicken-tikka-biryani", "size": null, "cost_per": null, "price": "355.00", "label": null, "description": "<p>A well-maxing of boneless barbequed chicken pieces with aromatic basmati rice in traditional style.</p>", "image": "", "veg": false, "first_class": false, "is_active": true, "trending": false, "date_added": "2021-06-22T15:33:48.748"}}, {"model": "menu.product", "pk": 153, "fields": {"category": 8, "title": "FRENCH FRIES", "slug": "french-fries", "size": null, "cost_per": null, "price": "55.00", "label": null, "description": "<p>french fried potatoes are batons of deep fried potato</p>", "image": "", "veg": true, "first_class": false, "is_active": true, "trending": false, "date_added": "2021-06-22T19:48:27.882"}}, {"model": "menu.product", "pk": 154, "fields": {"category": 8, "title": "PERI PERI FRENCH FRIES", "slug": "peri-peri-french-fries", "size": null, "cost_per": null, "price": "75.00", "label": null, "description": "<p>french fried potatoes are batons of deep fried potato with peri peri</p>", "image": "", "veg": true, "first_class": false, "is_active": true, "trending": false, "date_added": "2021-06-22T19:49:02.479"}}, {"model": "menu.product", "pk": 155, "fields": {"category": 8, "title": "VEGGIE BURGER", "slug": "veggie-burger", "size": null, "cost_per": null, "price": "55.00", "label": null, "description": "<p>veggie minced in a circular shape to fit the burger bun with seasoniNg &amp; tangy sauce</p>", "image": "", "veg": true, "first_class": false, "is_active": true, "trending": false, "date_added": "2021-06-22T19:50:11.267"}}, {"model": "menu.product", "pk": 156, "fields": {"category": 8, "title": "CHEESE BURGER", "slug": "cheese-burger", "size": null, "cost_per": null, "price": "65.00", "label": null, "description": "<p>minced veggie in a circular shape to fit the burger bun with cheese &amp; tangy sauce</p>", "image": "", "veg": true, "first_class": false, "is_active": true, "trending": false, "date_added": "2021-06-22T19:50:35.284"}}, {"model": "menu.product", "pk": 157, "fields": {"category": 8, "title": "GARLIC BREAD", "slug": "garlic-bread", "size": null, "cost_per": null, "price": "90.00", "label": null, "description": "<p>consists of bread topped with garlic and butter and includes additional herbs</p>", "image": "", "veg": true, "first_class": false, "is_active": true, "trending": false, "date_added": "2021-06-22T19:50:57.471"}}, {"model": "menu.product", "pk": 158, "fields": {"category": 8, "title": "CHEESE GARLIC BREAD", "slug": "cheese-garlic-bread", "size": null, "cost_per": null, "price": "110.00", "label": null, "description": "<p>consists of bread topped with garlic and butter and includes additional herbs topped with cheese</p>", "image": "", "veg": true, "first_class": false, "is_active": true, "trending": false, "date_added": "2021-06-22T19:51:20.600"}}, {"model": "menu.product", "pk": 159, "fields": {"category": 8, "title": "SUPREM GARLIC BREAD", "slug": "suprem-garlic-bread", "size": null, "cost_per": null, "price": "140.00", "label": null, "description": "<p>garlic bread made with ciabatta smothered in butter and crushed garlic then topped with cheese</p>", "image": "", "veg": true, "first_class": false, "is_active": true, "trending": false, "date_added": "2021-06-22T19:52:04.147"}}, {"model": "menu.product", "pk": 160, "fields": {"category": 8, "title": "VEG GRILLED SANDWICH", "slug": "veg-grilled-sandwich", "size": null, "cost_per": null, "price": "110.00", "label": null, "description": "<p>a combination of vegetables sauce covered with oven-fresh bread slices</p>", "image": "", "veg": true, "first_class": false, "is_active": true, "trending": false, "date_added": "2021-06-22T19:53:14.980"}}, {"model": "menu.product", "pk": 161, "fields": {"category": 8, "title": "VEG CHEESE GRILLED SANDWICH", "slug": "veg-cheese-grilled-sandwich", "size": null, "cost_per": null, "price": "130.00", "label": null, "description": "<p>a combination of vegetables sauce covered with oven fresh bread slices and topped with cheese&nbsp;</p>", "image": "", "veg": true, "first_class": false, "is_active": true, "trending": false, "date_added": "2021-06-22T19:53:51.536"}}, {"model": "menu.product", "pk": 162, "fields": {"category": 8, "title": "PANEER TIKKA SANDWICH", "slug": "paneer-tikka-sandwich", "size": null, "cost_per": null, "price": "160.00", "label": null, "description": "<p>paneer tikka sandwich is a popular afternoon snack its simple and quick to make and you can add other toppings</p>", "image": "", "veg": true, "first_class": false, "is_active": true, "trending": false, "date_added": "2021-06-22T19:54:17.765"}}, {"model": "menu.product", "pk": 163, "fields": {"category": 9, "title": "ITALIANO X-TRA CHEESE PASTA", "slug": "italiano-x-tra-cheese-pasta", "size": null, "cost_per": null, "price": "240.00", "label": null, "description": "<p>A great italian meal is incomplete without cheese</p>", "image": "", "veg": true, "first_class": false, "is_active": true, "trending": false, "date_added": "2021-06-22T19:55:24.108"}}, {"model": "menu.product", "pk": 164, "fields": {"category": 9, "title": "MAMMA MIA! PASTA AL- FUNGI", "slug": "mamma-mia-pasta-al-fungi", "size": null, "cost_per": null, "price": "250.00", "label": null, "description": "<p>A mild expression of surprise</p>", "image": "", "veg": true, "first_class": false, "is_active": true, "trending": false, "date_added": "2021-06-22T19:55:49.125"}}, {"model": "menu.product", "pk": 165, "fields": {"category": 9, "title": "BRITISH CAFÉ SPAGHETTI ALPOMODORO", "slug": "british-cafe-spaghetti-alpomodoro", "size": null, "cost_per": null, "price": "250.00", "label": null, "description": "<p>Better have it the british way</p>", "image": "", "veg": true, "first_class": false, "is_active": true, "trending": false, "date_added": "2021-06-22T19:56:15.332"}}, {"model": "menu.product", "pk": 166, "fields": {"category": 9, "title": "OUR HOUSE HIP-HOP PENNE ARRABIATA", "slug": "our-house-hip-hop-penne-arrabiata", "size": null, "cost_per": null, "price": "230.00", "label": null, "description": "<p>Angry pasta served with twist</p>", "image": "", "veg": true, "first_class": false, "is_active": true, "trending": false, "date_added": "2021-06-22T19:56:39.031"}}, {"model": "menu.product", "pk": 167, "fields": {"category": 9, "title": "MAC N CHEESE", "slug": "mac-n-cheese", "size": null, "cost_per": null, "price": "250.00", "label": null, "description": "<p>Every one loves it&hellip;&hellip;..</p>", "image": "", "veg": true, "first_class": false, "is_active": true, "trending": false, "date_added": "2021-06-22T19:57:08.215"}}, {"model": "menu.product", "pk": 168, "fields": {"category": 9, "title": "SPAGHETTI BOLOGNESE", "slug": "spaghetti-bolognese", "size": null, "cost_per": null, "price": "310.00", "label": null, "description": "<p>It is a meat-based sauce folded with Spaghetti pasta</p>", "image": "", "veg": false, "first_class": false, "is_active": true, "trending": false, "date_added": "2021-06-22T19:59:04.556"}}, {"model": "menu.product", "pk": 169, "fields": {"category": 9, "title": "CHICKEN CARBONARA", "slug": "chicken-carbonara", "size": null, "cost_per": null, "price": "310.00", "label": null, "description": "<p>Crispy, golden&nbsp;chicken&nbsp;fillets in eggs and butter to create a rich sauce.</p>", "image": "", "veg": false, "first_class": false, "is_active": true, "trending": false, "date_added": "2021-06-22T19:59:30.813"}}, {"model": "menu.product", "pk": 170, "fields": {"category": 9, "title": "CHICKEN LASAGNE", "slug": "chicken-lasagne", "size": null, "cost_per": null, "price": "375.00", "label": null, "description": "<p>Chicken&nbsp;keema and spinach&nbsp;lasagna&nbsp;with a creamy white cheese sauce.</p>", "image": "", "veg": false, "first_class": false, "is_active": true, "trending": false, "date_added": "2021-06-22T20:01:19.747"}}, {"model": "menu.product", "pk": 171, "fields": {"category": 9, "title": "PESTO CHICKEN PASTA", "slug": "pesto-chicken-pasta", "size": null, "cost_per": null, "price": "375.00", "label": null, "description": "<p>chicken cooked in light basil sauce served with pasta</p>", "image": "", "veg": false, "first_class": false, "is_active": true, "trending": false, "date_added": "2021-06-22T20:02:13.330"}}, {"model": "menu.product", "pk": 172, "fields": {"category": 9, "title": "CHICKEN ALA'KING", "slug": "chicken-alaking", "size": null, "cost_per": null, "price": "310.00", "label": null, "description": "<p>Sauteed chicken chunks poached in creamy cheese sauce with touch of nut mage with fusilli pasta cooked in tangy bbq &amp; tomato sauce</p>", "image": "", "veg": false, "first_class": false, "is_active": true, "trending": false, "date_added": "2021-06-23T09:27:25.895"}}, {"model": "menu.product", "pk": 173, "fields": {"category": 9, "title": "FISH CUTLET", "slug": "fish-cutlet", "size": null, "cost_per": null, "price": "310.00", "label": null, "description": "<p>fish fillet mixed with herb coated with bread crumb and deep fry</p>", "image": "", "veg": false, "first_class": false, "is_active": true, "trending": false, "date_added": "2021-06-23T09:28:05.947"}}, {"model": "menu.product", "pk": 174, "fields": {"category": 9, "title": "FISH FINGER", "slug": "fish-finger", "size": null, "cost_per": null, "price": "310.00", "label": null, "description": "<p>strips of fish fillet crumb cotted and deep fry</p>", "image": "", "veg": false, "first_class": false, "is_active": true, "trending": false, "date_added": "2021-06-23T09:28:41.550"}}, {"model": "menu.product", "pk": 175, "fields": {"category": 9, "title": "GRILLED FISH (2 FILLET)", "slug": "grilled-fish-2-fillet", "size": null, "cost_per": null, "price": "475.00", "label": null, "description": "<p>fish fillet mixed with spicy herb and char grilled</p>", "image": "", "veg": false, "first_class": false, "is_active": true, "trending": false, "date_added": "2021-06-23T10:47:04.078"}}, {"model": "menu.product", "pk": 176, "fields": {"category": 9, "title": "CHICKEN CUTLET", "slug": "chicken-cutlet", "size": null, "cost_per": null, "price": "310.00", "label": null, "description": "<p>chicken fillet coated with herbs and covered with bread crumb and deep fry</p>", "image": "", "veg": false, "first_class": false, "is_active": true, "trending": false, "date_added": "2021-06-23T10:47:47.539"}}, {"model": "menu.product", "pk": 177, "fields": {"category": 9, "title": "EAST MEETS WEST", "slug": "east-meets-west", "size": null, "cost_per": null, "price": "265.00", "label": null, "description": "<p>Tandoori grilled cottage cheese bell pepper red onion chilli and mozzarella</p>", "image": "", "veg": true, "first_class": false, "is_active": true, "trending": false, "date_added": "2021-06-23T10:48:16.108"}}, {"model": "menu.product", "pk": 178, "fields": {"category": 9, "title": "HALF TICKET TO ITALY", "slug": "half-ticket-to-italy", "size": null, "cost_per": null, "price": "290.00", "label": null, "description": "<p>Enjoy the great deal of half n half. Mann me laddu futa</p>", "image": "", "veg": true, "first_class": false, "is_active": true, "trending": false, "date_added": "2021-06-23T10:48:39.203"}}, {"model": "menu.product", "pk": 179, "fields": {"category": 9, "title": "BRAZILIANO", "slug": "braziliano", "size": null, "cost_per": null, "price": "265.00", "label": null, "description": "<p>Get the feel of brazil with heirloom tomatoes,potato stick, fresh herbs, corn, onion, and green pepper salsa&nbsp;</p>", "image": "", "veg": true, "first_class": false, "is_active": true, "trending": false, "date_added": "2021-06-23T10:49:05.472"}}, {"model": "menu.product", "pk": 180, "fields": {"category": 9, "title": "COUNTRY SIDE CELEBRATION", "slug": "country-side-celebration", "size": null, "cost_per": null, "price": "265.00", "label": null, "description": "<p>Special pizza with spicy baby corn , cottege cheese, jalapenos, crispy spinach and cheese&nbsp;</p>", "image": "", "veg": false, "first_class": false, "is_active": true, "trending": false, "date_added": "2021-06-23T11:37:34.209"}}, {"model": "menu.product", "pk": 181, "fields": {"category": 9, "title": "CHILLI GARLIC PIZZA TOPPED WITH CILANTRO", "slug": "chilli-garlic-pizza-topped-with-cilantro", "size": null, "cost_per": null, "price": "235.00", "label": null, "description": "<p>Open up your taste buds&hellip; what are you waiting for?</p>", "image": "", "veg": false, "first_class": false, "is_active": true, "trending": false, "date_added": "2021-06-23T11:45:28.004"}}, {"model": "menu.product", "pk": 182, "fields": {"category": 9, "title": "CLASSIC MARGHERITA", "slug": "classic-margherita", "size": null, "cost_per": null, "price": "235.00", "label": null, "description": "<p>The evergreen pizza</p>", "image": "", "veg": true, "first_class": false, "is_active": true, "trending": false, "date_added": "2021-06-23T11:46:02.539"}}, {"model": "menu.product", "pk": 183, "fields": {"category": 9, "title": "CHEESE MASALA MACARONI PIZZA", "slug": "cheese-masala-macaroni-pizza", "size": null, "cost_per": null, "price": "325.00", "label": null, "description": "<p>An indian twist to italian pasta and pizza</p>", "image": "", "veg": true, "first_class": false, "is_active": true, "trending": false, "date_added": "2021-06-23T11:47:42.247"}}, {"model": "menu.product", "pk": 184, "fields": {"category": 9, "title": "CHICKEN TIKKA PIZZA", "slug": "chicken-tikka-pizza", "size": null, "cost_per": null, "price": "345.00", "label": null, "description": "<p>Chicken cubes are marinated with spices smoke of coal topping on top of pizza layer and baked</p>", "image": "", "veg": false, "first_class": false, "is_active": true, "trending": false, "date_added": "2021-06-23T13:07:07.940"}}, {"model": "menu.product", "pk": 185, "fields": {"category": 9, "title": "MEAT BALL PIZZA", "slug": "meat-ball-pizza", "size": null, "cost_per": null, "price": "350.00", "label": null, "description": "<p>crisp crust pizza topping with meatball ,Parmesan and mozzarella cheeses,on bed of sauce</p>", "image": "", "veg": false, "first_class": false, "is_active": true, "trending": false, "date_added": "2021-06-23T13:07:48.180"}}, {"model": "menu.product", "pk": 186, "fields": {"category": 9, "title": "LOADED CHICKEN PIZZA", "slug": "loaded-chicken-pizza", "size": null, "cost_per": null, "price": "400.00", "label": null, "description": "<p>Loaded&nbsp;with various chicken prepration</p>", "image": "", "veg": false, "first_class": false, "is_active": true, "trending": false, "date_added": "2021-06-23T13:08:22.460"}}, {"model": "menu.product", "pk": 187, "fields": {"category": 10, "title": "TEX-MEX SPECIAL TRIPLE RICE SIZZLER", "slug": "tex-mex-special-triple-rice-sizzler", "size": null, "cost_per": null, "price": "360.00", "label": null, "description": "<p>Pan asian fried rice, manchurian, sichuan noodle&nbsp;&nbsp;</p>", "image": "", "veg": true, "first_class": false, "is_active": true, "trending": false, "date_added": "2021-06-23T13:14:19.684"}}, {"model": "menu.product", "pk": 188, "fields": {"category": 10, "title": "PATIALA HOUSE", "slug": "patiala-house", "size": null, "cost_per": null, "price": "450.00", "label": null, "description": "<p>Paneer peri peri tikka, grilled pineapple and desi biryani</p>", "image": "", "veg": true, "first_class": false, "is_active": true, "trending": false, "date_added": "2021-06-23T13:21:31.218"}}, {"model": "menu.product", "pk": 189, "fields": {"category": 10, "title": "MASTER SPOON SPECIAL", "slug": "master-spoon-special", "size": null, "cost_per": null, "price": "450.00", "label": null, "description": "<p>Papadi roll, grilled paneer spicy fresh tomato sauce with maggi twist</p>", "image": "", "veg": true, "first_class": false, "is_active": true, "trending": false, "date_added": "2021-06-23T13:22:48.167"}}, {"model": "menu.product", "pk": 190, "fields": {"category": 10, "title": "GARDEN FRESH SIZZLER", "slug": "garden-fresh-sizzler", "size": null, "cost_per": null, "price": "450.00", "label": null, "description": "<p>garden fresh vegetable with rich taste served with garlic bread</p>", "image": "", "veg": true, "first_class": false, "is_active": true, "trending": false, "date_added": "2021-06-23T13:25:35.792"}}, {"model": "menu.product", "pk": 191, "fields": {"category": 10, "title": "PEPPER MUSHROOM SIZZLER", "slug": "pepper-mushroom-sizzler", "size": null, "cost_per": null, "price": "450.00", "label": null, "description": "<p>saute mushroom with pepper sauce served with garlic bread</p>", "image": "", "veg": true, "first_class": false, "is_active": true, "trending": false, "date_added": "2021-06-23T13:26:27.626"}}, {"model": "menu.product", "pk": 192, "fields": {"category": 10, "title": "MEXICAN SIZZLER", "slug": "mexican-sizzler", "size": null, "cost_per": null, "price": "390.00", "label": null, "description": "<p>chef&#39;s creativity of your taste buds</p>", "image": "", "veg": true, "first_class": false, "is_active": true, "trending": false, "date_added": "2021-06-23T13:32:00.158"}}, {"model": "menu.product", "pk": 193, "fields": {"category": 10, "title": "CHICKEN SHIKARI TIKKA SIZZLER", "slug": "chicken-shikari-tikka-sizzler", "size": null, "cost_per": null, "price": "510.00", "label": null, "description": "<p>A hot spicy tikka from tandoor in sizzler served on mexican fried rice with hot tandoori sauce</p>", "image": "", "veg": false, "first_class": false, "is_active": true, "trending": false, "date_added": "2021-06-23T13:32:27.344"}}, {"model": "menu.product", "pk": 194, "fields": {"category": 10, "title": "ASSORTED  KEBAB SIZZLER", "slug": "assorted-kebab-sizzler", "size": null, "cost_per": null, "price": "650.00", "label": null, "description": "<p>A succulent spicy kebab served with cheese garlic naan,hot pepper tandoori sauce.</p>", "image": "", "veg": false, "first_class": false, "is_active": true, "trending": false, "date_added": "2021-06-23T13:32:55.595"}}, {"model": "menu.product", "pk": 195, "fields": {"category": 10, "title": "CHILLI CHICKEN SIZZLER", "slug": "chilli-chicken-sizzler", "size": null, "cost_per": null, "price": "510.00", "label": null, "description": "<p>A chinese chicken preparation with indian touch , served on the base of hakka noodles with hot garlic grilled sauce&nbsp;</p>", "image": "", "veg": false, "first_class": false, "is_active": true, "trending": false, "date_added": "2021-06-23T13:33:59.986"}}, {"model": "menu.product", "pk": 196, "fields": {"category": 10, "title": "SAMUNDARI SIZZLER", "slug": "samundari-sizzler", "size": null, "cost_per": null, "price": "650.00", "label": null, "description": "<p>Assorted sea food with chef&#39;s special sauce served with herb rice with hot garlic grilled sauce</p>", "image": "", "veg": false, "first_class": false, "is_active": true, "trending": false, "date_added": "2021-06-23T13:34:18.331"}}, {"model": "menu.product", "pk": 197, "fields": {"category": 11, "title": "NACHOS", "slug": "nachos", "size": null, "cost_per": null, "price": "200.00", "label": null, "description": "<p>nachos with mix bell pepper &amp; mango salsa &amp; tangy tomato sauce</p>", "image": "", "veg": true, "first_class": false, "is_active": true, "trending": false, "date_added": "2021-06-23T13:35:48.227"}}, {"model": "menu.product", "pk": 198, "fields": {"category": 11, "title": "TACOS - VEG", "slug": "tacos-veg", "size": null, "cost_per": null, "price": "230.00", "label": null, "description": "<p>blend of assorted cabbage, peper kidney bean, sour cream &amp; tangy salsa</p>", "image": "", "veg": true, "first_class": false, "is_active": true, "trending": false, "date_added": "2021-06-23T13:38:02.940"}}, {"model": "menu.product", "pk": 199, "fields": {"category": 11, "title": "TACOS - NON - VEG", "slug": "tacos-non-veg", "size": null, "cost_per": null, "price": "280.00", "label": null, "description": "<p>stuffed bologonese cabbage, kidney bens, top with sour cream &amp; salsa</p>", "image": "", "veg": false, "first_class": false, "is_active": true, "trending": false, "date_added": "2021-06-23T13:42:38.141"}}, {"model": "menu.product", "pk": 200, "fields": {"category": 11, "title": "BURRITOS", "slug": "burritos", "size": null, "cost_per": null, "price": "270.00", "label": null, "description": "<p>delighted with bed roll &amp; racks</p>", "image": "", "veg": true, "first_class": false, "is_active": true, "trending": false, "date_added": "2021-06-23T13:44:05.902"}}, {"model": "menu.product", "pk": 201, "fields": {"category": 11, "title": "FALAFAL", "slug": "falafal", "size": null, "cost_per": null, "price": "210.00", "label": null, "description": "<p>soaked cheak peas mixed with thani pest, round up &amp; seasoned</p>", "image": "", "veg": true, "first_class": false, "is_active": true, "trending": false, "date_added": "2021-06-23T13:44:28.293"}}, {"model": "menu.product", "pk": 202, "fields": {"category": 11, "title": "FALLAFAL WRAP", "slug": "fallafal-wrap", "size": null, "cost_per": null, "price": "245.00", "label": null, "description": "<p>tortila wrap filled with warm fallafal sour cream, chilli salsa mexican fried rice</p>", "image": "", "veg": true, "first_class": false, "is_active": true, "trending": false, "date_added": "2021-06-23T13:44:56.679"}}, {"model": "menu.product", "pk": 203, "fields": {"category": 2, "title": "GOLDEN PLATTER", "slug": "golden-platter", "size": null, "cost_per": null, "price": "1250.00", "label": null, "description": "<p>chef&#39;s speciality kabab platter</p>", "image": "", "veg": false, "first_class": false, "is_active": true, "trending": false, "date_added": "2021-06-23T15:04:29.594"}}, {"model": "menu.product", "pk": 204, "fields": {"category": 3, "title": "MASALA KHAKHRA, CHAKLI AUR PEANUT COMBO", "slug": "masala-khakhra-chakli-aur-peanut-combo", "size": null, "cost_per": null, "price": "90.00", "label": null, "description": "<p>Mann me laddu futa- chakna tray with sichuan sauce</p>", "image": "", "veg": true, "first_class": false, "is_active": true, "trending": false, "date_added": "2021-06-23T15:51:34.859"}}, {"model": "menu.product", "pk": 205, "fields": {"category": 3, "title": "CORN SPINACH & CHEESE SPRING ROLL", "slug": "corn-spinach-cheese-spring-roll", "size": null, "cost_per": null, "price": "250.00", "label": null, "description": "<p>Crisp deep fried rolls with a stuffing of stir-fried vegetables corn and spinach and cheese</p>", "image": "", "veg": true, "first_class": false, "is_active": true, "trending": false, "date_added": "2021-06-23T15:54:47.970"}}, {"model": "menu.product", "pk": 206, "fields": {"category": 8, "title": "CHICKEN BURGER", "slug": "chicken-burger", "size": null, "cost_per": null, "price": "160.00", "label": null, "description": "<p>chicken minced in a circular shape to fit the burger bun with seasoniNg &amp; tangy sauce</p>", "image": "", "veg": false, "first_class": false, "is_active": true, "trending": false, "date_added": "2021-06-23T16:44:48.839"}}, {"model": "menu.product", "pk": 207, "fields": {"category": 8, "title": "CHICKEN CHEESE BURGER", "slug": "chicken-cheese-burger", "size": null, "cost_per": null, "price": "180.00", "label": null, "description": "<p>chicken veggie in a circular shape to fit the burger bun with cheese &amp; tangy sauce</p>", "image": "", "veg": false, "first_class": false, "is_active": true, "trending": false, "date_added": "2021-06-23T16:45:18.417"}}, {"model": "menu.product", "pk": 208, "fields": {"category": 8, "title": "INDIAN SPICED CHICKEN BURGER", "slug": "indian-spiced-chicken-burger", "size": null, "cost_per": null, "price": "180.00", "label": null, "description": "<p>chicken tikka pices coated with mint mayo fitted burger bun and served hot</p>", "image": "", "veg": false, "first_class": false, "is_active": true, "trending": false, "date_added": "2021-06-23T16:49:14.033"}}, {"model": "menu.product", "pk": 209, "fields": {"category": 8, "title": "CAJUN CHICKEN BURGER", "slug": "cajun-chicken-burger", "size": null, "cost_per": null, "price": "190.00", "label": null, "description": "<p>whole fillet of chicken mixed with cajun spices served in burger bun</p>", "image": "", "veg": false, "first_class": false, "is_active": true, "trending": false, "date_added": "2021-06-23T16:49:36.324"}}, {"model": "menu.product", "pk": 210, "fields": {"category": 8, "title": "KOREAN FRIED CHICKEN BURGER", "slug": "korean-fried-chicken-burger", "size": null, "cost_per": null, "price": "190.00", "label": null, "description": "<p>crispy fried chicken coated with tangy sauce and cheese served in buff</p>", "image": "", "veg": false, "first_class": false, "is_active": true, "trending": false, "date_added": "2021-06-23T16:51:03.897"}}, {"model": "menu.product", "pk": 211, "fields": {"category": 8, "title": "CHICKEN GRILLED SANDWICH", "slug": "chicken-grilled-sandwich", "size": null, "cost_per": null, "price": "180.00", "label": null, "description": "<p>a combination of sliced grilled chicken sauce covered with oven fresh bread slices</p>", "image": "", "veg": false, "first_class": false, "is_active": true, "trending": false, "date_added": "2021-06-23T16:51:25.626"}}, {"model": "menu.product", "pk": 212, "fields": {"category": 8, "title": "CHICKEN CHEESE GRILLED SANDWICH", "slug": "chicken-cheese-grilled-sandwich", "size": null, "cost_per": null, "price": "210.00", "label": null, "description": "<p>boil chicken strips mierd with mayo and served between the breads</p>", "image": "", "veg": false, "first_class": false, "is_active": true, "trending": false, "date_added": "2021-06-23T16:51:51.840"}}, {"model": "menu.product", "pk": 213, "fields": {"category": 8, "title": "CHICKEN CLUB SANDWICH", "slug": "chicken-club-sandwich", "size": null, "cost_per": null, "price": "210.00", "label": null, "description": "<p>laryed sandwich stuffed with chicken,egg and cheese&nbsp;</p>", "image": "", "veg": false, "first_class": false, "is_active": true, "trending": false, "date_added": "2021-06-23T16:52:45.941"}}, {"model": "menu.product", "pk": 214, "fields": {"category": 8, "title": "CHICKEN TIKKA SANDWICH", "slug": "chicken-tikka-sandwich", "size": null, "cost_per": null, "price": "230.00", "label": null, "description": "<p>chicken tikka sandwich is a popular afternoon snack its simple and quick to make and you can add other toppings</p>", "image": "", "veg": false, "first_class": false, "is_active": true, "trending": false, "date_added": "2021-06-23T16:53:08.020"}}, {"model": "menu.product", "pk": 215, "fields": {"category": 8, "title": "ICE - BURG SANDWICH", "slug": "ice-burg-sandwich", "size": null, "cost_per": null, "price": "190.00", "label": null, "description": "<p>chicken colslow mixed with ice burg lettuce served between breads</p>", "image": "", "veg": false, "first_class": false, "is_active": true, "trending": false, "date_added": "2021-06-23T16:53:42.687"}}, {"model": "menu.product", "pk": 216, "fields": {"category": 8, "title": "EGG N CHEESE SANDWICH", "slug": "egg-n-cheese-sandwich", "size": null, "cost_per": null, "price": "160.00", "label": null, "description": "<p>egg colslow mixed with ice burg lettuce and cheese served between breads</p>", "image": "", "veg": false, "first_class": false, "is_active": true, "trending": false, "date_added": "2021-06-23T16:54:19.930"}}, {"model": "menu.tablecount", "pk": 1, "fields": {"title": "1 - 4", "slug": "1-4"}}, {"model": "menu.tablecount", "pk": 2, "fields": {"title": "4 - 8", "slug": "4-8"}}, {"model": "menu.tablecount", "pk": 3, "fields": {"title": "8 +", "slug": "8"}}, {"model": "menu.tableview", "pk": 1, "fields": {"title": "Indoor", "slug": "indoor"}}, {"model": "menu.tableview", "pk": 2, "fields": {"title": "Outdoor", "slug": "outdoor"}}, {"model": "menu.tabletime", "pk": 1, "fields": {"time": "09:00:00"}}, {"model": "menu.table", "pk": 1, "fields": {"title": "1", "slug": "1", "people_count": 3, "sitting_type": 2, "is_active": true, "trending": false, "date_added": "2021-10-04T17:56:46.251", "qr_code": "qr_code/1_qr_lal62Pq.png"}}, {"model": "menu.table", "pk": 2, "fields": {"title": "2", "slug": "2", "people_count": 3, "sitting_type": 2, "is_active": true, "trending": false, "date_added": "2021-10-04T18:01:23.381", "qr_code": "qr_code/2_qr.png"}}, {"model": "menu.table", "pk": 3, "fields": {"title": "Commercial", "slug": "commercial", "people_count": 3, "sitting_type": 2, "is_active": true, "trending": true, "date_added": "2021-10-16T16:38:35.807", "qr_code": ""}}, {"model": "menu.booktable", "pk": 2, "fields": {"table": 2, "user": 5, "name": "Amit Jain", "email": "amitj.coder@gmail.com", "phone_number": 8275123023, "order_ref_number": "TRN-100002", "status": "Processing", "people_count": 1, "sitting_type": 1, "booked_for_date": "2021-10-07", "booked_for_time": "11:44:00", "booked_at": "2021-10-07T10:44:53.594", "is_booked": true, "is_confirmed": false, "is_rejected": false, "is_booked_offline": false, "seen": false}}, {"model": "menu.booktable", "pk": 3, "fields": {"table": 2, "user": 3, "name": "test", "email": "test@gmail.com", "phone_number": 8275123023, "order_ref_number": "TRN-100003", "status": "Processing", "people_count": 1, "sitting_type": 2, "booked_for_date": "2021-12-12", "booked_for_time": "14:14:18", "booked_at": "2021-10-07T10:45:27.343", "is_booked": true, "is_confirmed": false, "is_rejected": true, "is_booked_offline": false, "seen": false}}, {"model": "menu.booktable", "pk": 5, "fields": {"table": 2, "user": 3, "name": "test", "email": "test@gmail.com", "phone_number": 8275123023, "order_ref_number": "TRN-100005", "status": "Processing", "people_count": 1, "sitting_type": 1, "booked_for_date": "2021-12-12", "booked_for_time": "14:14:24", "booked_at": "2021-10-07T10:47:42.435", "is_booked": true, "is_confirmed": true, "is_rejected": false, "is_booked_offline": false, "seen": false}}, {"model": "menu.booktable", "pk": 7, "fields": {"table": 2, "user": 2, "name": "Amit Jain", "email": "goldennest@gmail.com", "phone_number": 8275123023, "order_ref_number": "TRN-100007", "status": "Processing", "people_count": 3, "sitting_type": 1, "booked_for_date": "2021-10-08", "booked_for_time": "17:06:00", "booked_at": "2021-10-08T17:03:30.169", "is_booked": true, "is_confirmed": false, "is_rejected": false, "is_booked_offline": false, "seen": false}}, {"model": "menu.booktable", "pk": 8, "fields": {"table": 2, "user": 2, "name": "Amit Jain", "email": "goldennest@gmail.com", "phone_number": 8275123023, "order_ref_number": "TRN-100008", "status": "Processing", "people_count": 1, "sitting_type": 1, "booked_for_date": "2021-10-13", "booked_for_time": "18:15:00", "booked_at": "2021-10-08T18:15:02.752", "is_booked": true, "is_confirmed": false, "is_rejected": false, "is_booked_offline": false, "seen": false}}, {"model": "menu.booktable", "pk": 10, "fields": {"table": 2, "user": 2, "name": "test test", "email": "goldennest@gmail.com", "phone_number": 7028466160, "order_ref_number": "TRN-100010", "status": "Processing", "people_count": 3, "sitting_type": 1, "booked_for_date": "2021-10-13", "booked_for_time": "13:52:00", "booked_at": "2021-10-11T10:50:31.802", "is_booked": true, "is_confirmed": false, "is_rejected": false, "is_booked_offline": false, "seen": false}}, {"model": "menu.booktable", "pk": 11, "fields": {"table": 2, "user": 2, "name": "golden nest", "email": "goldennest@gmail.com", "phone_number": 7028466160, "order_ref_number": "TRN-100011", "status": "Confirmed", "people_count": 3, "sitting_type": 1, "booked_for_date": "2021-10-14", "booked_for_time": "16:27:00", "booked_at": "2021-10-11T12:23:58.055", "is_booked": true, "is_confirmed": true, "is_rejected": false, "is_booked_offline": false, "seen": false}}, {"model": "menu.booktable", "pk": 12, "fields": {"table": 2, "user": 2, "name": "goldennest", "email": "goldennest@gmail.com", "phone_number": 7028466160, "order_ref_number": "TRN-100012", "status": "Confirmed", "people_count": 2, "sitting_type": 1, "booked_for_date": "2021-10-14", "booked_for_time": "10:50:00", "booked_at": "2021-10-12T18:52:38.496", "is_booked": true, "is_confirmed": true, "is_rejected": false, "is_booked_offline": false, "seen": false}}, {"model": "menu.booktable", "pk": 14, "fields": {"table": 3, "user": 2, "name": "aniket", "email": "aniket.dg25@gmail.com", "phone_number": 9322861739, "order_ref_number": "TRN-100014", "status": "Processing", "people_count": 1, "sitting_type": 1, "booked_for_date": "2021-11-02", "booked_for_time": "14:22:00", "booked_at": "2021-11-02T11:16:39.788", "is_booked": false, "is_confirmed": false, "is_rejected": false, "is_booked_offline": false, "seen": false}}, {"model": "users.user", "pk": 1, "fields": {"password": "pbkdf2_sha256$216000$frbS92ZbIgS7$rQl43O31UnXUsZl/ccsba2fbHSlNnQqfQ4PFwAHfaOg=", "last_login": "2021-12-06T11:01:48.479", "is_superuser": true, "email": "info@siteguide.co.in", "name": "SG", "phone_number": 8275123023, "date_confirmation_mail_sent": "2021-06-18T14:47:52", "date_joined": "2021-06-18T14:47:52.898", "is_active": true, "is_verified": true, "is_staff": true, "token": "", "groups": [], "user_permissions": []}}, {"model": "users.user", "pk": 2, "fields": {"password": "pbkdf2_sha256$216000$8hvVJ7vHQ5II$qBiPSdGr8JSKziLP9txEybvrnc2zzmB8ikWwq2W+UJA=", "last_login": "2021-12-26T00:16:03.806", "is_superuser": true, "email": "goldennest@gmail.com", "name": "Admin", "phone_number": 7028466160, "date_confirmation_mail_sent": "2021-06-18T19:12:30", "date_joined": "2021-06-18T19:12:30.378", "is_active": true, "is_verified": true, "is_staff": true, "token": "", "groups": [], "user_permissions": []}}, {"model": "users.user", "pk": 3, "fields": {"password": "pbkdf2_sha256$216000$WP3XfDs7hvDr$4+RhRxdu7Mzp7kmd3exKo9FhCPh7+11RfgfX4KGTTZ0=", "last_login": "2021-12-13T19:14:18.465", "is_superuser": false, "email": "test@gmail.com", "name": "Test", "phone_number": 9404558478, "date_confirmation_mail_sent": "2021-09-16T09:58:41", "date_joined": "2021-09-16T09:58:41.976", "is_active": true, "is_verified": false, "is_staff": false, "token": "", "groups": [], "user_permissions": []}}, {"model": "users.user", "pk": 4, "fields": {"password": "pbkdf2_sha256$216000$shNtbS9XpUaX$FzW/H2ljOUaaP2sXe3CQ0YosVyPrAmRwJCjCL9In0Mw=", "last_login": "2021-10-04T17:55:16.369", "is_superuser": true, "email": "jay@gmail.com", "name": "jay", "phone_number": 7028466160, "date_confirmation_mail_sent": "2021-10-04T17:06:31", "date_joined": "2021-10-04T17:06:31.878", "is_active": true, "is_verified": true, "is_staff": true, "token": "", "groups": [], "user_permissions": []}}, {"model": "users.user", "pk": 5, "fields": {"password": "pbkdf2_sha256$216000$F1t8ioz5sngs$YmtyzWOgN/otC5Eu0IhMIx7DQYcfKQDySXjwqB8tNGc=", "last_login": "2021-10-07T10:24:47.321", "is_superuser": false, "email": "test2@gmail.com", "name": "testt2", "phone_number": 8275123023, "date_confirmation_mail_sent": "2021-10-07T10:22:09", "date_joined": "2021-10-07T10:22:10.028", "is_active": true, "is_verified": false, "is_staff": false, "token": "", "groups": [], "user_permissions": []}}, {"model": "users.user", "pk": 6, "fields": {"password": "pbkdf2_sha256$216000$Z62n0ZGhS07k$iVBJAp527bVTAuz97Mwr5RHy42MxFrZlVJAFeamV7J0=", "last_login": "2021-10-15T00:25:37.852", "is_superuser": false, "email": "roopanjali82750@gmail.com", "name": "Anjali Shastry", "phone_number": 8275075359, "date_confirmation_mail_sent": "2021-10-15T00:25:22.197", "date_joined": "2021-10-15T00:25:22.328", "is_active": true, "is_verified": false, "is_staff": false, "token": null, "groups": [], "user_permissions": []}}, {"model": "users.user", "pk": 7, "fields": {"password": "pbkdf2_sha256$216000$0oAQ4wl1J53N$IduJRL8uN2ZAbcd4v4PTcIdfwEelHYNA0IKLgkU8W2s=", "last_login": "2021-10-16T10:37:37.732", "is_superuser": false, "email": "dvorak22112000@gmail.com", "name": "Ronik Bhattacharjee", "phone_number": 8479999958, "date_confirmation_mail_sent": "2021-10-16T10:37:19.112", "date_joined": "2021-10-16T10:37:19.117", "is_active": true, "is_verified": false, "is_staff": false, "token": null, "groups": [], "user_permissions": []}}, {"model": "users.user", "pk": 8, "fields": {"password": "pbkdf2_sha256$216000$mRsxF7MXajgt$ROlsHV9GTcjrolpZ+3xucE3MQBHge94okDfBdCGvXFw=", "last_login": "2021-10-16T11:20:12.977", "is_superuser": false, "email": "dagapranav0628@gmail.com", "name": "Pranav", "phone_number": 9579208434, "date_confirmation_mail_sent": "2021-10-16T11:20:00.482", "date_joined": "2021-10-16T11:20:00.486", "is_active": true, "is_verified": false, "is_staff": false, "token": null, "groups": [], "user_permissions": []}}, {"model": "users.user", "pk": 9, "fields": {"password": "pbkdf2_sha256$216000$UGAXvjYZy7vr$0dQB/RCDotm80xoAD2pLWD+TenwtUoJHBkhSnWxChL8=", "last_login": "2021-10-17T18:20:16.951", "is_superuser": false, "email": "milindbari@gmail.com", "name": "DR MILIND BARI", "phone_number": 9423487513, "date_confirmation_mail_sent": "2021-10-17T18:20:09.323", "date_joined": "2021-10-17T18:20:09.327", "is_active": true, "is_verified": false, "is_staff": false, "token": null, "groups": [], "user_permissions": []}}, {"model": "users.user", "pk": 10, "fields": {"password": "pbkdf2_sha256$216000$DKJoqGhQHNjR$rrp8tLjllUOy+/bItfvtighue5jsjxrBnMQ8kG0YibA=", "last_login": "2021-10-23T08:50:52.573", "is_superuser": false, "email": "pandemv@yahoo.com", "name": "Mahavir Pande", "phone_number": 9860052416, "date_confirmation_mail_sent": "2021-10-23T08:50:30.382", "date_joined": "2021-10-23T08:50:30.457", "is_active": true, "is_verified": false, "is_staff": false, "token": null, "groups": [], "user_permissions": []}}, {"model": "users.user", "pk": 11, "fields": {"password": "pbkdf2_sha256$216000$HkxOC5YTFs5W$FsVRMkunZFOwbCrO801EMH/nBV3Cb2A/GLT9Rvfnmsw=", "last_login": "2021-10-24T08:08:37.164", "is_superuser": false, "email": "jakhetemahi6@gmail.com", "name": "Mahi Jakhete", "phone_number": 7410500032, "date_confirmation_mail_sent": "2021-10-24T08:08:26.711", "date_joined": "2021-10-24T08:08:26.760", "is_active": true, "is_verified": false, "is_staff": false, "token": null, "groups": [], "user_permissions": []}}, {"model": "users.user", "pk": 12, "fields": {"password": "pbkdf2_sha256$216000$qJEw6quKuOmZ$pOdUbsXD5v6g+urEjJc9b+Ggmu6jE1vaTMUKDaiwiMI=", "last_login": "2021-10-27T11:01:45.063", "is_superuser": false, "email": "rashikashaw97@gmail.com", "name": "Rashika Shaw", "phone_number": 9790703510, "date_confirmation_mail_sent": "2021-10-27T11:00:47.431", "date_joined": "2021-10-27T11:00:47.563", "is_active": true, "is_verified": false, "is_staff": false, "token": null, "groups": [], "user_permissions": []}}, {"model": "users.user", "pk": 13, "fields": {"password": "pbkdf2_sha256$216000$Mm2RC8W01SeV$LL4orj2EdKhQO4YpvCh2DGk1a4AGOPC2mUupjWcC4RA=", "last_login": "2021-10-28T12:23:35.843", "is_superuser": false, "email": "j30vidhi@gmail.com", "name": "Vidhi Jain", "phone_number": 9834936774, "date_confirmation_mail_sent": "2021-10-28T12:23:27.779", "date_joined": "2021-10-28T12:23:27.783", "is_active": true, "is_verified": false, "is_staff": false, "token": null, "groups": [], "user_permissions": []}}, {"model": "users.user", "pk": 14, "fields": {"password": "pbkdf2_sha256$216000$3h0jQoYhH50h$Ki8IXO3Llq8v0w1WUoJzGBPImeHzS7X2d4vWOE/81DY=", "last_login": "2021-10-29T13:16:47.897", "is_superuser": false, "email": "mandhanpiyush@yahoo.in", "name": "Piyush", "phone_number": 9545235797, "date_confirmation_mail_sent": "2021-10-29T13:16:31.262", "date_joined": "2021-10-29T13:16:31.359", "is_active": true, "is_verified": false, "is_staff": false, "token": null, "groups": [], "user_permissions": []}}, {"model": "users.user", "pk": 15, "fields": {"password": "pbkdf2_sha256$216000$kCswvzCjahJw$1H/sjzoJI9VGZlVBfcvt+xPlJqJVRVHq92+W/ea0V2E=", "last_login": "2021-11-01T14:10:53.715", "is_superuser": false, "email": "prahulhere53@gmail.com", "name": "Aniket Patil", "phone_number": 8983194010, "date_confirmation_mail_sent": "2021-11-01T14:10:40.653", "date_joined": "2021-11-01T14:10:40.657", "is_active": true, "is_verified": false, "is_staff": false, "token": null, "groups": [], "user_permissions": []}}, {"model": "users.user", "pk": 16, "fields": {"password": "pbkdf2_sha256$216000$jkr0Fy7qSQ87$V64RrHmHt7YM3N29DzISCNm4QbI2/Ry8Yhtd3iiKr1o=", "last_login": "2021-12-26T22:09:23.971", "is_superuser": false, "email": "chavan.ankur244@gmail.com", "name": "Ankur Chavan", "phone_number": 8087960969, "date_confirmation_mail_sent": "2021-11-06T07:13:20.830", "date_joined": "2021-11-06T07:13:20.925", "is_active": true, "is_verified": false, "is_staff": false, "token": null, "groups": [], "user_permissions": []}}, {"model": "users.user", "pk": 17, "fields": {"password": "pbkdf2_sha256$216000$WEcYqJyiGIxb$8gDU1MMyUH1WlpEF5yZt5aoqYl9dWU+XJpruKorxuY0=", "last_login": "2021-11-06T14:07:20.446", "is_superuser": false, "email": "whitehathackers1100@gmail.com", "name": "Ethical_Hacker_Jalgaon", "phone_number": 9405916436, "date_confirmation_mail_sent": "2021-11-06T14:06:51.824", "date_joined": "2021-11-06T14:06:51.828", "is_active": true, "is_verified": false, "is_staff": false, "token": null, "groups": [], "user_permissions": []}}, {"model": "users.user", "pk": 18, "fields": {"password": "pbkdf2_sha256$216000$yzOY0iq8RyMj$6RtMtzvTGguLfgbWzyE/Dz7BdKjhFlDnmBlYzxNBWfk=", "last_login": "2021-11-08T17:31:39.824", "is_superuser": false, "email": "pnilesh0411@gmail.com", "name": "Nilesh Patil", "phone_number": 9272160234, "date_confirmation_mail_sent": "2021-11-08T17:31:18.740", "date_joined": "2021-11-08T17:31:19.128", "is_active": true, "is_verified": false, "is_staff": false, "token": null, "groups": [], "user_permissions": []}}, {"model": "users.user", "pk": 19, "fields": {"password": "pbkdf2_sha256$216000$y51v0H56v4ng$j9yLUoM9g86ADa4Gcl5uUS/Jjt4C4m/KickfRMl012E=", "last_login": null, "is_superuser": false, "email": "testt@gmail.com", "name": "testt", "phone_number": 7412584175, "date_confirmation_mail_sent": "2021-11-09T00:10:44.355", "date_joined": "2021-11-09T00:10:44.557", "is_active": false, "is_verified": false, "is_staff": false, "token": "", "groups": [], "user_permissions": []}}, {"model": "users.user", "pk": 20, "fields": {"password": "pbkdf2_sha256$216000$0NMIZhASHrmM$gkZuSYk4sdMcbLnnpPu8y8XiTYWdzqQYkd3I2PBKVkc=", "last_login": null, "is_superuser": false, "email": "amitjaaa.coder@gmail.com", "name": "Amit Jain", "phone_number": 8275123023, "date_confirmation_mail_sent": "2021-11-09T00:12:55.556", "date_joined": "2021-11-09T00:12:55.788", "is_active": false, "is_verified": false, "is_staff": false, "token": "", "groups": [], "user_permissions": []}}, {"model": "users.user", "pk": 21, "fields": {"password": "pbkdf2_sha256$216000$tMj0qeWVIhiB$JWMvvLlHlk5jQtINPk/jg6dqjycNMTJrboKtn/cJYpE=", "last_login": "2021-11-21T16:15:29.829", "is_superuser": false, "email": "yogeshanikumbh@hotmail.com", "name": "YOGESH ARUN NIKUMBH", "phone_number": 7666166981, "date_confirmation_mail_sent": "2021-11-21T15:50:45.055", "date_joined": "2021-11-21T15:50:45.363", "is_active": true, "is_verified": false, "is_staff": false, "token": null, "groups": [], "user_permissions": []}}, {"model": "users.user", "pk": 22, "fields": {"password": "pbkdf2_sha256$216000$J5XlLBAB39NF$Gc++/TMj2A1HlSPkAXXRT8U+UTkKMZvrPfzUZMQRQH0=", "last_login": "2021-11-21T18:11:23.290", "is_superuser": false, "email": "akshayborole012@gmail.com", "name": "Akshay", "phone_number": 9987165525, "date_confirmation_mail_sent": "2021-11-21T18:10:48.119", "date_joined": "2021-11-21T18:10:48.123", "is_active": true, "is_verified": false, "is_staff": false, "token": null, "groups": [], "user_permissions": []}}, {"model": "users.user", "pk": 23, "fields": {"password": "pbkdf2_sha256$216000$pjHajgfkSWwa$lYWwyK81vgm6xlEGZ+8U0tKPxbJulbR51aeXPD/QkOI=", "last_login": "2021-11-28T14:06:27.894", "is_superuser": false, "email": "aditiakate@gmail.com", "name": "Aditi Patil", "phone_number": 7820806574, "date_confirmation_mail_sent": "2021-11-28T14:06:07.539", "date_joined": "2021-11-28T14:06:07.611", "is_active": true, "is_verified": false, "is_staff": false, "token": null, "groups": [], "user_permissions": []}}, {"model": "users.user", "pk": 24, "fields": {"password": "pbkdf2_sha256$216000$FdbLIOPK0q20$PYWRy8VvWfVu/vF8DKokhU5yMOwubVtBrfJmEA3mIwY=", "last_login": "2021-12-14T18:01:16.251", "is_superuser": false, "email": "kripalanisahil14@gmail.com", "name": "Sahil Kripalani", "phone_number": 8408840600, "date_confirmation_mail_sent": "2021-12-14T18:01:02.341", "date_joined": "2021-12-14T18:01:02.473", "is_active": true, "is_verified": false, "is_staff": false, "token": null, "groups": [], "user_permissions": []}}, {"model": "users.user", "pk": 25, "fields": {"password": "pbkdf2_sha256$216000$xgkIEoRo0QtW$qfu4PFiJHe3IIj7+yPy6Dr3thsthCpS+OOqe80tFOek=", "last_login": "2021-12-23T14:00:17.866", "is_superuser": false, "email": "sanjeevjoseph2014@gmail.com", "name": "Pratik Joseph", "phone_number": 8404709174, "date_confirmation_mail_sent": "2021-12-23T14:00:00.571", "date_joined": "2021-12-23T14:00:00.776", "is_active": true, "is_verified": false, "is_staff": false, "token": null, "groups": [], "user_permissions": []}}, {"model": "order.cart", "pk": 4, "fields": {"user": 2, "ordered": true, "product": 179, "quantity": 2, "size": "medium", "order_status": "Processing", "order_ref_number": null, "product_title": null, "product_discount_price": null, "variation_title": null, "variation_price": null, "order_total": null, "delivered_date_time": null}}, {"model": "order.cart", "pk": 8, "fields": {"user": 4, "ordered": true, "product": 8, "quantity": 3, "size": null, "order_status": "Processing", "order_ref_number": "ORN-100004", "product_title": "BROCCOLI ALMOND SOUP", "product_discount_price": "170.00", "variation_title": null, "variation_price": null, "order_total": "535.00", "delivered_date_time": null}}, {"model": "order.cart", "pk": 9, "fields": {"user": 4, "ordered": true, "product": 8, "quantity": 1, "size": null, "order_status": "Processing", "order_ref_number": "ORN100005", "product_title": "BROCCOLI ALMOND SOUP", "product_discount_price": "170.00", "variation_title": null, "variation_price": null, "order_total": "178.00", "delivered_date_time": null}}, {"model": "order.cart", "pk": 10, "fields": {"user": 4, "ordered": true, "product": 14, "quantity": 2, "size": null, "order_status": "Preparing", "order_ref_number": "ORN100005", "product_title": "CHICKEN CLEAR SOUP", "product_discount_price": "145.00", "variation_title": null, "variation_price": null, "order_total": "304.00", "delivered_date_time": null}}, {"model": "order.cart", "pk": 19, "fields": {"user": 2, "ordered": true, "product": 11, "quantity": 2, "size": null, "order_status": "Processing", "order_ref_number": "ORN-100013", "product_title": "CHICKEN HOT & SOUR SOUP", "product_discount_price": "170.00", "variation_title": null, "variation_price": null, "order_total": "357.00", "delivered_date_time": null}}, {"model": "order.cart", "pk": 20, "fields": {"user": 2, "ordered": true, "product": 15, "quantity": 1, "size": null, "order_status": "Processing", "order_ref_number": "ORN-100013", "product_title": "CHICKEN KUNG-FU SOUP", "product_discount_price": "170.00", "variation_title": null, "variation_price": null, "order_total": "178.00", "delivered_date_time": null}}, {"model": "order.cart", "pk": 21, "fields": {"user": 2, "ordered": true, "product": 14, "quantity": 3, "size": null, "order_status": "Processing", "order_ref_number": "ORN-100013", "product_title": "CHICKEN CLEAR SOUP", "product_discount_price": "145.00", "variation_title": null, "variation_price": null, "order_total": "456.00", "delivered_date_time": null}}, {"model": "order.cart", "pk": 22, "fields": {"user": 2, "ordered": true, "product": 8, "quantity": 2, "size": null, "order_status": "Processing", "order_ref_number": "ORN-100013", "product_title": "BROCCOLI ALMOND SOUP", "product_discount_price": "170.00", "variation_title": null, "variation_price": null, "order_total": "357.00", "delivered_date_time": null}}, {"model": "order.cart", "pk": 25, "fields": {"user": 2, "ordered": true, "product": 15, "quantity": 4, "size": null, "order_status": "Ready", "order_ref_number": "ORN100016", "product_title": "CHICKEN KUNG-FU SOUP", "product_discount_price": "170.00", "variation_title": null, "variation_price": null, "order_total": "714.00", "delivered_date_time": "2021-10-12T19:11:39.335"}}, {"model": "order.cart", "pk": 26, "fields": {"user": 7, "ordered": true, "product": 11, "quantity": 2, "size": null, "order_status": "Processing", "order_ref_number": "ORN-100018", "product_title": "CHICKEN HOT & SOUR SOUP", "product_discount_price": "170.00", "variation_title": null, "variation_price": null, "order_total": "357.00", "delivered_date_time": null}}, {"model": "order.cart", "pk": 28, "fields": {"user": 2, "ordered": false, "product": 14, "quantity": 1, "size": null, "order_status": "Processing", "order_ref_number": null, "product_title": null, "product_discount_price": null, "variation_title": null, "variation_price": null, "order_total": null, "delivered_date_time": null}}, {"model": "order.cart", "pk": 29, "fields": {"user": 2, "ordered": false, "product": 11, "quantity": 2, "size": null, "order_status": "Processing", "order_ref_number": null, "product_title": null, "product_discount_price": null, "variation_title": null, "variation_price": null, "order_total": null, "delivered_date_time": null}}, {"model": "order.cart", "pk": 30, "fields": {"user": 2, "ordered": false, "product": 78, "quantity": 3, "size": null, "order_status": "Processing", "order_ref_number": null, "product_title": null, "product_discount_price": null, "variation_title": null, "variation_price": null, "order_total": null, "delivered_date_time": null}}, {"model": "order.cart", "pk": 31, "fields": {"user": 13, "ordered": true, "product": 182, "quantity": 1, "size": null, "order_status": "Processing", "order_ref_number": "ORN100020", "product_title": "CLASSIC MARGHERITA", "product_discount_price": "235.00", "variation_title": null, "variation_price": null, "order_total": "246.00", "delivered_date_time": null}}, {"model": "order.cart", "pk": 32, "fields": {"user": 13, "ordered": true, "product": 90, "quantity": 1, "size": null, "order_status": "Processing", "order_ref_number": "ORN100020", "product_title": "KHIMCHI SALAD", "product_discount_price": "110.00", "variation_title": null, "variation_price": null, "order_total": "115.00", "delivered_date_time": null}}, {"model": "order.cart", "pk": 33, "fields": {"user": 1, "ordered": false, "product": 8, "quantity": 3, "size": null, "order_status": "Processing", "order_ref_number": null, "product_title": null, "product_discount_price": null, "variation_title": null, "variation_price": null, "order_total": null, "delivered_date_time": null}}, {"model": "order.cart", "pk": 34, "fields": {"user": 2, "ordered": false, "product": 32, "quantity": 3, "size": null, "order_status": "Processing", "order_ref_number": null, "product_title": null, "product_discount_price": null, "variation_title": null, "variation_price": null, "order_total": null, "delivered_date_time": null}}, {"model": "order.cart", "pk": 35, "fields": {"user": 2, "ordered": false, "product": 13, "quantity": 2, "size": null, "order_status": "Processing", "order_ref_number": null, "product_title": null, "product_discount_price": null, "variation_title": null, "variation_price": null, "order_total": null, "delivered_date_time": null}}, {"model": "order.cart", "pk": 36, "fields": {"user": 2, "ordered": false, "product": 8, "quantity": 5, "size": null, "order_status": "Processing", "order_ref_number": null, "product_title": null, "product_discount_price": null, "variation_title": null, "variation_price": null, "order_total": null, "delivered_date_time": null}}, {"model": "order.cart", "pk": 37, "fields": {"user": 2, "ordered": false, "product": 9, "quantity": 2, "size": null, "order_status": "Processing", "order_ref_number": null, "product_title": null, "product_discount_price": null, "variation_title": null, "variation_price": null, "order_total": null, "delivered_date_time": null}}, {"model": "order.cart", "pk": 41, "fields": {"user": 17, "ordered": false, "product": 100, "quantity": 1, "size": null, "order_status": "Processing", "order_ref_number": null, "product_title": null, "product_discount_price": null, "variation_title": null, "variation_price": null, "order_total": null, "delivered_date_time": null}}, {"model": "order.cart", "pk": 42, "fields": {"user": 2, "ordered": false, "product": 17, "quantity": 2, "size": null, "order_status": "Processing", "order_ref_number": null, "product_title": null, "product_discount_price": null, "variation_title": null, "variation_price": null, "order_total": null, "delivered_date_time": null}}, {"model": "order.cart", "pk": 43, "fields": {"user": 22, "ordered": false, "product": 56, "quantity": 2, "size": null, "order_status": "Processing", "order_ref_number": null, "product_title": null, "product_discount_price": null, "variation_title": null, "variation_price": null, "order_total": null, "delivered_date_time": null}}, {"model": "order.cart", "pk": 44, "fields": {"user": 22, "ordered": false, "product": 109, "quantity": 1, "size": null, "order_status": "Processing", "order_ref_number": null, "product_title": null, "product_discount_price": null, "variation_title": null, "variation_price": null, "order_total": null, "delivered_date_time": null}}, {"model": "order.cart", "pk": 62, "fields": {"user": 3, "ordered": true, "product": 13, "quantity": 1, "size": null, "order_status": "Processing", "order_ref_number": null, "product_title": null, "product_discount_price": null, "variation_title": null, "variation_price": null, "order_total": null, "delivered_date_time": null}}, {"model": "order.cart", "pk": 63, "fields": {"user": 3, "ordered": true, "product": 17, "quantity": 1, "size": null, "order_status": "Processing", "order_ref_number": null, "product_title": null, "product_discount_price": null, "variation_title": null, "variation_price": null, "order_total": null, "delivered_date_time": null}}, {"model": "order.cart", "pk": 68, "fields": {"user": 24, "ordered": false, "product": 36, "quantity": 1, "size": null, "order_status": "Processing", "order_ref_number": null, "product_title": null, "product_discount_price": null, "variation_title": null, "variation_price": null, "order_total": null, "delivered_date_time": null}}, {"model": "order.cart", "pk": 69, "fields": {"user": 24, "ordered": false, "product": 115, "quantity": 1, "size": null, "order_status": "Processing", "order_ref_number": null, "product_title": null, "product_discount_price": null, "variation_title": null, "variation_price": null, "order_total": null, "delivered_date_time": null}}, {"model": "order.cart", "pk": 72, "fields": {"user": 2, "ordered": false, "product": 200, "quantity": 2, "size": null, "order_status": "Processing", "order_ref_number": null, "product_title": null, "product_discount_price": null, "variation_title": null, "variation_price": null, "order_total": null, "delivered_date_time": null}}, {"model": "order.cart", "pk": 82, "fields": {"user": 3, "ordered": true, "product": 8, "quantity": 3, "size": null, "order_status": "Processing", "order_ref_number": null, "product_title": null, "product_discount_price": null, "variation_title": null, "variation_price": null, "order_total": null, "delivered_date_time": null}}, {"model": "order.cart", "pk": 83, "fields": {"user": 3, "ordered": false, "product": 11, "quantity": 2, "size": null, "order_status": "Processing", "order_ref_number": null, "product_title": null, "product_discount_price": null, "variation_title": null, "variation_price": null, "order_total": null, "delivered_date_time": null}}, {"model": "order.coupon", "pk": 1, "fields": {"code": "#GN10", "discount_percent": 10.0, "minimum_order_amount": 500.0, "max_discount_amount": 100.0}}, {"model": "order.couponcustomer", "pk": 1, "fields": {"user": 5, "coupon": null, "code": "", "discount_amount": null, "used": false, "session_user": null}}, {"model": "order.tablecart", "pk": 1, "fields": {"ordered": false, "product": 3, "quantity": 1, "size": null, "session_user": null, "order_status": "Processing", "order_ref_number": null, "product_title": null, "product_discount_price": null, "variation_title": null, "variation_price": null, "order_total": null, "delivered_date_time": null, "is_expired": false}}, {"model": "order.tablecart", "pk": 2, "fields": {"ordered": false, "product": 3, "quantity": 3, "size": null, "session_user": "jqw2stn9ha3xrh7xw6f7k7xs0vy1dr67", "order_status": "Processing", "order_ref_number": null, "product_title": null, "product_discount_price": null, "variation_title": null, "variation_price": null, "order_total": null, "delivered_date_time": null, "is_expired": false}}, {"model": "order.tablecart", "pk": 3, "fields": {"ordered": false, "product": 11, "quantity": 1, "size": null, "session_user": null, "order_status": "Processing", "order_ref_number": null, "product_title": null, "product_discount_price": null, "variation_title": null, "variation_price": null, "order_total": null, "delivered_date_time": null, "is_expired": false}}, {"model": "order.tablecart", "pk": 4, "fields": {"ordered": false, "product": 11, "quantity": 2, "size": null, "session_user": "mdspb43k0w84v54m3u9aa52mqlqhslpw", "order_status": "Processing", "order_ref_number": null, "product_title": null, "product_discount_price": null, "variation_title": null, "variation_price": null, "order_total": null, "delivered_date_time": null, "is_expired": false}}, {"model": "order.tablecart", "pk": 5, "fields": {"ordered": false, "product": 11, "quantity": 2, "size": null, "session_user": "kcb0o6crtotaukxgl13vze0r2cdhae05", "order_status": "Processing", "order_ref_number": null, "product_title": null, "product_discount_price": null, "variation_title": null, "variation_price": null, "order_total": null, "delivered_date_time": null, "is_expired": false}}, {"model": "order.tablecart", "pk": 6, "fields": {"ordered": true, "product": 11, "quantity": 6, "size": null, "session_user": "51oao0scogl585bre4ee18fcqzgwysby", "order_status": "Ready", "order_ref_number": "ORN100005", "product_title": "CHICKEN HOT & SOUR SOUP", "product_discount_price": "170.00", "variation_title": null, "variation_price": null, "order_total": "1071.00", "delivered_date_time": null, "is_expired": false}}, {"model": "order.tablecart", "pk": 7, "fields": {"ordered": false, "product": 179, "quantity": 3, "size": null, "session_user": "51oao0scogl585bre4ee18fcqzgwysby", "order_status": "Processing", "order_ref_number": null, "product_title": null, "product_discount_price": null, "variation_title": null, "variation_price": null, "order_total": null, "delivered_date_time": null, "is_expired": false}}, {"model": "order.tablecart", "pk": 8, "fields": {"ordered": false, "product": 183, "quantity": 2, "size": null, "session_user": "51oao0scogl585bre4ee18fcqzgwysby", "order_status": "Processing", "order_ref_number": null, "product_title": null, "product_discount_price": null, "variation_title": null, "variation_price": null, "order_total": null, "delivered_date_time": null, "is_expired": false}}, {"model": "order.offlineorder", "pk": 1, "fields": {"table": 1, "session_user": null, "coupon_used": false, "coupon_customer": null, "order_ref_number": "ORN100001", "ordered_date_time": "2021-10-06T23:44:56.715", "ordered": false, "order_status": "Processing", "seen": false, "is_expired": false, "cart": [1, 3]}}, {"model": "order.offlineorder", "pk": 2, "fields": {"table": 1, "session_user": "jqw2stn9ha3xrh7xw6f7k7xs0vy1dr67", "coupon_used": false, "coupon_customer": null, "order_ref_number": "ORN100002", "ordered_date_time": "2021-10-06T23:44:59.659", "ordered": false, "order_status": "Processing", "seen": false, "is_expired": false, "cart": [2]}}, {"model": "order.offlineorder", "pk": 3, "fields": {"table": 1, "session_user": "mdspb43k0w84v54m3u9aa52mqlqhslpw", "coupon_used": false, "coupon_customer": null, "order_ref_number": "ORN100003", "ordered_date_time": "2021-10-07T09:58:22.635", "ordered": false, "order_status": "Processing", "seen": false, "is_expired": false, "cart": [4]}}, {"model": "order.offlineorder", "pk": 4, "fields": {"table": 1, "session_user": "kcb0o6crtotaukxgl13vze0r2cdhae05", "coupon_used": false, "coupon_customer": null, "order_ref_number": "ORN100004", "ordered_date_time": "2021-10-07T09:58:22.934", "ordered": false, "order_status": "Processing", "seen": false, "is_expired": false, "cart": [5]}}, {"model": "order.offlineorder", "pk": 5, "fields": {"table": 1, "session_user": "51oao0scogl585bre4ee18fcqzgwysby", "coupon_used": false, "coupon_customer": null, "order_ref_number": "ORN100005", "ordered_date_time": "2021-10-07T09:58:23.259", "ordered": true, "order_status": "Ready", "seen": false, "is_expired": false, "cart": [6]}}, {"model": "order.offlineorder", "pk": 6, "fields": {"table": 1, "session_user": "51oao0scogl585bre4ee18fcqzgwysby", "coupon_used": false, "coupon_customer": null, "order_ref_number": "ORN100006", "ordered_date_time": "2021-10-09T00:42:16.061", "ordered": false, "order_status": "Processing", "seen": false, "is_expired": false, "cart": [7, 8]}}, {"model": "order.order", "pk": 2, "fields": {"user": 2, "table": 7, "coupon_used": false, "coupon_customer": null, "order_ref_number": "ORN-100002", "ordered_date_time": "2021-06-24T18:33:07.816", "ordered": true, "order_status": "Processing", "payment": null, "payment_method": null, "received": false, "cancel_requested": false, "seen": true, "cart": []}}, {"model": "order.order", "pk": 4, "fields": {"user": 3, "table": null, "coupon_used": false, "coupon_customer": null, "order_ref_number": "ORN-100004", "ordered_date_time": "2021-12-06T11:03:16", "ordered": true, "order_status": "Processing", "payment": 1, "payment_method": "upi", "received": false, "cancel_requested": false, "seen": false, "cart": [8]}}, {"model": "order.order", "pk": 5, "fields": {"user": 4, "table": null, "coupon_used": false, "coupon_customer": null, "order_ref_number": "ORN100005", "ordered_date_time": "2021-10-04T20:13:38.893", "ordered": true, "order_status": "Processing", "payment": 2, "payment_method": "upi", "received": false, "cancel_requested": false, "seen": true, "cart": [9, 10]}}, {"model": "order.order", "pk": 6, "fields": {"user": 5, "table": null, "coupon_used": false, "coupon_customer": null, "order_ref_number": "ORN100006", "ordered_date_time": "2021-10-07T10:25:20.231", "ordered": true, "order_status": "Processing", "payment": 3, "payment_method": "upi", "received": false, "cancel_requested": false, "seen": true, "cart": []}}, {"model": "order.order", "pk": 7, "fields": {"user": 5, "table": 2, "coupon_used": false, "coupon_customer": null, "order_ref_number": "ORN-100007", "ordered_date_time": "2021-10-07T10:44:53", "ordered": true, "order_status": "Processing", "payment": null, "payment_method": null, "received": false, "cancel_requested": false, "seen": true, "cart": []}}, {"model": "order.order", "pk": 8, "fields": {"user": 5, "table": 3, "coupon_used": false, "coupon_customer": null, "order_ref_number": "ORN-100008", "ordered_date_time": "2021-10-07T10:45:27", "ordered": true, "order_status": "Processing", "payment": null, "payment_method": null, "received": false, "cancel_requested": false, "seen": true, "cart": []}}, {"model": "order.order", "pk": 9, "fields": {"user": 5, "table": null, "coupon_used": false, "coupon_customer": null, "order_ref_number": "ORN-100009", "ordered_date_time": "2021-10-07T10:46:36", "ordered": true, "order_status": "Processing", "payment": null, "payment_method": null, "received": false, "cancel_requested": false, "seen": true, "cart": []}}, {"model": "order.order", "pk": 10, "fields": {"user": 5, "table": 5, "coupon_used": false, "coupon_customer": null, "order_ref_number": "ORN-100010", "ordered_date_time": "2021-10-07T10:47:42", "ordered": true, "order_status": "Processing", "payment": 4, "payment_method": "upi", "received": false, "cancel_requested": false, "seen": true, "cart": []}}, {"model": "order.order", "pk": 12, "fields": {"user": 2, "table": 8, "coupon_used": false, "coupon_customer": null, "order_ref_number": "ORN-100012", "ordered_date_time": "2021-10-08T18:15:02", "ordered": true, "order_status": "Processing", "payment": null, "payment_method": null, "received": false, "cancel_requested": false, "seen": true, "cart": []}}, {"model": "order.order", "pk": 13, "fields": {"user": 3, "table": 10, "coupon_used": false, "coupon_customer": null, "order_ref_number": "ORN-100013", "ordered_date_time": "2021-12-06T11:04:27", "ordered": true, "order_status": "Processing", "payment": 5, "payment_method": "upi", "received": false, "cancel_requested": false, "seen": false, "cart": [19, 20, 21, 22]}}, {"model": "order.order", "pk": 14, "fields": {"user": 2, "table": 11, "coupon_used": false, "coupon_customer": null, "order_ref_number": "ORN100014", "ordered_date_time": "2021-10-11T10:55:35.098", "ordered": true, "order_status": "Processing", "payment": null, "payment_method": null, "received": false, "cancel_requested": false, "seen": false, "cart": []}}, {"model": "order.order", "pk": 16, "fields": {"user": 2, "table": null, "coupon_used": false, "coupon_customer": null, "order_ref_number": "ORN100016", "ordered_date_time": "2021-10-12T18:49:57.346", "ordered": true, "order_status": "Ready", "payment": 6, "payment_method": "upi", "received": false, "cancel_requested": false, "seen": false, "cart": [25]}}, {"model": "order.order", "pk": 17, "fields": {"user": 2, "table": 12, "coupon_used": false, "coupon_customer": null, "order_ref_number": "ORN-100017", "ordered_date_time": "2021-10-12T18:52:38", "ordered": true, "order_status": "Processing", "payment": null, "payment_method": null, "received": false, "cancel_requested": false, "seen": false, "cart": []}}, {"model": "order.order", "pk": 18, "fields": {"user": 7, "table": null, "coupon_used": false, "coupon_customer": null, "order_ref_number": "ORN-100018", "ordered_date_time": "2021-10-16T10:39:51", "ordered": true, "order_status": "Processing", "payment": 7, "payment_method": "netbanking", "received": false, "cancel_requested": false, "seen": false, "cart": [26]}}, {"model": "order.order", "pk": 19, "fields": {"user": 2, "table": 14, "coupon_used": false, "coupon_customer": null, "order_ref_number": "ORN100019", "ordered_date_time": "2021-10-16T19:52:35.644", "ordered": false, "order_status": "Processing", "payment": null, "payment_method": null, "received": false, "cancel_requested": false, "seen": false, "cart": [28, 29, 30, 34, 35, 36, 37, 42, 72]}}, {"model": "order.order", "pk": 20, "fields": {"user": 13, "table": null, "coupon_used": false, "coupon_customer": null, "order_ref_number": "ORN100020", "ordered_date_time": "2021-10-28T12:25:39.099", "ordered": true, "order_status": "Processing", "payment": 8, "payment_method": "card", "received": false, "cancel_requested": false, "seen": false, "cart": [31, 32]}}, {"model": "order.order", "pk": 21, "fields": {"user": 1, "table": null, "coupon_used": false, "coupon_customer": null, "order_ref_number": "ORN100021", "ordered_date_time": "2021-10-28T13:15:26.197", "ordered": false, "order_status": "Processing", "payment": null, "payment_method": null, "received": false, "cancel_requested": false, "seen": false, "cart": [33]}}, {"model": "order.order", "pk": 24, "fields": {"user": 17, "table": null, "coupon_used": false, "coupon_customer": null, "order_ref_number": "ORN100024", "ordered_date_time": "2021-11-06T14:11:39.096", "ordered": false, "order_status": "Processing", "payment": null, "payment_method": null, "received": false, "cancel_requested": false, "seen": false, "cart": [41]}}, {"model": "order.order", "pk": 25, "fields": {"user": 22, "table": null, "coupon_used": false, "coupon_customer": null, "order_ref_number": "ORN100025", "ordered_date_time": "2021-11-21T18:11:41.437", "ordered": false, "order_status": "Processing", "payment": null, "payment_method": null, "received": false, "cancel_requested": false, "seen": false, "cart": [43, 44]}}, {"model": "order.order", "pk": 26, "fields": {"user": 3, "table": null, "coupon_used": false, "coupon_customer": null, "order_ref_number": "ORN-100026", "ordered_date_time": "2021-12-26T20:06:20", "ordered": true, "order_status": "Processing", "payment": 9, "payment_method": null, "received": false, "cancel_requested": false, "seen": false, "cart": [62, 63]}}, {"model": "order.order", "pk": 29, "fields": {"user": 24, "table": null, "coupon_used": false, "coupon_customer": null, "order_ref_number": "ORN100029", "ordered_date_time": "2021-12-14T18:04:28.945", "ordered": false, "order_status": "Processing", "payment": null, "payment_method": null, "received": false, "cancel_requested": false, "seen": false, "cart": [68, 69]}}, {"model": "order.order", "pk": 30, "fields": {"user": 3, "table": null, "coupon_used": false, "coupon_customer": null, "order_ref_number": "ORN-100030", "ordered_date_time": "2021-12-26T20:52:12", "ordered": true, "order_status": "Processing", "payment": 10, "payment_method": null, "received": false, "cancel_requested": false, "seen": false, "cart": [82]}}, {"model": "order.order", "pk": 31, "fields": {"user": 3, "table": null, "coupon_used": false, "coupon_customer": null, "order_ref_number": "ORN-100031", "ordered_date_time": "2021-12-26T23:51:42", "ordered": false, "order_status": "Processing", "payment": null, "payment_method": null, "received": false, "cancel_requested": false, "seen": false, "cart": [83]}}, {"model": "order.payment", "pk": 1, "fields": {"order_id": "4_2021-10-04 20:03:23.083116", "payment_id": "pay_I5IGkR7XU67PMW", "user": 4, "amount": 535.0, "amount_paid": 535.0, "paid": true, "timestamp": "2021-10-04T20:03:23.083", "payment_method": "upi", "razorpay_order_id": "order_I5IGOXwggtjtnw", "signature": "bdb6be9d50ead764e75d3341469c8b03158acee4fa92989ef6e20a14775b9601"}}, {"model": "order.payment", "pk": 2, "fields": {"order_id": "4_2021-10-04 20:14:46.250337", "payment_id": "pay_I5ISmlOGVpXpoY", "user": 4, "amount": 482.0, "amount_paid": 482.0, "paid": true, "timestamp": "2021-10-04T20:14:46.250", "payment_method": "upi", "razorpay_order_id": "order_I5ISIgH5uU7JJB", "signature": "52f2b4bfb47126f3b738a30230fae1d71f379766afbd5e21a44747d5822d86e9"}}, {"model": "order.payment", "pk": 3, "fields": {"order_id": "5_2021-10-07 10:43:56.845367", "payment_id": "pay_I6KLA6qswWzWJB", "user": 5, "amount": 2100.0, "amount_paid": 2100.0, "paid": true, "timestamp": "2021-10-07T10:43:56.845", "payment_method": "upi", "razorpay_order_id": "order_I6KKp5RckhEl6r", "signature": "76cb94c0f04d0cae08b1fc2a73ec524b533228efb5f6d58b3e7aa29df9e2bea8"}}, {"model": "order.payment", "pk": 4, "fields": {"order_id": "5_2021-10-07 10:48:16.907500", "payment_id": "pay_I6KPk9wywhSMeq", "user": 5, "amount": 714.0, "amount_paid": 714.0, "paid": true, "timestamp": "2021-10-07T10:48:16.907", "payment_method": "upi", "razorpay_order_id": "order_I6KPYOVf1SOrge", "signature": "77d21b982e56960f3c5eeafcbca948133e3f9629e65e878598aa6faf550b0c23"}}, {"model": "order.payment", "pk": 5, "fields": {"order_id": "2_2021-10-11 10:54:53.029578", "payment_id": "pay_I7ufBmWv1jUpik", "user": 2, "amount": 1348.0, "amount_paid": 1348.0, "paid": true, "timestamp": "2021-10-11T10:54:53.029", "payment_method": "upi", "razorpay_order_id": "order_I7uefkl1y26UEo", "signature": "a5fd8934d4220cecd4f562024728af10c9f350fd62feef12f139acb42d893d70"}}, {"model": "order.payment", "pk": 6, "fields": {"order_id": "2_2021-10-12 18:50:57.059811", "payment_id": "pay_I8RJDDej0ygEzx", "user": 2, "amount": 714.0, "amount_paid": 714.0, "paid": true, "timestamp": "2021-10-12T18:50:57.060", "payment_method": "upi", "razorpay_order_id": "order_I8RIyLZz3aCNKZ", "signature": "42d28464b3d6a08b6afc2fd195fecb6b73e84ebc09941db1485fe575e071304b"}}, {"model": "order.payment", "pk": 7, "fields": {"order_id": "7_2021-10-16 10:40:39.999471", "payment_id": "pay_I9t5k6P3vhxdf4", "user": 7, "amount": 357.0, "amount_paid": 357.0, "paid": true, "timestamp": "2021-10-16T10:40:39.999", "payment_method": "netbanking", "razorpay_order_id": "order_I9t5Wls1Xqe6bb", "signature": "59abbce2a60dd971ec72d96f9bc61600b75f9faab6ec580d9432ec914dbe10c8"}}, {"model": "order.payment", "pk": 8, "fields": {"order_id": "13_2021-10-28 12:31:11.273329", "payment_id": "pay_IEfNvixWrGLIdt", "user": 13, "amount": 361.0, "amount_paid": 361.0, "paid": true, "timestamp": "2021-10-28T12:31:11.273", "payment_method": "card", "razorpay_order_id": "order_IEfJUztj2MbiLV", "signature": "5b67f51798769ebfa00d8c84b60e07061eee0cd9e665c779d37e127b2845ba78"}}, {"model": "order.payment", "pk": 9, "fields": {"order_id": "3_2021-12-26 20:06:20.091520", "payment_id": "3_2021-12-26 20:06:20.091538", "user": 3, "amount": 377.0, "amount_paid": 377.0, "paid": false, "timestamp": "2021-12-26T20:06:20.100", "payment_method": "", "razorpay_order_id": null, "signature": null}}, {"model": "order.payment", "pk": 10, "fields": {"order_id": "3_2021-12-26 20:52:12.278110", "payment_id": "3_2021-12-26 20:52:12.278136", "user": 3, "amount": 535.0, "amount_paid": 535.0, "paid": false, "timestamp": "2021-12-26T20:52:12.284", "payment_method": "", "razorpay_order_id": null, "signature": null}}, {"model": "room.peoplevariation", "pk": 1, "fields": {"no_of_person": "Single Person"}}, {"model": "room.peoplevariation", "pk": 2, "fields": {"no_of_person": "Couple"}}, {"model": "room.peoplevariation", "pk": 3, "fields": {"no_of_person": "4 Person"}}, {"model": "room.peoplevariation", "pk": 4, "fields": {"no_of_person": "4 Family Member"}}, {"model": "room.rooms", "pk": 1, "fields": {"name": "Executive Room", "image_main": "rooms/hotel-room-300x300.jpg", "image_2": "", "image_3": "", "image_4": "", "image_5": "", "image_6": "", "stock_no": 6, "price": "2500.00", "short_description": "Comfortable in all kind of services.", "people_variation": [1, 2, 3, 4]}}, {"model": "room.rooms", "pk": 2, "fields": {"name": "Semi Suite", "image_main": "rooms/hotel-room-300x300_Wo2EQV4.jpg", "image_2": "", "image_3": "", "image_4": "", "image_5": "", "image_6": "", "stock_no": 3, "price": "3200.00", "short_description": "Comfortable in all type of services.", "people_variation": [1, 2, 3, 4]}}, {"model": "room.rooms", "pk": 4, "fields": {"name": "Grand Suite", "image_main": "rooms/hotel-room-300x300_J4KPyFg.jpg", "image_2": "", "image_3": "", "image_4": "", "image_5": "", "image_6": "", "stock_no": 2, "price": "5000.00", "short_description": "Comfortable in all type of services.", "people_variation": [1, 2, 3, 4]}}, {"model": "room.rooms", "pk": 5, "fields": {"name": "Couple Suite", "image_main": "rooms/hotel-room-300x300_nNv0ABZ.jpg", "image_2": "", "image_3": "", "image_4": "", "image_5": "", "image_6": "", "stock_no": 1, "price": "7000.00", "short_description": "Comfortable in all type of services.", "people_variation": [1, 2, 3, 4]}}, {"model": "room.roompayment", "pk": 1, "fields": {"order_id": "4_2021-10-04 20:42:37.719664", "payment_id": "pay_I5IwCtwRHnscMJ", "user": 4, "amount": 16800.0, "amount_paid": 16800.0, "paid": true, "timestamp": "2021-10-04T20:42:37.719", "payment_method": "upi", "razorpay_order_id": "order_I5IvwZXbBOs9Yo", "signature": "2f634ae6997726143b33e86d0adbc3c109b283ff2d6c539a9dacae5ab4b86f3d"}}, {"model": "room.roompayment", "pk": 2, "fields": {"order_id": "4_2021-10-04 20:56:51.695894", "payment_id": "pay_I5JBFI3I6HxEoO", "user": 4, "amount": 5600.0, "amount_paid": 5600.0, "paid": true, "timestamp": "2021-10-04T20:56:51.696", "payment_method": "upi", "razorpay_order_id": "order_I5JAo43Uzy9AXj", "signature": "089271ac5da9775986e6d6ff777aa04a56d60bf4d26335e9d0c0f0ab2c8e269d"}}, {"model": "room.roompayment", "pk": 3, "fields": {"order_id": "5_2021-10-07 10:52:39.837768", "payment_id": "pay_I6KUMp0selU8MF", "user": 5, "amount": 2800.0, "amount_paid": 2800.0, "paid": true, "timestamp": "2021-10-07T10:52:39.838", "payment_method": "upi", "razorpay_order_id": "order_I6KU42c8EoKoI0", "signature": "a08dbfcfe62dd03c4d153f8241ada1a944603e24557942de5fa4f973778727f3"}}, {"model": "room.roompayment", "pk": 4, "fields": {"order_id": "2_2021-10-08 16:26:30.237625", "payment_id": "pay_I6oi8z16GRt8fE", "user": 2, "amount": 8400.0, "amount_paid": 8400.0, "paid": true, "timestamp": "2021-10-08T16:26:30.238", "payment_method": "upi", "razorpay_order_id": "order_I6ohos4iKJ7SM5", "signature": "c915bc20a4300331eea625e2075bdd434ca6e8cf36324015f3847f5b463c016f"}}, {"model": "room.roompayment", "pk": 5, "fields": {"order_id": "16_2021-11-12 20:51:24.633646", "payment_id": "pay_IKjv0BrHHnB41x", "user": 16, "amount": 2800.0, "amount_paid": 2800.0, "paid": true, "timestamp": "2021-11-12T20:51:24.634", "payment_method": "upi", "razorpay_order_id": "order_IKjulbOMt2EAu8", "signature": "741dd0b026f8f2b94f834f02c7641c607c286cb68bbc3eafb055cb3f0e430eca"}}, {"model": "room.roompayment", "pk": 6, "fields": {"order_id": "16_2021-11-13 07:11:57.132752", "payment_id": "pay_IKuUZPs0jh4xTo", "user": 16, "amount": 2800.0, "amount_paid": 2800.0, "paid": true, "timestamp": "2021-11-13T07:11:57.133", "payment_method": "upi", "razorpay_order_id": "order_IKuUHEcckaNk7h", "signature": "072c97d678ce0c430c1f1b6ff999a24533043bc7b6fa6c1563aaa87f512ef386"}}, {"model": "room.roombooked", "pk": 1, "fields": {"user": 4, "name": "Jay", "phone_number": 7028466160, "room_type": 1, "check_in": "2021-10-12", "check_out": "2021-10-18", "is_booked": true, "is_confirmed": true, "is_booked_offline": false, "is_checked_out": true, "no_of_days": 6, "ordered_date_time": "2021-10-05T20:27:55.776", "payment": 1, "payment_method": "upi", "people_variation": 3, "is_rejected": false, "seen": false}}, {"model": "room.roombooked", "pk": 2, "fields": {"user": 4, "name": "test", "phone_number": 7028466160, "room_type": 1, "check_in": "2021-10-12", "check_out": "2021-10-14", "is_booked": true, "is_confirmed": false, "is_booked_offline": false, "is_checked_out": false, "no_of_days": 2, "ordered_date_time": "2021-10-11T12:27:12.354", "payment": 2, "payment_method": "upi", "people_variation": 3, "is_rejected": false, "seen": true}}, {"model": "room.roombooked", "pk": 3, "fields": {"user": 4, "name": "test", "phone_number": 7028466160, "room_type": 1, "check_in": "2021-10-15", "check_out": "2021-10-16", "is_booked": false, "is_confirmed": false, "is_booked_offline": false, "is_checked_out": false, "no_of_days": 1, "ordered_date_time": "2021-10-04T23:02:30.579", "payment": null, "payment_method": "Sample Payment Method", "people_variation": 3, "is_rejected": false, "seen": false}}, {"model": "room.roombooked", "pk": 4, "fields": {"user": 5, "name": "Amit Jain", "phone_number": 8275123023, "room_type": 1, "check_in": "2021-10-08", "check_out": "2021-10-09", "is_booked": true, "is_confirmed": true, "is_booked_offline": false, "is_checked_out": false, "no_of_days": 1, "ordered_date_time": "2021-10-07T20:10:03.272", "payment": 3, "payment_method": "upi", "people_variation": 1, "is_rejected": false, "seen": false}}, {"model": "room.roombooked", "pk": 6, "fields": {"user": 2, "name": "golden nest", "phone_number": 7028466160, "room_type": 1, "check_in": "2021-10-20", "check_out": "2021-10-23", "is_booked": true, "is_confirmed": false, "is_booked_offline": false, "is_checked_out": false, "no_of_days": 3, "ordered_date_time": "2021-10-12T19:16:50.716", "payment": 4, "payment_method": "upi", "people_variation": 3, "is_rejected": false, "seen": true}}, {"model": "room.roombooked", "pk": 7, "fields": {"user": 2, "name": "test test", "phone_number": 7028466160, "room_type": 4, "check_in": "2021-10-14", "check_out": "2021-10-16", "is_booked": false, "is_confirmed": false, "is_booked_offline": false, "is_checked_out": false, "no_of_days": 2, "ordered_date_time": "2021-10-12T19:25:53.259", "payment": null, "payment_method": "Sample Payment Method", "people_variation": 2, "is_rejected": false, "seen": false}}, {"model": "room.roombooked", "pk": 9, "fields": {"user": 11, "name": "Mahi Jakhete", "phone_number": 7410500032, "room_type": 1, "check_in": "2021-11-07", "check_out": "2021-11-08", "is_booked": false, "is_confirmed": false, "is_booked_offline": false, "is_checked_out": false, "no_of_days": 1, "ordered_date_time": "2021-10-24T08:09:37.314", "payment": null, "payment_method": "Sample Payment Method", "people_variation": 3, "is_rejected": false, "seen": false}}, {"model": "room.roombooked", "pk": 10, "fields": {"user": 12, "name": "Rashika Shaw", "phone_number": 9790703510, "room_type": 1, "check_in": "2021-10-28", "check_out": "2021-10-29", "is_booked": false, "is_confirmed": false, "is_booked_offline": false, "is_checked_out": false, "no_of_days": 1, "ordered_date_time": "2021-10-27T11:09:58.797", "payment": null, "payment_method": "Sample Payment Method", "people_variation": 2, "is_rejected": false, "seen": false}}, {"model": "room.roombooked", "pk": 11, "fields": {"user": 15, "name": "Aniket Patil", "phone_number": 8983194010, "room_type": 5, "check_in": "2021-11-18", "check_out": "2021-11-19", "is_booked": false, "is_confirmed": false, "is_booked_offline": false, "is_checked_out": false, "no_of_days": 1, "ordered_date_time": "2021-11-01T14:11:29.977", "payment": null, "payment_method": "Sample Payment Method", "people_variation": 2, "is_rejected": false, "seen": false}}, {"model": "room.roombooked", "pk": 13, "fields": {"user": 18, "name": "Nilesh Patil", "phone_number": 9272160234, "room_type": 1, "check_in": "2021-12-30", "check_out": "2022-01-02", "is_booked": false, "is_confirmed": false, "is_booked_offline": false, "is_checked_out": false, "no_of_days": 3, "ordered_date_time": "2021-11-08T17:32:49.123", "payment": null, "payment_method": "Sample Payment Method", "people_variation": 2, "is_rejected": false, "seen": false}}, {"model": "room.roombooked", "pk": 14, "fields": {"user": 16, "name": "Ankur Chavan", "phone_number": 8087960969, "room_type": 1, "check_in": "2021-11-13", "check_out": "2021-11-14", "is_booked": true, "is_confirmed": false, "is_booked_offline": false, "is_checked_out": false, "no_of_days": 1, "ordered_date_time": "2021-11-13T09:14:17.506", "payment": 5, "payment_method": "upi", "people_variation": 2, "is_rejected": false, "seen": true}}, {"model": "room.roombooked", "pk": 15, "fields": {"user": 16, "name": "Ankur Chavan", "phone_number": 8087960969, "room_type": 1, "check_in": "2021-11-13", "check_out": "2021-11-14", "is_booked": true, "is_confirmed": false, "is_booked_offline": false, "is_checked_out": false, "no_of_days": 1, "ordered_date_time": "2021-11-13T07:11:57.193", "payment": 6, "payment_method": "upi", "people_variation": 2, "is_rejected": false, "seen": false}}, {"model": "room.roombooked", "pk": 16, "fields": {"user": 3, "name": "Aniket Gavali", "phone_number": 9322861739, "room_type": 1, "check_in": "2021-12-12", "check_out": "2021-12-13", "is_booked": true, "is_confirmed": false, "is_booked_offline": false, "is_checked_out": false, "no_of_days": 2, "ordered_date_time": "2021-12-12T14:15:42.520", "payment": 3, "payment_method": "API Payment Call", "people_variation": 1, "is_rejected": true, "seen": false}}, {"model": "room.roombooked", "pk": 17, "fields": {"user": 3, "name": "test", "phone_number": 7412589656, "room_type": 1, "check_in": "2021-12-12", "check_out": "2021-12-13", "is_booked": true, "is_confirmed": true, "is_booked_offline": false, "is_checked_out": false, "no_of_days": 2, "ordered_date_time": "2021-12-12T14:15:58.555", "payment": 4, "payment_method": "API Payment Call", "people_variation": 1, "is_rejected": false, "seen": false}}, {"model": "room.roombooked", "pk": 19, "fields": {"user": 3, "name": "Aniket Gavali", "phone_number": 9322861739, "room_type": 1, "check_in": "2021-12-27", "check_out": "2021-12-29", "is_booked": false, "is_confirmed": false, "is_booked_offline": false, "is_checked_out": false, "no_of_days": 2, "ordered_date_time": "2021-12-25T20:34:43.147", "payment": null, "payment_method": "API Payment Call", "people_variation": 1, "is_rejected": false, "seen": false}}, {"model": "room.roombooked", "pk": 20, "fields": {"user": 3, "name": "test", "phone_number": 7774441115, "room_type": 4, "check_in": "2021-12-28", "check_out": "2021-12-29", "is_booked": false, "is_confirmed": false, "is_booked_offline": false, "is_checked_out": false, "no_of_days": 1, "ordered_date_time": "2021-12-25T20:41:25.670", "payment": null, "payment_method": "API Payment Call", "people_variation": 3, "is_rejected": false, "seen": false}}, {"model": "room.roombooked", "pk": 21, "fields": {"user": 3, "name": "test", "phone_number": 7774441115, "room_type": 4, "check_in": "2021-12-28", "check_out": "2021-12-29", "is_booked": false, "is_confirmed": false, "is_booked_offline": false, "is_checked_out": false, "no_of_days": 1, "ordered_date_time": "2021-12-25T20:42:13.853", "payment": null, "payment_method": "API Payment Call", "people_variation": 3, "is_rejected": false, "seen": false}}, {"model": "room.roombooked", "pk": 22, "fields": {"user": 3, "name": "Aniket Gavali", "phone_number": 9322861739, "room_type": 1, "check_in": "2021-12-27", "check_out": "2021-12-29", "is_booked": false, "is_confirmed": false, "is_booked_offline": false, "is_checked_out": false, "no_of_days": 2, "ordered_date_time": "2021-12-26T00:21:49.553", "payment": null, "payment_method": "API Payment Call", "people_variation": 1, "is_rejected": false, "seen": false}}, {"model": "room.roombooked", "pk": 23, "fields": {"user": 3, "name": "Aniket Gavali", "phone_number": 9322861739, "room_type": 1, "check_in": "2021-12-27", "check_out": "2021-12-29", "is_booked": false, "is_confirmed": false, "is_booked_offline": false, "is_checked_out": false, "no_of_days": 2, "ordered_date_time": "2021-12-26T00:22:12.962", "payment": null, "payment_method": "API Payment Call", "people_variation": 1, "is_rejected": false, "seen": false}}, {"model": "room.roombooked", "pk": 24, "fields": {"user": 3, "name": "Aniket Gavali", "phone_number": 9322861739, "room_type": 1, "check_in": "2021-12-27", "check_out": "2021-12-29", "is_booked": false, "is_confirmed": false, "is_booked_offline": false, "is_checked_out": false, "no_of_days": 2, "ordered_date_time": "2021-12-26T00:24:37.222", "payment": null, "payment_method": "API Payment Call", "people_variation": 1, "is_rejected": false, "seen": false}}, {"model": "room.roombooked", "pk": 25, "fields": {"user": 3, "name": "Aniket Gavali", "phone_number": 9322861739, "room_type": 1, "check_in": "2021-12-27", "check_out": "2021-12-29", "is_booked": false, "is_confirmed": false, "is_booked_offline": false, "is_checked_out": false, "no_of_days": 2, "ordered_date_time": "2021-12-26T00:25:39.401", "payment": null, "payment_method": "API Payment Call", "people_variation": 1, "is_rejected": false, "seen": false}}, {"model": "room.roombooked", "pk": 26, "fields": {"user": 3, "name": "Aniket Gavali", "phone_number": 9322861739, "room_type": 1, "check_in": "2021-12-27", "check_out": "2021-12-29", "is_booked": false, "is_confirmed": false, "is_booked_offline": false, "is_checked_out": false, "no_of_days": 2, "ordered_date_time": "2021-12-26T00:28:07.674", "payment": null, "payment_method": "API Payment Call", "people_variation": 1, "is_rejected": false, "seen": false}}, {"model": "room.roombooked", "pk": 27, "fields": {"user": 3, "name": "Aniket Gavali", "phone_number": 9322861739, "room_type": 1, "check_in": "2021-12-27", "check_out": "2021-12-29", "is_booked": false, "is_confirmed": false, "is_booked_offline": false, "is_checked_out": false, "no_of_days": 2, "ordered_date_time": "2021-12-26T00:28:20.502", "payment": null, "payment_method": "API Payment Call", "people_variation": 1, "is_rejected": false, "seen": false}}, {"model": "room.roombooked", "pk": 28, "fields": {"user": 3, "name": "Aniket Gavali", "phone_number": 9322861739, "room_type": 1, "check_in": "2021-12-27", "check_out": "2021-12-29", "is_booked": false, "is_confirmed": false, "is_booked_offline": false, "is_checked_out": false, "no_of_days": 2, "ordered_date_time": "2021-12-26T00:31:08.142", "payment": null, "payment_method": "API Payment Call", "people_variation": 1, "is_rejected": false, "seen": false}}, {"model": "room.roombooked", "pk": 29, "fields": {"user": 3, "name": "Aniket Gavali", "phone_number": 9322861739, "room_type": 1, "check_in": "2021-12-27", "check_out": "2021-12-29", "is_booked": false, "is_confirmed": false, "is_booked_offline": false, "is_checked_out": false, "no_of_days": 2, "ordered_date_time": "2021-12-26T00:32:08.418", "payment": null, "payment_method": "API Payment Call", "people_variation": 1, "is_rejected": false, "seen": false}}, {"model": "room.roombooked", "pk": 30, "fields": {"user": 3, "name": "Aniket Gavali", "phone_number": 9322861739, "room_type": 1, "check_in": "2021-12-27", "check_out": "2021-12-29", "is_booked": false, "is_confirmed": false, "is_booked_offline": false, "is_checked_out": false, "no_of_days": 2, "ordered_date_time": "2021-12-26T00:34:22.368", "payment": null, "payment_method": "API Payment Call", "people_variation": 1, "is_rejected": false, "seen": false}}, {"model": "room.roombooked", "pk": 31, "fields": {"user": 3, "name": "Aniket Gavali", "phone_number": 9322861739, "room_type": 1, "check_in": "2021-12-27", "check_out": "2021-12-29", "is_booked": false, "is_confirmed": false, "is_booked_offline": false, "is_checked_out": false, "no_of_days": 2, "ordered_date_time": "2021-12-26T00:35:21.370", "payment": null, "payment_method": "API Payment Call", "people_variation": 1, "is_rejected": false, "seen": false}}, {"model": "room.roombooked", "pk": 32, "fields": {"user": 3, "name": "Aniket Gavali", "phone_number": 9322861739, "room_type": 1, "check_in": "2021-12-27", "check_out": "2021-12-29", "is_booked": false, "is_confirmed": false, "is_booked_offline": false, "is_checked_out": false, "no_of_days": 2, "ordered_date_time": "2021-12-26T00:35:42.199", "payment": null, "payment_method": "API Payment Call", "people_variation": 1, "is_rejected": false, "seen": false}}, {"model": "room.roombooked", "pk": 33, "fields": {"user": 3, "name": "Aniket Gavali", "phone_number": 9322861739, "room_type": 1, "check_in": "2021-12-27", "check_out": "2021-12-29", "is_booked": false, "is_confirmed": false, "is_booked_offline": false, "is_checked_out": false, "no_of_days": 2, "ordered_date_time": "2021-12-26T00:36:01.957", "payment": null, "payment_method": "API Payment Call", "people_variation": 1, "is_rejected": false, "seen": false}}, {"model": "room.roombooked", "pk": 34, "fields": {"user": 3, "name": "Aniket Gavali", "phone_number": 9322861739, "room_type": 1, "check_in": "2021-12-27", "check_out": "2021-12-29", "is_booked": false, "is_confirmed": false, "is_booked_offline": false, "is_checked_out": false, "no_of_days": 2, "ordered_date_time": "2021-12-26T00:36:13.929", "payment": null, "payment_method": "API Payment Call", "people_variation": 1, "is_rejected": false, "seen": false}}, {"model": "room.roombooked", "pk": 35, "fields": {"user": 3, "name": "Aniket Gavali", "phone_number": 9322861739, "room_type": 1, "check_in": "2021-12-27", "check_out": "2021-12-29", "is_booked": false, "is_confirmed": false, "is_booked_offline": false, "is_checked_out": false, "no_of_days": 2, "ordered_date_time": "2021-12-26T00:37:35.711", "payment": null, "payment_method": "API Payment Call", "people_variation": 1, "is_rejected": false, "seen": false}}, {"model": "room.roombooked", "pk": 36, "fields": {"user": 3, "name": "Aniket Gavali", "phone_number": 9322861739, "room_type": 1, "check_in": "2021-12-27", "check_out": "2021-12-29", "is_booked": false, "is_confirmed": false, "is_booked_offline": false, "is_checked_out": false, "no_of_days": 2, "ordered_date_time": "2021-12-26T00:38:29.462", "payment": null, "payment_method": "API Payment Call", "people_variation": 1, "is_rejected": false, "seen": false}}, {"model": "room.roombooked", "pk": 37, "fields": {"user": 3, "name": "Aniket Gavali", "phone_number": 9322861739, "room_type": 1, "check_in": "2021-12-27", "check_out": "2021-12-29", "is_booked": false, "is_confirmed": false, "is_booked_offline": false, "is_checked_out": false, "no_of_days": 2, "ordered_date_time": "2021-12-26T00:40:22.366", "payment": null, "payment_method": "API Payment Call", "people_variation": 1, "is_rejected": false, "seen": false}}, {"model": "room.roombooked", "pk": 38, "fields": {"user": 3, "name": "Aniket Gavali", "phone_number": 9322861739, "room_type": 1, "check_in": "2021-12-27", "check_out": "2021-12-29", "is_booked": false, "is_confirmed": false, "is_booked_offline": false, "is_checked_out": false, "no_of_days": 2, "ordered_date_time": "2021-12-26T00:43:42.769", "payment": null, "payment_method": "API Payment Call", "people_variation": 1, "is_rejected": false, "seen": false}}, {"model": "room.roombooked", "pk": 39, "fields": {"user": 3, "name": "Aniket Gavali", "phone_number": 9322861739, "room_type": 1, "check_in": "2021-12-27", "check_out": "2021-12-29", "is_booked": false, "is_confirmed": false, "is_booked_offline": false, "is_checked_out": false, "no_of_days": 2, "ordered_date_time": "2021-12-26T00:45:37.848", "payment": null, "payment_method": "API Payment Call", "people_variation": 1, "is_rejected": false, "seen": false}}, {"model": "room.roombooked", "pk": 40, "fields": {"user": 3, "name": "test", "phone_number": 7774445558, "room_type": 1, "check_in": "2021-12-28", "check_out": "2021-12-30", "is_booked": false, "is_confirmed": false, "is_booked_offline": false, "is_checked_out": false, "no_of_days": 2, "ordered_date_time": "2021-12-26T00:51:43.062", "payment": null, "payment_method": "API Payment Call", "people_variation": 3, "is_rejected": false, "seen": false}}, {"model": "room.roombooked", "pk": 41, "fields": {"user": 3, "name": "Aniket Gavali", "phone_number": 9322861739, "room_type": 1, "check_in": "2021-12-27", "check_out": "2021-12-29", "is_booked": false, "is_confirmed": false, "is_booked_offline": false, "is_checked_out": false, "no_of_days": 2, "ordered_date_time": "2021-12-26T11:12:39.530", "payment": null, "payment_method": "API Payment Call", "people_variation": 1, "is_rejected": false, "seen": false}}, {"model": "room.roombooked", "pk": 42, "fields": {"user": 3, "name": "test", "phone_number": 7777777777, "room_type": 1, "check_in": "2021-12-30", "check_out": "2021-12-31", "is_booked": false, "is_confirmed": false, "is_booked_offline": false, "is_checked_out": false, "no_of_days": 1, "ordered_date_time": "2021-12-26T11:16:37.872", "payment": null, "payment_method": "API Payment Call", "people_variation": 3, "is_rejected": false, "seen": false}}, {"model": "room.roombooked", "pk": 43, "fields": {"user": 3, "name": "test", "phone_number": 7777777777, "room_type": 1, "check_in": "2021-12-30", "check_out": "2021-12-31", "is_booked": false, "is_confirmed": false, "is_booked_offline": false, "is_checked_out": false, "no_of_days": 1, "ordered_date_time": "2021-12-26T11:17:16.101", "payment": null, "payment_method": "API Payment Call", "people_variation": 3, "is_rejected": false, "seen": false}}, {"model": "room.roombooked", "pk": 44, "fields": {"user": 3, "name": "test", "phone_number": 8885554441, "room_type": 1, "check_in": "2021-12-28", "check_out": "2021-12-30", "is_booked": false, "is_confirmed": false, "is_booked_offline": false, "is_checked_out": false, "no_of_days": 2, "ordered_date_time": "2021-12-26T11:37:56.682", "payment": null, "payment_method": "API Payment Call", "people_variation": 3, "is_rejected": false, "seen": false}}, {"model": "room.roombooked", "pk": 45, "fields": {"user": 3, "name": "test", "phone_number": 8885554441, "room_type": 1, "check_in": "2021-12-28", "check_out": "2021-12-30", "is_booked": false, "is_confirmed": false, "is_booked_offline": false, "is_checked_out": false, "no_of_days": 2, "ordered_date_time": "2021-12-26T11:46:58.414", "payment": null, "payment_method": "API Payment Call", "people_variation": 3, "is_rejected": false, "seen": false}}, {"model": "room.roombooked", "pk": 46, "fields": {"user": 3, "name": "test", "phone_number": 8885554441, "room_type": 1, "check_in": "2021-12-28", "check_out": "2021-12-30", "is_booked": false, "is_confirmed": false, "is_booked_offline": false, "is_checked_out": false, "no_of_days": 2, "ordered_date_time": "2021-12-26T11:50:28.752", "payment": null, "payment_method": "API Payment Call", "people_variation": 3, "is_rejected": false, "seen": false}}, {"model": "room.roombooked", "pk": 47, "fields": {"user": 3, "name": "test", "phone_number": 8885554441, "room_type": 1, "check_in": "2021-12-28", "check_out": "2021-12-30", "is_booked": false, "is_confirmed": false, "is_booked_offline": false, "is_checked_out": false, "no_of_days": 2, "ordered_date_time": "2021-12-26T11:52:46.610", "payment": null, "payment_method": "API Payment Call", "people_variation": 3, "is_rejected": false, "seen": false}}, {"model": "room.roombooked", "pk": 48, "fields": {"user": 3, "name": "test", "phone_number": 8885554441, "room_type": 1, "check_in": "2021-12-28", "check_out": "2021-12-30", "is_booked": false, "is_confirmed": false, "is_booked_offline": false, "is_checked_out": false, "no_of_days": 2, "ordered_date_time": "2021-12-26T11:54:48.784", "payment": null, "payment_method": "API Payment Call", "people_variation": 3, "is_rejected": false, "seen": false}}, {"model": "room.roombooked", "pk": 49, "fields": {"user": 3, "name": "test", "phone_number": 8885554441, "room_type": 1, "check_in": "2021-12-28", "check_out": "2021-12-30", "is_booked": false, "is_confirmed": false, "is_booked_offline": false, "is_checked_out": false, "no_of_days": 2, "ordered_date_time": "2021-12-26T11:56:36.131", "payment": null, "payment_method": "API Payment Call", "people_variation": 3, "is_rejected": false, "seen": false}}, {"model": "room.roombooked", "pk": 50, "fields": {"user": 3, "name": "test", "phone_number": 8885554441, "room_type": 1, "check_in": "2021-12-28", "check_out": "2021-12-30", "is_booked": false, "is_confirmed": false, "is_booked_offline": false, "is_checked_out": false, "no_of_days": 2, "ordered_date_time": "2021-12-26T12:00:12.355", "payment": null, "payment_method": "API Payment Call", "people_variation": 3, "is_rejected": false, "seen": false}}, {"model": "room.roombooked", "pk": 51, "fields": {"user": 3, "name": "test", "phone_number": 8885554441, "room_type": 1, "check_in": "2021-12-28", "check_out": "2021-12-30", "is_booked": false, "is_confirmed": false, "is_booked_offline": false, "is_checked_out": false, "no_of_days": 2, "ordered_date_time": "2021-12-26T12:00:52.672", "payment": null, "payment_method": "API Payment Call", "people_variation": 3, "is_rejected": false, "seen": false}}, {"model": "room.roombooked", "pk": 52, "fields": {"user": 3, "name": "test", "phone_number": 8885554441, "room_type": 1, "check_in": "2021-12-28", "check_out": "2021-12-30", "is_booked": false, "is_confirmed": false, "is_booked_offline": false, "is_checked_out": false, "no_of_days": 2, "ordered_date_time": "2021-12-26T12:02:33.700", "payment": null, "payment_method": "API Payment Call", "people_variation": 3, "is_rejected": false, "seen": false}}, {"model": "room.roombooked", "pk": 53, "fields": {"user": 3, "name": "test", "phone_number": 8885554441, "room_type": 1, "check_in": "2021-12-28", "check_out": "2021-12-30", "is_booked": false, "is_confirmed": false, "is_booked_offline": false, "is_checked_out": false, "no_of_days": 2, "ordered_date_time": "2021-12-26T12:05:35.043", "payment": null, "payment_method": "API Payment Call", "people_variation": 3, "is_rejected": false, "seen": false}}, {"model": "room.roombooked", "pk": 54, "fields": {"user": 3, "name": "test", "phone_number": 8885554441, "room_type": 1, "check_in": "2021-12-28", "check_out": "2021-12-30", "is_booked": false, "is_confirmed": false, "is_booked_offline": false, "is_checked_out": false, "no_of_days": 2, "ordered_date_time": "2021-12-26T12:11:42.614", "payment": null, "payment_method": "API Payment Call", "people_variation": 3, "is_rejected": false, "seen": false}}, {"model": "room.roombooked", "pk": 55, "fields": {"user": 3, "name": "Aniket Gavali", "phone_number": 9322861739, "room_type": 1, "check_in": "2021-12-27", "check_out": "2021-12-29", "is_booked": false, "is_confirmed": false, "is_booked_offline": false, "is_checked_out": false, "no_of_days": 2, "ordered_date_time": "2021-12-26T12:29:17.937", "payment": null, "payment_method": "API Payment Call", "people_variation": 1, "is_rejected": false, "seen": false}}, {"model": "room.roombooked", "pk": 56, "fields": {"user": 3, "name": "test", "phone_number": 8885554441, "room_type": 1, "check_in": "2021-12-28", "check_out": "2021-12-30", "is_booked": false, "is_confirmed": false, "is_booked_offline": false, "is_checked_out": false, "no_of_days": 2, "ordered_date_time": "2021-12-26T12:31:05.430", "payment": null, "payment_method": "API Payment Call", "people_variation": 3, "is_rejected": false, "seen": false}}, {"model": "room.roombooked", "pk": 57, "fields": {"user": 3, "name": "test", "phone_number": 1455555555, "room_type": 1, "check_in": "2021-12-29", "check_out": "2021-12-31", "is_booked": false, "is_confirmed": false, "is_booked_offline": false, "is_checked_out": false, "no_of_days": 2, "ordered_date_time": "2021-12-26T12:31:36.378", "payment": null, "payment_method": "API Payment Call", "people_variation": 1, "is_rejected": false, "seen": false}}, {"model": "room.roombooked", "pk": 58, "fields": {"user": 3, "name": "test", "phone_number": 1455555555, "room_type": 1, "check_in": "2021-12-29", "check_out": "2021-12-31", "is_booked": false, "is_confirmed": false, "is_booked_offline": false, "is_checked_out": false, "no_of_days": 2, "ordered_date_time": "2021-12-26T12:33:32.580", "payment": null, "payment_method": "API Payment Call", "people_variation": 1, "is_rejected": false, "seen": false}}, {"model": "room.roombooked", "pk": 59, "fields": {"user": 3, "name": "test", "phone_number": 1455555555, "room_type": 1, "check_in": "2021-12-29", "check_out": "2021-12-31", "is_booked": false, "is_confirmed": false, "is_booked_offline": false, "is_checked_out": false, "no_of_days": 2, "ordered_date_time": "2021-12-26T12:37:03.316", "payment": null, "payment_method": "API Payment Call", "people_variation": 1, "is_rejected": false, "seen": false}}, {"model": "room.roombooked", "pk": 60, "fields": {"user": 3, "name": "test", "phone_number": 1455555555, "room_type": 1, "check_in": "2021-12-29", "check_out": "2021-12-31", "is_booked": false, "is_confirmed": false, "is_booked_offline": false, "is_checked_out": false, "no_of_days": 2, "ordered_date_time": "2021-12-26T12:37:48.533", "payment": null, "payment_method": "API Payment Call", "people_variation": 1, "is_rejected": false, "seen": false}}, {"model": "room.roombooked", "pk": 61, "fields": {"user": 3, "name": "Aniket Gavali", "phone_number": 9322861739, "room_type": 1, "check_in": "2021-12-27", "check_out": "2021-12-29", "is_booked": false, "is_confirmed": false, "is_booked_offline": false, "is_checked_out": false, "no_of_days": 2, "ordered_date_time": "2021-12-26T12:55:03.995", "payment": null, "payment_method": "API Payment Call", "people_variation": 1, "is_rejected": false, "seen": false}}, {"model": "room.roombooked", "pk": 62, "fields": {"user": 3, "name": "test", "phone_number": 1455555555, "room_type": 1, "check_in": "2021-12-29", "check_out": "2021-12-31", "is_booked": false, "is_confirmed": false, "is_booked_offline": false, "is_checked_out": false, "no_of_days": 2, "ordered_date_time": "2021-12-26T12:58:38.312", "payment": null, "payment_method": "API Payment Call", "people_variation": 1, "is_rejected": false, "seen": false}}, {"model": "room.roombooked", "pk": 63, "fields": {"user": 3, "name": "Aniket Gavali", "phone_number": 9322861739, "room_type": 1, "check_in": "2021-12-27", "check_out": "2021-12-29", "is_booked": false, "is_confirmed": false, "is_booked_offline": false, "is_checked_out": false, "no_of_days": 2, "ordered_date_time": "2021-12-26T17:21:00.082", "payment": null, "payment_method": "API Payment Call", "people_variation": 1, "is_rejected": false, "seen": false}}, {"model": "room.roombooked", "pk": 64, "fields": {"user": 3, "name": "test", "phone_number": 7774441258, "room_type": 1, "check_in": "2021-12-26", "check_out": "2021-12-28", "is_booked": false, "is_confirmed": false, "is_booked_offline": false, "is_checked_out": false, "no_of_days": 2, "ordered_date_time": "2021-12-26T17:59:32.892", "payment": null, "payment_method": "API Payment Call", "people_variation": 3, "is_rejected": false, "seen": false}}, {"model": "room.roombooked", "pk": 65, "fields": {"user": 3, "name": "test", "phone_number": 7774441258, "room_type": 1, "check_in": "2021-12-26", "check_out": "2021-12-28", "is_booked": false, "is_confirmed": false, "is_booked_offline": false, "is_checked_out": false, "no_of_days": 2, "ordered_date_time": "2021-12-26T18:00:37.660", "payment": null, "payment_method": "API Payment Call", "people_variation": 3, "is_rejected": false, "seen": false}}, {"model": "room.roombooked", "pk": 66, "fields": {"user": 3, "name": "test", "phone_number": 7774441258, "room_type": 1, "check_in": "2021-12-26", "check_out": "2021-12-28", "is_booked": false, "is_confirmed": false, "is_booked_offline": false, "is_checked_out": false, "no_of_days": 2, "ordered_date_time": "2021-12-26T18:12:13.797", "payment": null, "payment_method": "API Payment Call", "people_variation": 3, "is_rejected": false, "seen": false}}, {"model": "room.roombooked", "pk": 67, "fields": {"user": 3, "name": "test", "phone_number": 7774441258, "room_type": 1, "check_in": "2021-12-26", "check_out": "2021-12-28", "is_booked": false, "is_confirmed": false, "is_booked_offline": false, "is_checked_out": false, "no_of_days": 2, "ordered_date_time": "2021-12-26T18:12:51.043", "payment": null, "payment_method": "API Payment Call", "people_variation": 3, "is_rejected": false, "seen": false}}, {"model": "room.roombooked", "pk": 68, "fields": {"user": 3, "name": "test", "phone_number": 7774441258, "room_type": 1, "check_in": "2021-12-26", "check_out": "2021-12-28", "is_booked": false, "is_confirmed": false, "is_booked_offline": false, "is_checked_out": false, "no_of_days": 2, "ordered_date_time": "2021-12-26T18:13:09.984", "payment": null, "payment_method": "API Payment Call", "people_variation": 3, "is_rejected": false, "seen": false}}, {"model": "room.roombooked", "pk": 69, "fields": {"user": 3, "name": "test", "phone_number": 7774441258, "room_type": 1, "check_in": "2021-12-26", "check_out": "2021-12-28", "is_booked": false, "is_confirmed": false, "is_booked_offline": false, "is_checked_out": false, "no_of_days": 2, "ordered_date_time": "2021-12-26T18:15:48.823", "payment": null, "payment_method": "API Payment Call", "people_variation": 3, "is_rejected": false, "seen": false}}, {"model": "room.roombooked", "pk": 70, "fields": {"user": 3, "name": "test", "phone_number": 7774441258, "room_type": 1, "check_in": "2021-12-26", "check_out": "2021-12-28", "is_booked": false, "is_confirmed": false, "is_booked_offline": false, "is_checked_out": false, "no_of_days": 2, "ordered_date_time": "2021-12-26T18:17:48.344", "payment": null, "payment_method": "API Payment Call", "people_variation": 3, "is_rejected": false, "seen": false}}, {"model": "room.roombooked", "pk": 71, "fields": {"user": 3, "name": "test", "phone_number": 7774441258, "room_type": 1, "check_in": "2021-12-26", "check_out": "2021-12-28", "is_booked": false, "is_confirmed": false, "is_booked_offline": false, "is_checked_out": false, "no_of_days": 2, "ordered_date_time": "2021-12-26T18:18:41.347", "payment": null, "payment_method": "API Payment Call", "people_variation": 3, "is_rejected": false, "seen": false}}, {"model": "room.roombooked", "pk": 72, "fields": {"user": 3, "name": "test", "phone_number": 7774441258, "room_type": 1, "check_in": "2021-12-26", "check_out": "2021-12-28", "is_booked": false, "is_confirmed": false, "is_booked_offline": false, "is_checked_out": false, "no_of_days": 2, "ordered_date_time": "2021-12-26T18:19:33.633", "payment": null, "payment_method": "API Payment Call", "people_variation": 3, "is_rejected": false, "seen": false}}, {"model": "room.roombooked", "pk": 73, "fields": {"user": 3, "name": "test", "phone_number": 7774441112, "room_type": 1, "check_in": "2021-12-26", "check_out": "2021-12-28", "is_booked": false, "is_confirmed": false, "is_booked_offline": false, "is_checked_out": false, "no_of_days": 2, "ordered_date_time": "2021-12-26T18:28:31.130", "payment": null, "payment_method": "API Payment Call", "people_variation": 3, "is_rejected": false, "seen": false}}, {"model": "room.roombooked", "pk": 74, "fields": {"user": 3, "name": "test", "phone_number": 7774441112, "room_type": 1, "check_in": "2021-12-26", "check_out": "2021-12-28", "is_booked": false, "is_confirmed": false, "is_booked_offline": false, "is_checked_out": false, "no_of_days": 2, "ordered_date_time": "2021-12-26T18:53:36.334", "payment": null, "payment_method": "API Payment Call", "people_variation": 3, "is_rejected": false, "seen": false}}, {"model": "room.reviewroom", "pk": 1, "fields": {"user": 5, "product": 1, "date": "2021-10-07T10:54:38.386", "review_description": "adasdf", "rating": 4.0, "is_published": false, "is_seen": false}}]